line_id,sequence,stop_name,sloid,didok,lat,lon,via,junction
aare-seeland-mobil-ltb:FUN-2016,1,Ligerz (Talstation),ch:1:sloid:4356,8504356,47.08394614,7.13469846,backbone,
aare-seeland-mobil-ltb:FUN-2016,2,Ligerz Pilgerweg,ch:1:sloid:4358,8504358,47.08515727,7.13314438,backbone,
aare-seeland-mobil-ltb:FUN-2016,3,Ligerz Festi,ch:1:sloid:4357,8504357,47.08715128,7.13203945,backbone,
aare-seeland-mobil-ltb:FUN-2016,4,Prêles,ch:1:sloid:4359,8504359,47.09273535,7.13079978,backbone,
arc-jurassien:R13,1,Yverdon-les-Bains,ch:1:sloid:4200,8504200,46.78154335,6.64094845,backbone,
arc-jurassien:R13,2,Concise,ch:1:sloid:4203,8504203,46.85088142,6.72315328,backbone,
arc-jurassien:R13,3,Gorgier-St-Aubin,ch:1:sloid:4205,8504205,46.89907454,6.78102275,backbone,
arc-jurassien:R13,4,Bevaix,ch:1:sloid:4206,8504206,46.92969471,6.81168225,backbone,
arc-jurassien:R13,5,Boudry,ch:1:sloid:4208,8504208,46.95945742,6.83504743,backbone,
arc-jurassien:R13,6,Colombier NE,ch:1:sloid:4209,8504209,46.96765413,6.84887251,backbone,
arc-jurassien:R13,7,Auvernier,ch:1:sloid:4219,8504219,46.97964346,6.87770843,backbone,
arc-jurassien:R13,8,Neuchâtel-Serrières,ch:1:sloid:4220,8504220,46.98396411,6.90336431,backbone,
arc-jurassien:R13,9,Neuchâtel,ch:1:sloid:4221,8504221,46.99672791,6.93570366,backbone,
arc-jurassien:R13,10,St-Blaise CFF,ch:1:sloid:4222,8504222,47.01457863,6.98211063,backbone,
arc-jurassien:R13,11,Cornaux NE,ch:1:sloid:4223,8504223,47.03857029,7.02337025,backbone,
arc-jurassien:R13,12,Cressier NE,ch:1:sloid:4224,8504224,47.05195146,7.03953094,backbone,
arc-jurassien:R13,13,Le Landeron,ch:1:sloid:4225,8504225,47.05663347,7.06633667,backbone,
arc-jurassien:R13,14,La Neuveville,ch:1:sloid:4226,8504226,47.06283267,7.09523547,backbone,
arc-jurassien:R13,15,Twann,ch:1:sloid:4228,8504228,47.09366495,7.15650058,backbone,
arc-jurassien:R13,16,Tüscherz,ch:1:sloid:4229,8504229,47.11501075,7.19732002,backbone,
arc-jurassien:R13,17,Biel/Bienne,ch:1:sloid:4300,8504300,47.13289524,7.24290952,backbone,
arc-jurassien:R16,1,Neuchâtel,ch:1:sloid:4221,8504221,46.99672791,6.93570366,backbone,
arc-jurassien:R16,2,St-Blaise CFF,ch:1:sloid:4222,8504222,47.01457863,6.98211063,backbone,
arc-jurassien:R16,3,Cornaux NE,ch:1:sloid:4223,8504223,47.03857029,7.02337025,backbone,
arc-jurassien:R16,4,Cressier NE,ch:1:sloid:4224,8504224,47.05195146,7.03953094,backbone,
arc-jurassien:R16,5,Le Landeron,ch:1:sloid:4225,8504225,47.05663347,7.06633667,backbone,
arc-jurassien:R16,6,La Neuveville,ch:1:sloid:4226,8504226,47.06283267,7.09523547,backbone,
arc-jurassien:R16,7,Twann,ch:1:sloid:4228,8504228,47.09366495,7.15650058,backbone,
arc-jurassien:R16,8,Tüscherz,ch:1:sloid:4229,8504229,47.11501075,7.19732002,backbone,
arc-jurassien:R16,9,Biel/Bienne,ch:1:sloid:4300,8504300,47.13289524,7.24290952,backbone,
arc-jurassien:R20,1,La Chaux-de-Fonds,ch:1:sloid:4314,8504314,47.09837387,6.82598343,backbone,
arc-jurassien:R20,2,La Chaux-de-Fonds Les Forges,ch:1:sloid:4321,8504321,47.0913348,6.8127782,backbone,
arc-jurassien:R20,3,Le Crêt-du-Locle,ch:1:sloid:4315,8504315,47.07723552,6.78458008,backbone,
arc-jurassien:R20,4,Le Locle,ch:1:sloid:4316,8504316,47.05786357,6.74615015,backbone,
arc-jurassien:R23,1,Neuchâtel,ch:1:sloid:4221,8504221,46.99672791,6.93570366,backbone,
arc-jurassien:R23,2,Les Deurres,ch:1:sloid:4231,8504231,46.98552681,6.89915121,backbone,
arc-jurassien:R23,3,Corcelles-Peseux,ch:1:sloid:4232,8504232,46.98335127,6.88381697,backbone,
arc-jurassien:R41,1,Biel/Bienne,ch:1:sloid:4300,8504300,47.13289524,7.24290952,backbone,
arc-jurassien:R41,2,Frinvillier-Taubenloch,ch:1:sloid:4301,8504301,47.16945844,7.25752511,backbone,
arc-jurassien:R41,3,Reuchenette-Péry,ch:1:sloid:4302,8504302,47.18973604,7.24702381,backbone,
arc-jurassien:R41,4,La Heutte,ch:1:sloid:4303,8504303,47.18949185,7.22539238,backbone,
arc-jurassien:R41,5,Sonceboz-Sombeval,ch:1:sloid:4304,8504304,47.19515064,7.16876258,backbone,
arc-jurassien:R41,6,Corgémont,ch:1:sloid:4305,8504305,47.19339874,7.14466078,backbone,
arc-jurassien:R41,7,Cortébert,ch:1:sloid:4306,8504306,47.18933923,7.10730883,backbone,
arc-jurassien:R41,8,Courtelary,ch:1:sloid:4307,8504307,47.1756323,7.06880704,backbone,
arc-jurassien:R41,9,Cormoret,ch:1:sloid:4308,8504308,47.17294544,7.05411958,backbone,
arc-jurassien:R41,10,Villeret,ch:1:sloid:4309,8504309,47.16020547,7.01967818,backbone,
arc-jurassien:R41,11,St-Imier,ch:1:sloid:4310,8504310,47.15170842,7.00122678,backbone,
arc-jurassien:R41,12,Sonvilier,ch:1:sloid:4311,8504311,47.14134031,6.96935455,backbone,
arc-jurassien:R41,13,Renan BE,ch:1:sloid:4312,8504312,47.12572016,6.92538202,backbone,
arc-jurassien:R41,14,La Chaux-de-Fonds,ch:1:sloid:4314,8504314,47.09837387,6.82598343,backbone,
arc-jurassien:R42,1,Moutier,ch:1:sloid:105,8500105,47.28067307,7.38104346,backbone,
arc-jurassien:R42,2,Court,ch:1:sloid:104,8500104,47.24060047,7.34211048,backbone,
arc-jurassien:R42,3,Sorvilier,ch:1:sloid:103,8500103,47.23935629,7.30579159,backbone,
arc-jurassien:R42,4,Malleray-Bévilard,ch:1:sloid:102,8500102,47.23871589,7.27594956,backbone,
arc-jurassien:R42,5,Pontenet,ch:1:sloid:135,8500135,47.23885007,7.25415643,backbone,
arc-jurassien:R42,6,Reconvilier,ch:1:sloid:101,8500101,47.23523931,7.22741358,backbone,
arc-jurassien:R42,7,Tavannes,ch:1:sloid:100,8500100,47.21984201,7.20164092,backbone,
arc-jurassien:R42,8,Sonceboz-Sombeval,ch:1:sloid:4304,8504304,47.19515064,7.16876258,backbone,
arc-jurassien:R42,9,La Heutte,ch:1:sloid:4303,8504303,47.18949185,7.22539238,backbone,
arc-jurassien:R42,10,Reuchenette-Péry,ch:1:sloid:4302,8504302,47.18973604,7.24702381,backbone,
arc-jurassien:R42,11,Frinvillier-Taubenloch,ch:1:sloid:4301,8504301,47.16945844,7.25752511,backbone,
arc-jurassien:R42,12,Biel/Bienne,ch:1:sloid:4300,8504300,47.13289524,7.24290952,backbone,
arc-jurassien:R:8500105-8504304,1,Moutier,ch:1:sloid:105,8500105,47.28067307,7.38104346,backbone,
arc-jurassien:R:8500105-8504304,2,Court,ch:1:sloid:104,8500104,47.24060047,7.34211048,backbone,
arc-jurassien:R:8500105-8504304,3,Sorvilier,ch:1:sloid:103,8500103,47.23935629,7.30579159,backbone,
arc-jurassien:R:8500105-8504304,4,Malleray-Bévilard,ch:1:sloid:102,8500102,47.23871589,7.27594956,backbone,
arc-jurassien:R:8500105-8504304,5,Pontenet,ch:1:sloid:135,8500135,47.23885007,7.25415643,backbone,
arc-jurassien:R:8500105-8504304,6,Reconvilier,ch:1:sloid:101,8500101,47.23523931,7.22741358,backbone,
arc-jurassien:R:8500105-8504304,7,Tavannes,ch:1:sloid:100,8500100,47.21984201,7.20164092,backbone,
arc-jurassien:R:8500105-8504304,8,Sonceboz-Sombeval,ch:1:sloid:4304,8504304,47.19515064,7.16876258,backbone,
arc-jurassien:R:8504300-8504304,1,Biel/Bienne,ch:1:sloid:4300,8504300,47.13289524,7.24290952,backbone,
arc-jurassien:R:8504300-8504304,2,Frinvillier-Taubenloch,ch:1:sloid:4301,8504301,47.16945844,7.25752511,backbone,
arc-jurassien:R:8504300-8504304,3,Reuchenette-Péry,ch:1:sloid:4302,8504302,47.18973604,7.24702381,backbone,
arc-jurassien:R:8504300-8504304,4,La Heutte,ch:1:sloid:4303,8504303,47.18949185,7.22539238,backbone,
arc-jurassien:R:8504300-8504304,5,Sonceboz-Sombeval,ch:1:sloid:4304,8504304,47.19515064,7.16876258,backbone,
arc-jurassien:R:8504304-8504314,1,Sonceboz-Sombeval,ch:1:sloid:4304,8504304,47.19515064,7.16876258,backbone,
arc-jurassien:R:8504304-8504314,2,Corgémont,ch:1:sloid:4305,8504305,47.19339874,7.14466078,backbone,
arc-jurassien:R:8504304-8504314,3,Cortébert,ch:1:sloid:4306,8504306,47.18933923,7.10730883,backbone,
arc-jurassien:R:8504304-8504314,4,Courtelary,ch:1:sloid:4307,8504307,47.1756323,7.06880704,backbone,
arc-jurassien:R:8504304-8504314,5,Cormoret,ch:1:sloid:4308,8504308,47.17294544,7.05411958,backbone,
arc-jurassien:R:8504304-8504314,6,Villeret,ch:1:sloid:4309,8504309,47.16020547,7.01967818,backbone,
arc-jurassien:R:8504304-8504314,7,St-Imier,ch:1:sloid:4310,8504310,47.15170842,7.00122678,backbone,
arc-jurassien:R:8504304-8504314,8,Sonvilier,ch:1:sloid:4311,8504311,47.14134031,6.96935455,backbone,
arc-jurassien:R:8504304-8504314,9,Renan BE,ch:1:sloid:4312,8504312,47.12572016,6.92538202,backbone,
arc-jurassien:R:8504304-8504314,10,La Chaux-de-Fonds,ch:1:sloid:4314,8504314,47.09837387,6.82598343,backbone,
arc-jurassien:RE-N5,1,Lausanne,ch:1:sloid:1120,8501120,46.5167931,6.62909069,backbone,
arc-jurassien:RE-N5,2,Renens VD,ch:1:sloid:1118,8501118,46.53704052,6.57893775,backbone,
arc-jurassien:RE-N5,3,Yverdon-les-Bains,ch:1:sloid:4200,8504200,46.78154335,6.64094845,backbone,
arc-jurassien:RE-N5,4,Neuchâtel,ch:1:sloid:4221,8504221,46.99672791,6.93570366,backbone,
arc-jurassien:RE-N5,5,Biel/Bienne,ch:1:sloid:4300,8504300,47.13289524,7.24290952,backbone,
arc-jurassien:RE4,1,Biel/Bienne,ch:1:sloid:4300,8504300,47.13289524,7.24290952,backbone,
arc-jurassien:RE4,2,Sonceboz-Sombeval,ch:1:sloid:4304,8504304,47.19515064,7.16876258,backbone,
arc-jurassien:RE4,3,Courtelary,ch:1:sloid:4307,8504307,47.1756323,7.06880704,backbone,
arc-jurassien:RE4,4,St-Imier,ch:1:sloid:4310,8504310,47.15170842,7.00122678,backbone,
arc-jurassien:RE4,5,La Chaux-de-Fonds,ch:1:sloid:4314,8504314,47.09837387,6.82598343,backbone,
arc-jurassien:RE56,1,Delémont,ch:1:sloid:109,8500109,47.36201119,7.35006057,backbone,
arc-jurassien:RE56,2,Moutier,ch:1:sloid:105,8500105,47.28067307,7.38104346,backbone,
arc-jurassien:RE56,3,Grenchen Nord,ch:1:sloid:159,8500159,47.19169561,7.38962238,backbone,
arc-jurassien:RE56,4,Biel/Bienne,ch:1:sloid:4300,8504300,47.13289524,7.24290952,backbone,
arc-jurassien:RE6,1,Neuchâtel,ch:1:sloid:4221,8504221,46.99672791,6.93570366,backbone,
arc-jurassien:RE6,2,Chambrelien,ch:1:sloid:4234,8504234,46.96710854,6.81225718,backbone,
arc-jurassien:RE6,3,Les Geneveys-sur-Coffrane,ch:1:sloid:4236,8504236,47.01509311,6.85322035,backbone,
arc-jurassien:RE6,4,Les Hauts-Geneveys,ch:1:sloid:4237,8504237,47.04717723,6.87467212,backbone,
arc-jurassien:RE6,5,La Chaux-de-Fonds,ch:1:sloid:4314,8504314,47.09837387,6.82598343,backbone,
arc-jurassien:RE:8500128-8504300,1,Boncourt,ch:1:sloid:128,8500128,47.49263108,7.01655204,backbone,
arc-jurassien:RE:8500128-8504300,2,Buix,ch:1:sloid:144,8500144,47.4793305,7.02996389,backbone,
arc-jurassien:RE:8500128-8504300,3,Courtemaîche,ch:1:sloid:127,8500127,47.45587176,7.05537722,backbone,
arc-jurassien:RE:8500128-8504300,4,Courchavon,ch:1:sloid:141,8500141,47.43977312,7.05764996,backbone,
arc-jurassien:RE:8500128-8504300,5,Porrentruy,ch:1:sloid:126,8500126,47.42091626,7.08008089,backbone,
arc-jurassien:RE:8500128-8504300,6,Courgenay,ch:1:sloid:125,8500125,47.40522643,7.12420614,backbone,
arc-jurassien:RE:8500128-8504300,7,St-Ursanne,ch:1:sloid:124,8500124,47.36770023,7.16595984,backbone,
arc-jurassien:RE:8500128-8504300,8,Glovelier,ch:1:sloid:123,8500123,47.33521274,7.20931253,backbone,
arc-jurassien:RE:8500128-8504300,9,Bassecourt,ch:1:sloid:122,8500122,47.336686,7.24684414,backbone,
arc-jurassien:RE:8500128-8504300,10,Courfaivre,ch:1:sloid:121,8500121,47.33508489,7.29116702,backbone,
arc-jurassien:RE:8500128-8504300,11,Courtételle,ch:1:sloid:120,8500120,47.34282822,7.3179458,backbone,
arc-jurassien:RE:8500128-8504300,12,Delémont,ch:1:sloid:109,8500109,47.36201119,7.35006057,backbone,
arc-jurassien:RE:8500128-8504300,13,Moutier,ch:1:sloid:105,8500105,47.28067307,7.38104346,backbone,
arc-jurassien:RE:8500128-8504300,14,Grenchen Nord,ch:1:sloid:159,8500159,47.19169561,7.38962238,backbone,
arc-jurassien:RE:8500128-8504300,15,Biel/Bienne,ch:1:sloid:4300,8504300,47.13289524,7.24290952,backbone,
arc-jurassien:RE:8501579-8504221,1,Le Châble VS,ch:1:sloid:1579,8501579,46.07934225,7.21486412,backbone,
arc-jurassien:RE:8501579-8504221,2,Etiez,ch:1:sloid:1580,8501580,46.08295003,7.16057893,backbone,
arc-jurassien:RE:8501579-8504221,3,Sembrancher,ch:1:sloid:1576,8501576,46.07693069,7.14582859,backbone,
arc-jurassien:RE:8501579-8504221,4,Bovernier,ch:1:sloid:1575,8501575,46.07869419,7.082156,backbone,
arc-jurassien:RE:8501579-8504221,5,Martigny-Croix,ch:1:sloid:1573,8501573,46.08670711,7.05850336,backbone,
arc-jurassien:RE:8501579-8504221,6,Martigny-Bourg,ch:1:sloid:1572,8501572,46.0930431,7.0697323,backbone,
arc-jurassien:RE:8501579-8504221,7,Martigny,ch:1:sloid:1500,8501500,46.10583124,7.0791197,backbone,
arc-jurassien:RE:8501579-8504221,8,Yverdon-les-Bains,ch:1:sloid:4200,8504200,46.78154335,6.64094845,backbone,
arc-jurassien:RE:8501579-8504221,9,Gorgier-St-Aubin,ch:1:sloid:4205,8504205,46.89907454,6.78102275,backbone,
arc-jurassien:RE:8501579-8504221,10,Boudry,ch:1:sloid:4208,8504208,46.95945742,6.83504743,backbone,
arc-jurassien:RE:8501579-8504221,11,Auvernier,ch:1:sloid:4219,8504219,46.97964346,6.87770843,backbone,
arc-jurassien:RE:8501579-8504221,12,Neuchâtel,ch:1:sloid:4221,8504221,46.99672791,6.93570366,backbone,
arc-jurassien:RE:8504300-8504314,1,Biel/Bienne,ch:1:sloid:4300,8504300,47.13289524,7.24290952,backbone,
arc-jurassien:RE:8504300-8504314,2,Sonceboz-Sombeval,ch:1:sloid:4304,8504304,47.19515064,7.16876258,backbone,
arc-jurassien:RE:8504300-8504314,3,Corgémont,ch:1:sloid:4305,8504305,47.19339874,7.14466078,backbone,
arc-jurassien:RE:8504300-8504314,4,Cortébert,ch:1:sloid:4306,8504306,47.18933923,7.10730883,backbone,
arc-jurassien:RE:8504300-8504314,5,Courtelary,ch:1:sloid:4307,8504307,47.1756323,7.06880704,backbone,
arc-jurassien:RE:8504300-8504314,6,Cormoret,ch:1:sloid:4308,8504308,47.17294544,7.05411958,backbone,
arc-jurassien:RE:8504300-8504314,7,Villeret,ch:1:sloid:4309,8504309,47.16020547,7.01967818,backbone,
arc-jurassien:RE:8504300-8504314,8,St-Imier,ch:1:sloid:4310,8504310,47.15170842,7.00122678,backbone,
arc-jurassien:RE:8504300-8504314,9,Sonvilier,ch:1:sloid:4311,8504311,47.14134031,6.96935455,backbone,
arc-jurassien:RE:8504300-8504314,10,Renan BE,ch:1:sloid:4312,8504312,47.12572016,6.92538202,backbone,
arc-jurassien:RE:8504300-8504314,11,La Chaux-de-Fonds,ch:1:sloid:4314,8504314,47.09837387,6.82598343,backbone,
arc-jurassien:S37,1,Biel/Bienne,ch:1:sloid:4300,8504300,47.13289524,7.24290952,backbone,
arc-jurassien:S37,2,Nidau,ch:1:sloid:4461,8504461,47.12384984,7.24219087,backbone,
arc-jurassien:S37,3,Nidau Beunden,ch:1:sloid:4469,8504469,47.11982169,7.24032238,backbone,
arc-jurassien:S37,4,Ipsach,ch:1:sloid:4471,8504471,47.11737043,7.23548046,backbone,
arc-jurassien:S37,5,Ipsach Herdi,ch:1:sloid:4470,8504470,47.11236974,7.22893174,backbone,
arc-jurassien:S37,6,Sutz,ch:1:sloid:4472,8504472,47.10187165,7.21941858,backbone,
arc-jurassien:S37,7,Lattrigen,ch:1:sloid:4462,8504462,47.09694901,7.21443293,backbone,
arc-jurassien:S37,8,Mörigen,ch:1:sloid:4474,8504474,47.08565272,7.21223206,backbone,
arc-jurassien:S37,9,Gerolfingen,ch:1:sloid:4475,8504475,47.07497807,7.20124566,backbone,
arc-jurassien:S37,10,Täuffelen,ch:1:sloid:4463,8504463,47.06651023,7.19855071,backbone,
arc-jurassien:S37,11,Hagneck,ch:1:sloid:4464,8504464,47.05827972,7.18806738,backbone,
arc-jurassien:S37,12,Lüscherz,ch:1:sloid:4465,8504465,47.04802806,7.17735047,backbone,
arc-jurassien:S37,13,Siselen-Finsterhennen,ch:1:sloid:4466,8504466,47.03114983,7.18038678,backbone,
arc-jurassien:S37,14,Brüttelen,ch:1:sloid:4467,8504467,47.02059899,7.14829896,backbone,
arc-jurassien:S37,15,Ins Dorf,ch:1:sloid:4468,8504468,47.0055805,7.10680577,backbone,
arc-jurassien:S37,16,Ins,ch:1:sloid:4483,8504483,46.99982801,7.09956535,backbone,
association-neuchateloise-des-amis-du-tramway-anat:R:8504398-8504511,1,Neuchâtel Place Pury Littorail,ch:1:sloid:4398,8504398,46.98941192,6.92818476,backbone,
association-neuchateloise-des-amis-du-tramway-anat:R:8504398-8504511,2,Neuchâtel Evole,ch:1:sloid:30708,8530708,46.9896509,6.92336979,backbone,
association-neuchateloise-des-amis-du-tramway-anat:R:8504398-8504511,3,Neuchâtel Port-de-Serrières,ch:1:sloid:4509,8504509,46.9808876,6.90482857,backbone,
association-neuchateloise-des-amis-du-tramway-anat:R:8504398-8504511,4,Auvernier Littorail,ch:1:sloid:4510,8504510,46.97423756,6.8788942,backbone,
association-neuchateloise-des-amis-du-tramway-anat:R:8504398-8504511,5,Colombier NE Littorail,ch:1:sloid:4325,8504325,46.96587021,6.86541947,backbone,
association-neuchateloise-des-amis-du-tramway-anat:R:8504398-8504511,6,Areuse Littorail,ch:1:sloid:95245,8595245,46.95449709,6.85305866,backbone,
association-neuchateloise-des-amis-du-tramway-anat:R:8504398-8504511,7,Areuse Les Isles Littorail,ch:1:sloid:94231,8594231,46.95422117,6.84857606,backbone,
association-neuchateloise-des-amis-du-tramway-anat:R:8504398-8504511,8,Boudry Littorail,ch:1:sloid:4511,8504511,46.94948725,6.83914375,backbone,
bergbahnen-engadin-st-moritz-ag:FUN:8509270-8509271,1,St. Moritz (Standseilbahn),ch:1:sloid:9270,8509270,46.49881997,9.83763034,backbone,
bergbahnen-engadin-st-moritz-ag:FUN:8509270-8509271,2,Chantarella,ch:1:sloid:9271,8509271,46.50142326,9.83524082,backbone,
bergbahnen-engadin-st-moritz-ag:FUN:8509271-8509273,1,Chantarella,ch:1:sloid:9271,8509271,46.50142326,9.83524082,backbone,
bergbahnen-engadin-st-moritz-ag:FUN:8509271-8509273,2,Corviglia (Talstat. Piz Nair),ch:1:sloid:9273,8509273,46.50800822,9.81843334,backbone,
berner-oberland-bahnen:CC-68,1,Schynige Platte,ch:1:sloid:7387,8507387,46.65230551,7.91130101,backbone,
berner-oberland-bahnen:CC-68,2,Breitlauenen,ch:1:sloid:7386,8507386,46.65984631,7.89558049,backbone,
berner-oberland-bahnen:CC-68,3,Wilderswil,ch:1:sloid:7388,8507388,46.66569695,7.86946647,backbone,
berner-oberland:R11,1,Zweisimmen,ch:1:sloid:7290,8507290,46.55348137,7.37486306,backbone,
berner-oberland:R11,2,Grubenwald,ch:1:sloid:7281,8507281,46.5798097,7.38296586,backbone,
berner-oberland:R11,3,Weissenbach,ch:1:sloid:7291,8507291,46.60356401,7.37429712,backbone,
berner-oberland:R11,4,Boltigen,ch:1:sloid:7292,8507292,46.62736961,7.39007153,backbone,
berner-oberland:R11,5,Enge im Simmental,ch:1:sloid:7284,8507284,46.64753262,7.41762286,backbone,
berner-oberland:R11,6,Oberwil im Simmental,ch:1:sloid:7293,8507293,46.65613462,7.43548137,backbone,
berner-oberland:R11,7,Weissenburg,ch:1:sloid:7294,8507294,46.65929759,7.47592352,backbone,
berner-oberland:R11,8,Därstetten,ch:1:sloid:7295,8507295,46.65871803,7.49569544,backbone,
berner-oberland:R11,9,Ringoldingen,ch:1:sloid:7286,8507286,46.6575589,7.52457628,backbone,
berner-oberland:R11,10,Erlenbach im Simmental,ch:1:sloid:7296,8507296,46.65909413,7.55523578,backbone,
berner-oberland:R11,11,Oey-Diemtigen,ch:1:sloid:7297,8507297,46.65988947,7.57914893,backbone,
berner-oberland:R11,12,Burgholz,ch:1:sloid:7287,8507287,46.66575243,7.60323277,backbone,
berner-oberland:R11,13,Wimmis,ch:1:sloid:7298,8507298,46.67571986,7.63559907,backbone,
berner-oberland:R11,14,Eifeld,ch:1:sloid:7288,8507288,46.6838675,7.64227355,backbone,
berner-oberland:R11,15,Lattigen bei Spiez,ch:1:sloid:7299,8507299,46.69113894,7.65026856,backbone,
berner-oberland:R11,16,Spiez,ch:1:sloid:7483,8507483,46.68639413,7.68010161,backbone,
berner-oberland:R12,1,Frutigen,ch:1:sloid:7478,8507478,46.58891017,7.6514184,backbone,
berner-oberland:R12,2,Reichenbach im Kandertal,ch:1:sloid:7480,8507480,46.62512401,7.69006392,backbone,
berner-oberland:R12,3,Mülenen,ch:1:sloid:7481,8507481,46.63802875,7.69131258,backbone,
berner-oberland:R12,4,Spiez,ch:1:sloid:7483,8507483,46.68639413,7.68010161,backbone,
berner-oberland:R61,1,Grindelwald,ch:1:sloid:7380,8507380,46.62435901,8.03331019,backbone,
berner-oberland:R61,2,Grindelwald Terminal,ch:1:sloid:5226,8505226,46.62550651,8.01710458,backbone,
berner-oberland:R61,3,Schwendi bei Grindelwald,ch:1:sloid:7381,8507381,46.63047257,8.0030729,backbone,
berner-oberland:R61,4,Burglauenen,ch:1:sloid:7382,8507382,46.63590696,7.97533292,backbone,
berner-oberland:R61,5,Lütschental,ch:1:sloid:7383,8507383,46.6370974,7.94899432,backbone,
berner-oberland:R61,6,Zweilütschinen,ch:1:sloid:7389,8507389,46.63269944,7.89970376,backbone,
berner-oberland:R61,7,Wilderswil,ch:1:sloid:7388,8507388,46.66569695,7.86946647,backbone,
berner-oberland:R61,8,Matten b. Interlaken,ch:1:sloid:10470,8510470,46.6741358,7.8728621,backbone,
berner-oberland:R61,9,Interlaken Ost,ch:1:sloid:7492,8507492,46.69049811,7.86899934,backbone,
berner-oberland:R62,1,Lauterbrunnen,ch:1:sloid:7384,8507384,46.59842883,7.90809402,backbone,
berner-oberland:R62,2,Zweilütschinen,ch:1:sloid:7389,8507389,46.63269944,7.89970376,backbone,
berner-oberland:R62,3,Wilderswil,ch:1:sloid:7388,8507388,46.66569695,7.86946647,backbone,
berner-oberland:R62,4,Matten b. Interlaken,ch:1:sloid:10470,8510470,46.6741358,7.8728621,backbone,
berner-oberland:R62,5,Interlaken Ost,ch:1:sloid:7492,8507492,46.69049811,7.86899934,backbone,
berner-oberland:R70,1,Interlaken Ost,ch:1:sloid:7492,8507492,46.69049811,7.86899934,backbone,
berner-oberland:R70,2,Ringgenberg,ch:1:sloid:8301,8508301,46.7038616,7.89982054,backbone,
berner-oberland:R70,3,Niederried,ch:1:sloid:8302,8508302,46.71643345,7.92868341,backbone,
berner-oberland:R70,4,Oberried am Brienzersee,ch:1:sloid:8303,8508303,46.7365571,7.95892969,backbone,
berner-oberland:R70,5,Ebligen,ch:1:sloid:8304,8508304,46.75262354,7.99003835,backbone,
berner-oberland:R70,6,Brienz West,ch:1:sloid:8329,8508329,46.75731329,8.02037445,backbone,
berner-oberland:R70,7,Brienz,ch:1:sloid:8305,8508305,46.75484537,8.03894263,backbone,
berner-oberland:R70,8,Brienzwiler,ch:1:sloid:8306,8508306,46.74568663,8.09063169,backbone,
berner-oberland:R70,9,Meiringen,ch:1:sloid:8308,8508308,46.72733367,8.18425411,backbone,
berner-oberland:R71,1,Meiringen,ch:1:sloid:8308,8508308,46.72733367,8.18425411,backbone,
berner-oberland:R71,2,Meiringen Alpbach,ch:1:sloid:30799,8530799,46.72310933,8.19001231,backbone,
berner-oberland:R71,3,Aareschlucht West,ch:1:sloid:30760,8530760,46.72124953,8.19857326,backbone,
berner-oberland:R71,4,Aareschlucht Ost (Bahn),ch:1:sloid:30801,8530801,46.71199884,8.21789602,backbone,
berner-oberland:R71,5,Innertkirchen Unterwasser,ch:1:sloid:30800,8530800,46.70809977,8.22607967,backbone,
berner-oberland:R71,6,Innertkirchen Grimseltor,ch:1:sloid:8395,8508395,46.70557416,8.22959208,backbone,
berner-oberland:R71,7,Innertkirchen Kraftwerk (Bahn),ch:1:sloid:8359,8508359,46.70225988,8.23251161,backbone,
berner-oberland:R:8507478-8507483,1,Frutigen,ch:1:sloid:7478,8507478,46.58891017,7.6514184,backbone,
berner-oberland:R:8507478-8507483,2,Reichenbach im Kandertal,ch:1:sloid:7480,8507480,46.62512401,7.69006392,backbone,
berner-oberland:R:8507478-8507483,3,Mülenen,ch:1:sloid:7481,8507481,46.63802875,7.69131258,backbone,
berner-oberland:R:8507478-8507483,4,Spiez,ch:1:sloid:7483,8507483,46.68639413,7.68010161,backbone,
berner-oberland:R:8507492-8508308,1,Interlaken Ost,ch:1:sloid:7492,8507492,46.69049811,7.86899934,backbone,
berner-oberland:R:8507492-8508308,2,Ringgenberg,ch:1:sloid:8301,8508301,46.7038616,7.89982054,backbone,
berner-oberland:R:8507492-8508308,3,Niederried,ch:1:sloid:8302,8508302,46.71643345,7.92868341,backbone,
berner-oberland:R:8507492-8508308,4,Oberried am Brienzersee,ch:1:sloid:8303,8508303,46.7365571,7.95892969,backbone,
berner-oberland:R:8507492-8508308,5,Ebligen,ch:1:sloid:8304,8508304,46.75262354,7.99003835,backbone,
berner-oberland:R:8507492-8508308,6,Brienz West,ch:1:sloid:8329,8508329,46.75731329,8.02037445,backbone,
berner-oberland:R:8507492-8508308,7,Brienz,ch:1:sloid:8305,8508305,46.75484537,8.03894263,backbone,
berner-oberland:R:8507492-8508308,8,Brienzwiler,ch:1:sloid:8306,8508306,46.74568663,8.09063169,backbone,
berner-oberland:R:8507492-8508308,9,Meiringen,ch:1:sloid:8308,8508308,46.72733367,8.18425411,backbone,
berner-oberland:R:8508308-8508359,1,Meiringen,ch:1:sloid:8308,8508308,46.72733367,8.18425411,backbone,
berner-oberland:R:8508308-8508359,2,Meiringen Alpbach,ch:1:sloid:30799,8530799,46.72310933,8.19001231,backbone,
berner-oberland:R:8508308-8508359,3,Aareschlucht West,ch:1:sloid:30760,8530760,46.72124953,8.19857326,backbone,
berner-oberland:R:8508308-8508359,4,Innertkirchen Unterwasser,ch:1:sloid:30800,8530800,46.70809977,8.22607967,backbone,
berner-oberland:R:8508308-8508359,5,Innertkirchen Grimseltor,ch:1:sloid:8395,8508395,46.70557416,8.22959208,backbone,
berner-oberland:R:8508308-8508359,6,Innertkirchen Kraftwerk (Bahn),ch:1:sloid:8359,8508359,46.70225988,8.23251161,backbone,
berner-oberland:RE9,1,Spiez,ch:1:sloid:7483,8507483,46.68639413,7.68010161,backbone,
berner-oberland:RE9,2,Interlaken West,ch:1:sloid:7493,8507493,46.68262879,7.85145525,backbone,
berner-oberland:RE9,3,Interlaken Ost,ch:1:sloid:7492,8507492,46.69049811,7.86899934,backbone,
braunwald-standseilbahn:FUN-2840,1,Linthal Braunwaldbahn (Talst.),ch:1:sloid:3260,8503260,46.9285414,9.00231391,backbone,
braunwald-standseilbahn:FUN-2840,2,Braunwald,ch:1:sloid:3261,8503261,46.93870561,8.99859488,backbone,
brienz-rothorn-bahn-ag:CC-7,1,Brienz BRB,ch:1:sloid:8350,8508350,46.75521465,8.03808923,backbone,
brienz-rothorn-bahn-ag:CC-7,2,Planalp,ch:1:sloid:8351,8508351,46.77237068,8.01984445,backbone,
brienz-rothorn-bahn-ag:CC-7,3,Brienzer Rothorn,ch:1:sloid:8352,8508352,46.78739926,8.03844856,backbone,
brienz-rothorn-bahn-ag:CC-T7,1,Brienz BRB,ch:1:sloid:8350,8508350,46.75521465,8.03808923,backbone,
brienz-rothorn-bahn-ag:CC-T7,2,Planalp,ch:1:sloid:8351,8508351,46.77237068,8.01984445,backbone,
buergenstock-bahn-ag:FUN-2554,1,Kehrsiten-Bürgenstock,ch:1:sloid:8489,8508489,47.0029892,8.38242246,backbone,
buergenstock-bahn-ag:FUN-2554,2,Bürgenstock Resort,ch:1:sloid:8491,8508491,46.99685044,8.37867649,backbone,
celeriner-bergbahnen-punt-muragl-muottas-muragl:FUN:8509275-8509276,1,Punt Muragl (Talstation),ch:1:sloid:9275,8509275,46.50902217,9.8828695,backbone,
celeriner-bergbahnen-punt-muragl-muottas-muragl:FUN:8509275-8509276,2,Muottas Muragl,ch:1:sloid:9276,8509276,46.52168259,9.90187785,backbone,
centre-touristique-moleson:FUN-2045,1,Plan-Francey,ch:1:sloid:4749,8504749,46.55571758,7.02372958,backbone,
centre-touristique-moleson:FUN-2045,2,Moléson-sur-Gruyères (funi),ch:1:sloid:30024,8530024,46.56009707,7.0383811,backbone,
chemin-de-fer-nyon-st-cergue-morez-ersatzverkehr:R-EV,1,"St-Cergue, gare",ch:1:sloid:10720,8510720,46.44851064,6.15972994,backbone,
chemin-de-fer-nyon-st-cergue-morez-ersatzverkehr:R-EV,2,"St-Cergue, bif. La Chèvrerie",ch:1:sloid:10722,8510722,46.45122774,6.17358196,backbone,
chemin-de-fer-nyon-st-cergue-morez-ersatzverkehr:R-EV,3,"Arzier, gare",ch:1:sloid:10725,8510725,46.45885222,6.21090696,backbone,
chemin-de-fer-nyon-st-cergue-morez-ersatzverkehr:R-EV,4,"Le Muids, bif. gare",ch:1:sloid:10732,8510732,46.45478638,6.21867739,backbone,
chemin-de-fer-nyon-st-cergue-morez-ersatzverkehr:R-EV,5,"Genolier clinique/campus, gare",ch:1:sloid:10731,8510731,46.44536012,6.21817433,backbone,
chemin-de-fer-nyon-st-cergue-morez-ersatzverkehr:R-EV,6,"Genolier, route de la Colonie",ch:1:sloid:10726,8510726,46.43821042,6.21235325,backbone,
chemin-de-fer-nyon-st-cergue-morez-ersatzverkehr:R-EV,7,"Genolier, village",ch:1:sloid:10729,8510729,46.43479929,6.21757246,backbone,
chemin-de-fer-nyon-st-cergue-morez-ersatzverkehr:R-EV,8,"Givrins, gare",ch:1:sloid:10723,8510723,46.4289299,6.20495113,backbone,
chemin-de-fer-nyon-st-cergue-morez-ersatzverkehr:R-EV,9,"Trélex, gare",ch:1:sloid:10724,8510724,46.41347329,6.20594826,backbone,
chemin-de-fer-nyon-st-cergue-morez-ersatzverkehr:R-EV,10,"Trélex, dépôt",ch:1:sloid:10733,8510733,46.40715563,6.20858032,backbone,
chemin-de-fer-nyon-st-cergue-morez-ersatzverkehr:R-EV,11,"Nyon, LAsse",ch:1:sloid:10728,8510728,46.40181602,6.21353902,backbone,
chemin-de-fer-nyon-st-cergue-morez-ersatzverkehr:R-EV,12,"Nyon, La Vuarpillière",ch:1:sloid:10730,8510730,46.40042837,6.21870434,backbone,
chemin-de-fer-nyon-st-cergue-morez-ersatzverkehr:R-EV,13,"Nyon, chemin de Bourgogne",ch:1:sloid:93879,8593879,46.3905404,6.23076871,backbone,
chemin-de-fer-nyon-st-cergue-morez-ersatzverkehr:R-EV,14,"Nyon, gare",ch:1:sloid:70000,8570000,46.384375,6.23632928,backbone,
chemins-de-fer-du-jura:R36,1,Glovelier,ch:1:sloid:123,8500123,47.33521274,7.20931253,backbone,
chemins-de-fer-du-jura:R36,2,Combe-Tabeillon,ch:1:sloid:199,8500199,47.31355954,7.15786602,backbone,
chemins-de-fer-du-jura:R36,3,Bollement,ch:1:sloid:196,8500196,47.2969239,7.12386478,backbone,
chemins-de-fer-du-jura:R36,4,La Combe,ch:1:sloid:195,8500195,47.28432948,7.09951145,backbone,
chemins-de-fer-du-jura:R36,5,Pré-Petitjean,ch:1:sloid:194,8500194,47.27705296,7.0584315,backbone,
chemins-de-fer-du-jura:R36,6,Le Bémont JU,ch:1:sloid:192,8500192,47.26322848,7.01408167,backbone,
chemins-de-fer-du-jura:R36,7,Saignelégier,ch:1:sloid:191,8500191,47.25465646,6.99419297,backbone,
chemins-de-fer-du-jura:R36,8,Muriaux,ch:1:sloid:169,8500169,47.24421697,6.98523677,backbone,
chemins-de-fer-du-jura:R36,9,Les Emibois,ch:1:sloid:190,8500190,47.23189669,6.98485049,backbone,
chemins-de-fer-du-jura:R36,10,Le Noirmont,ch:1:sloid:174,8500174,47.22325859,6.95647271,backbone,
chemins-de-fer-du-jura:R36,11,Le Creux-des-Biches,ch:1:sloid:175,8500175,47.20346375,6.94066236,backbone,
chemins-de-fer-du-jura:R36,12,Le Boéchet,ch:1:sloid:176,8500176,47.19424722,6.92211215,backbone,
chemins-de-fer-du-jura:R36,13,Les Bois,ch:1:sloid:177,8500177,47.1769024,6.90618502,backbone,
chemins-de-fer-du-jura:R36,14,La Large-Journée,ch:1:sloid:180,8500180,47.16128049,6.89655508,backbone,
chemins-de-fer-du-jura:R36,15,La Chaux-dAbel,ch:1:sloid:181,8500181,47.15280805,6.89877392,backbone,
chemins-de-fer-du-jura:R36,16,La Ferrière,ch:1:sloid:178,8500178,47.14269677,6.89405777,backbone,
chemins-de-fer-du-jura:R36,17,La Cibourg,ch:1:sloid:179,8500179,47.12212615,6.88366426,backbone,
chemins-de-fer-du-jura:R36,18,La Chaux-de-Fonds-Est,ch:1:sloid:184,8500184,47.10340033,6.83695186,backbone,
chemins-de-fer-du-jura:R36,19,La Chaux-de-Fonds,ch:1:sloid:4314,8504314,47.09837387,6.82598343,backbone,
chemins-de-fer-du-jura:R37,1,Tavannes,ch:1:sloid:100,8500100,47.21984201,7.20164092,backbone,
chemins-de-fer-du-jura:R37,2,Tramelan-Dessous,ch:1:sloid:162,8500162,47.22248378,7.11274364,backbone,
chemins-de-fer-du-jura:R37,3,Tramelan,ch:1:sloid:170,8500170,47.22282543,7.10429948,backbone,
chemins-de-fer-du-jura:R37,4,Tramelan-Chalet,ch:1:sloid:164,8500164,47.22353313,7.09230697,backbone,
chemins-de-fer-du-jura:R37,5,Les Reussilles,ch:1:sloid:171,8500171,47.22433843,7.08313517,backbone,
chemins-de-fer-du-jura:R37,6,Le Pied-dOr,ch:1:sloid:165,8500165,47.22210552,7.05622164,backbone,
chemins-de-fer-du-jura:R37,7,La Chaux-des-Breuleux,ch:1:sloid:172,8500172,47.22049484,7.02541841,backbone,
chemins-de-fer-du-jura:R37,8,Les Breuleux,ch:1:sloid:173,8500173,47.21070156,7.00554768,backbone,
chemins-de-fer-du-jura:R37,9,Les Breuleux-Eglise,ch:1:sloid:167,8500167,47.21300818,7.00242154,backbone,
chemins-de-fer-du-jura:R37,10,Le Noirmont,ch:1:sloid:174,8500174,47.22325859,6.95647271,backbone,
compagnie-du-chemin-de-fer-nyon-st-cergue-morez:R55,1,Nyon,ch:1:sloid:1030,8501030,46.38441838,6.23596996,backbone,
compagnie-du-chemin-de-fer-nyon-st-cergue-morez:R55,2,Les Plantaz,ch:1:sloid:1059,8501059,46.39086879,6.22934039,backbone,
compagnie-du-chemin-de-fer-nyon-st-cergue-morez:R55,3,La Vuarpillière,ch:1:sloid:1053,8501053,46.39910265,6.21704245,backbone,
compagnie-du-chemin-de-fer-nyon-st-cergue-morez:R55,4,LAsse,ch:1:sloid:1069,8501069,46.40177265,6.21184121,backbone,
compagnie-du-chemin-de-fer-nyon-st-cergue-morez:R55,5,Trélex dépôt,ch:1:sloid:10670,8510670,46.40661054,6.20884083,backbone,
compagnie-du-chemin-de-fer-nyon-st-cergue-morez:R55,6,Trélex,ch:1:sloid:1068,8501068,46.41372103,6.20642437,backbone,
compagnie-du-chemin-de-fer-nyon-st-cergue-morez:R55,7,Givrins,ch:1:sloid:1067,8501067,46.42884941,6.20522062,backbone,
compagnie-du-chemin-de-fer-nyon-st-cergue-morez:R55,8,Genolier,ch:1:sloid:1066,8501066,46.43624796,6.21457208,backbone,
compagnie-du-chemin-de-fer-nyon-st-cergue-morez:R55,9,Genolier Sus-Châtel,ch:1:sloid:1056,8501056,46.438489,6.20585843,backbone,
compagnie-du-chemin-de-fer-nyon-st-cergue-morez:R55,10,Genolier clinique/campus,ch:1:sloid:1058,8501058,46.44635048,6.21676397,backbone,
compagnie-du-chemin-de-fer-nyon-st-cergue-morez:R55,11,Le Muids,ch:1:sloid:1065,8501065,46.45429746,6.21543447,backbone,
compagnie-du-chemin-de-fer-nyon-st-cergue-morez:R55,12,Bassins,ch:1:sloid:1064,8501064,46.46057254,6.22230658,backbone,
compagnie-du-chemin-de-fer-nyon-st-cergue-morez:R55,13,Arzier,ch:1:sloid:1063,8501063,46.45864182,6.21165256,backbone,
compagnie-du-chemin-de-fer-nyon-st-cergue-morez:R55,14,La Chèvrerie-Monterêt,ch:1:sloid:1057,8501057,46.44847969,6.18350834,backbone,
compagnie-du-chemin-de-fer-nyon-st-cergue-morez:R55,15,St-Cergue,ch:1:sloid:1062,8501062,46.44860967,6.16035876,backbone,
compagnie-du-chemin-de-fer-nyon-st-cergue-morez:R55,16,St-Cergue Les Cheseaux,ch:1:sloid:19077,8519077,46.44688279,6.14727929,backbone,
compagnie-du-chemin-de-fer-nyon-st-cergue-morez:R55,17,Les Pralies,ch:1:sloid:1055,8501055,46.45117822,6.12686956,backbone,
compagnie-du-chemin-de-fer-nyon-st-cergue-morez:R55,18,La Givrine,ch:1:sloid:1061,8501061,46.45460071,6.11143651,backbone,
compagnie-du-chemin-de-fer-nyon-st-cergue-morez:R55,19,La Cure,ch:1:sloid:1060,8501060,46.46515152,6.07357252,backbone,
dampfbahn-furka-bergstrecke:CC-1,1,Oberwald,ch:1:sloid:1661,8501661,46.53084843,8.3429415,backbone,
dampfbahn-furka-bergstrecke:CC-1,2,Gletsch,ch:1:sloid:1635,8501635,46.56130771,8.36148273,backbone,
dampfbahn-furka-bergstrecke:CC-1,3,Muttbach-Belvédère,ch:1:sloid:1634,8501634,46.56720606,8.40433237,backbone,
dampfbahn-furka-bergstrecke:CC-1,4,Furka DFB,ch:1:sloid:30614,8530614,46.57620984,8.42846112,backbone,
dampfbahn-furka-bergstrecke:CC-1,5,Tiefenbach DFB,ch:1:sloid:30613,8530613,46.58754581,8.46462729,backbone,
dampfbahn-furka-bergstrecke:CC-1,6,Realp DFB,ch:1:sloid:30612,8530612,46.5956697,8.50126957,backbone,
davos-klosters-bergbahnen-dpb:FUN:8509083-8509084,1,Davos Dorf (Parsennbahn),ch:1:sloid:9083,8509083,46.80840025,9.83838492,backbone,
davos-klosters-bergbahnen-dpb:FUN:8509083-8509084,2,Höhenweg,ch:1:sloid:9084,8509084,46.81940482,9.82363459,backbone,
davos-klosters-bergbahnen-dpb:FUN:8509084-8509085,1,Höhenweg,ch:1:sloid:9084,8509084,46.81940482,9.82363459,backbone,
davos-klosters-bergbahnen-dpb:FUN:8509084-8509085,2,Weissfluhjoch,ch:1:sloid:9085,8509085,46.83290231,9.80578506,backbone,
db-regio-ag-baden-wuerttemberg:RE3,1,Basel Bad Bf,ch:1:sloid:90,8500090,47.56730906,7.60691586,backbone,
db-regio-ag-baden-wuerttemberg:RE3,2,Schaffhausen,ch:1:sloid:3424,8503424,47.69828386,8.63275598,backbone,
db-regio-ag-baden-wuerttemberg:RE3,3,Thayngen,ch:1:sloid:3461,8503461,47.7456265,8.7021688,backbone,
db-regio-ag-baden-wuerttemberg:RE:8500090-8503424,1,Basel Bad Bf,ch:1:sloid:90,8500090,47.56730906,7.60691586,backbone,
db-regio-ag-baden-wuerttemberg:RE:8500090-8503424,2,Schaffhausen,ch:1:sloid:3424,8503424,47.69828386,8.63275598,backbone,
dolderbahn-betriebs-ag:FUN-25,1,"Zürich, Römerhof",ch:1:sloid:3083,8503083,47.36808962,8.5602799,backbone,
dolderbahn-betriebs-ag:FUN-25,2,"Zürich, Titlisstrasse",ch:1:sloid:91394,8591394,47.37097344,8.56495114,backbone,
dolderbahn-betriebs-ag:FUN-25,3,"Zürich, Waldhaus Dolder",ch:1:sloid:91421,8591421,47.37324266,8.5685444,backbone,
dolderbahn-betriebs-ag:FUN-25,4,"Zürich, Dolder",ch:1:sloid:3084,8503084,47.37320007,8.57452718,backbone,
drahtseilbahn-marzili-stadt-bern-ag:FUN-2350,1,Bern (Marzilibahn),ch:1:sloid:30257,8530257,46.94596107,7.44220077,backbone,
drahtseilbahn-marzili-stadt-bern-ag:FUN-2350,2,Bern Marzili,ch:1:sloid:30258,8530258,46.94520061,7.44309908,backbone,
engelberg-truebsee-titlis:FUN-2533,1,Gerschnialp,ch:1:sloid:8365,8508365,46.81267939,8.39248359,backbone,
engelberg-truebsee-titlis:FUN-2533,2,Engelberg (Talstation Titlis),ch:1:sloid:8501,8508501,46.81603606,8.39560973,backbone,
fernverkehr:EC3,1,Basel SBB,ch:1:sloid:10,8500010,47.54741261,7.58956041,backbone,
fernverkehr:EC3,2,Zürich HB,ch:1:sloid:3000,8503000,47.3781762,8.54021154,backbone,
fernverkehr:EC6,1,Basel SBB,ch:1:sloid:10,8500010,47.54741261,7.58956041,backbone,
fernverkehr:EC6,2,Liestal,ch:1:sloid:23,8500023,47.48446052,7.73136846,backbone,
fernverkehr:EC6,3,Olten,ch:1:sloid:218,8500218,47.3519337,7.90769877,backbone,
fernverkehr:EC6,4,Bern,ch:1:sloid:7000,8507000,46.94883109,7.43912853,backbone,
fernverkehr:EC6,5,Thun,ch:1:sloid:7100,8507100,46.75485153,7.6296073,backbone,
fernverkehr:EC6,6,Spiez,ch:1:sloid:7483,8507483,46.68639413,7.68010161,backbone,
fernverkehr:EC6,7,Visp,ch:1:sloid:1605,8501605,46.29402637,7.88146796,backbone,
fernverkehr:EC6,8,Brig,ch:1:sloid:1609,8501609,46.31942565,7.98809798,backbone,
fernverkehr:EC:8500010-8501609,1,Basel SBB,ch:1:sloid:10,8500010,47.54741261,7.58956041,backbone,
fernverkehr:EC:8500010-8501609,2,Liestal,ch:1:sloid:23,8500023,47.48446052,7.73136846,backbone,
fernverkehr:EC:8500010-8501609,3,Olten,ch:1:sloid:218,8500218,47.3519337,7.90769877,backbone,
fernverkehr:EC:8500010-8501609,4,Bern,ch:1:sloid:7000,8507000,46.94883109,7.43912853,backbone,
fernverkehr:EC:8500010-8501609,5,Thun,ch:1:sloid:7100,8507100,46.75485153,7.6296073,backbone,
fernverkehr:EC:8500010-8501609,6,Spiez,ch:1:sloid:7483,8507483,46.68639413,7.68010161,backbone,
fernverkehr:EC:8500010-8501609,7,Visp,ch:1:sloid:1605,8501605,46.29402637,7.88146796,backbone,
fernverkehr:EC:8500010-8501609,8,Brig,ch:1:sloid:1609,8501609,46.31942565,7.98809798,backbone,
fernverkehr:EC:8500010-8505307,1,Basel SBB,ch:1:sloid:10,8500010,47.54741261,7.58956041,backbone,
fernverkehr:EC:8500010-8505307,2,Olten,ch:1:sloid:218,8500218,47.3519337,7.90769877,backbone,
fernverkehr:EC:8500010-8505307,3,Luzern,ch:1:sloid:5000,8505000,47.05017648,8.31017995,backbone,
fernverkehr:EC:8500010-8505307,4,Arth-Goldau,ch:1:sloid:5004,8505004,47.04904413,8.54944622,backbone,
fernverkehr:EC:8500010-8505307,5,Bellinzona,ch:1:sloid:5213,8505213,46.19543302,9.02951489,backbone,
fernverkehr:EC:8500010-8505307,6,Lugano,ch:1:sloid:5300,8505300,46.00550223,8.94699565,backbone,
fernverkehr:EC:8500010-8505307,7,Chiasso,ch:1:sloid:5307,8505307,45.83216991,9.03144627,backbone,
fernverkehr:EC:8501008-8501609,1,Genève-Aéroport,ch:1:sloid:1026,8501026,46.23253659,6.11198448,extension,8501008
fernverkehr:EC:8501008-8501609,2,Genève,ch:1:sloid:1008,8501008,46.21021156,6.14245533,backbone,
fernverkehr:EC:8501008-8501609,3,Nyon,ch:1:sloid:1030,8501030,46.38441838,6.23596996,backbone,
fernverkehr:EC:8501008-8501609,4,Morges,ch:1:sloid:1037,8501037,46.51109947,6.4939661,backbone,
fernverkehr:EC:8501008-8501609,5,Renens VD,ch:1:sloid:1118,8501118,46.53704052,6.57893775,backbone,
fernverkehr:EC:8501008-8501609,6,Lausanne,ch:1:sloid:1120,8501120,46.5167931,6.62909069,backbone,
fernverkehr:EC:8501008-8501609,7,Vevey,ch:1:sloid:1200,8501200,46.4630044,6.84344668,backbone,
fernverkehr:EC:8501008-8501609,8,Montreux,ch:1:sloid:1300,8501300,46.4358827,6.91044304,backbone,
fernverkehr:EC:8501008-8501609,9,Aigle,ch:1:sloid:1400,8501400,46.31685709,6.96368618,backbone,
fernverkehr:EC:8501008-8501609,10,St-Maurice,ch:1:sloid:1403,8501403,46.21637174,7.00204425,backbone,
fernverkehr:EC:8501008-8501609,11,Martigny,ch:1:sloid:1500,8501500,46.10583124,7.0791197,backbone,
fernverkehr:EC:8501008-8501609,12,Sion,ch:1:sloid:1506,8501506,46.22755278,7.35919644,backbone,
fernverkehr:EC:8501008-8501609,13,Sierre/Siders,ch:1:sloid:1509,8501509,46.2921208,7.53282281,backbone,
fernverkehr:EC:8501008-8501609,14,Visp,ch:1:sloid:1605,8501605,46.29402637,7.88146796,backbone,
fernverkehr:EC:8501008-8501609,15,Brig,ch:1:sloid:1609,8501609,46.31942565,7.98809798,backbone,
fernverkehr:EC:8501008-8501609,16,Bex,ch:1:sloid:1402,8501402,46.25146721,7.00066982,branch,8501403
fernverkehr:EC:8501008-8501609,17,Villeneuve VD,ch:1:sloid:1303,8501303,46.39837162,6.92699899,branch,8501300
fernverkehr:EC:8503000-8505307,1,Basel Bad Bf,ch:1:sloid:90,8500090,47.56730906,7.60691586,backbone,
fernverkehr:EC:8503000-8505307,2,Basel SBB,ch:1:sloid:10,8500010,47.54741261,7.58956041,backbone,
fernverkehr:EC:8503000-8505307,3,Zürich HB,ch:1:sloid:3000,8503000,47.3781762,8.54021154,backbone,
fernverkehr:EC:8503000-8505307,4,Thalwil,ch:1:sloid:3202,8503202,47.29597958,8.56477148,detour,8503000
fernverkehr:EC:8503000-8505307,5,Zug,ch:1:sloid:2204,8502204,47.17370877,8.51504973,backbone,
fernverkehr:EC:8503000-8505307,6,Rotkreuz,ch:1:sloid:2202,8502202,47.14176191,8.43049131,detour,8503000
fernverkehr:EC:8503000-8505307,7,Arth-Goldau,ch:1:sloid:5004,8505004,47.04904413,8.54944622,backbone,
fernverkehr:EC:8503000-8505307,8,Bellinzona,ch:1:sloid:5213,8505213,46.19543302,9.02951489,backbone,
fernverkehr:EC:8503000-8505307,9,Lugano,ch:1:sloid:5300,8505300,46.00550223,8.94699565,backbone,
fernverkehr:EC:8503000-8505307,10,Chiasso,ch:1:sloid:5307,8505307,45.83216991,9.03144627,backbone,
fernverkehr:EC:8503000-8506302,1,Zürich HB,ch:1:sloid:3000,8503000,47.3781762,8.54021154,backbone,
fernverkehr:EC:8503000-8506302,2,Zürich Flughafen,ch:1:sloid:3016,8503016,47.45038663,8.56239993,backbone,
fernverkehr:EC:8503000-8506302,3,Winterthur,ch:1:sloid:6000,8506000,47.50033307,8.7238182,backbone,
fernverkehr:EC:8503000-8506302,4,St. Gallen,ch:1:sloid:6302,8506302,47.42317725,9.36989554,backbone,
fernverkehr:EC:8503000-8506314,1,Zürich HB,ch:1:sloid:3000,8503000,47.3781762,8.54021154,backbone,
fernverkehr:EC:8503000-8506314,2,Zürich Flughafen,ch:1:sloid:3016,8503016,47.45038663,8.56239993,backbone,
fernverkehr:EC:8503000-8506314,3,Winterthur,ch:1:sloid:6000,8506000,47.50033307,8.7238182,backbone,
fernverkehr:EC:8503000-8506314,4,St. Gallen,ch:1:sloid:6302,8506302,47.42317725,9.36989554,backbone,
fernverkehr:EC:8503000-8506314,5,St. Margrethen SG,ch:1:sloid:6314,8506314,47.45321734,9.63825825,backbone,
fernverkehr:EC:8503000-8509404,1,Zürich HB,ch:1:sloid:3000,8503000,47.3781762,8.54021154,backbone,
fernverkehr:EC:8503000-8509404,2,Sargans,ch:1:sloid:9411,8509411,47.04482056,9.44626132,backbone,
fernverkehr:EC:8503000-8509404,3,Buchs SG,ch:1:sloid:9404,8509404,47.16841413,9.4786366,backbone,
fernverkehr:IC1,1,Genève-Aéroport,ch:1:sloid:1026,8501026,46.23253659,6.11198448,backbone,
fernverkehr:IC1,2,Genève,ch:1:sloid:1008,8501008,46.21021156,6.14245533,backbone,
fernverkehr:IC1,3,Nyon,ch:1:sloid:1030,8501030,46.38441838,6.23596996,backbone,
fernverkehr:IC1,4,Morges,ch:1:sloid:1037,8501037,46.51109947,6.4939661,backbone,
fernverkehr:IC1,5,Renens VD,ch:1:sloid:1118,8501118,46.53704052,6.57893775,backbone,
fernverkehr:IC1,6,Lausanne,ch:1:sloid:1120,8501120,46.5167931,6.62909069,backbone,
fernverkehr:IC1,7,Fribourg/Freiburg,ch:1:sloid:4100,8504100,46.80314923,7.1510478,backbone,
fernverkehr:IC1,8,Bern,ch:1:sloid:7000,8507000,46.94883109,7.43912853,backbone,
fernverkehr:IC1,9,Olten,ch:1:sloid:218,8500218,47.3519337,7.90769877,backbone,
fernverkehr:IC1,10,Aarau,ch:1:sloid:2113,8502113,47.39136249,8.0512765,detour,8500218
fernverkehr:IC1,11,Lenzburg,ch:1:sloid:2119,8502119,47.39119829,8.1703931,detour,8500218
fernverkehr:IC1,12,Zürich HB,ch:1:sloid:3000,8503000,47.3781762,8.54021154,backbone,
fernverkehr:IC1,13,Zürich Oerlikon,ch:1:sloid:3006,8503006,47.41153089,8.54413718,backbone,
fernverkehr:IC1,14,Zürich Flughafen,ch:1:sloid:3016,8503016,47.45038663,8.56239993,backbone,
fernverkehr:IC1,15,Winterthur,ch:1:sloid:6000,8506000,47.50033307,8.7238182,backbone,
fernverkehr:IC1,16,Wil SG,ch:1:sloid:6206,8506206,47.46241308,9.04099536,backbone,
fernverkehr:IC1,17,Uzwil,ch:1:sloid:6208,8506208,47.43644343,9.13098859,backbone,
fernverkehr:IC1,18,Flawil,ch:1:sloid:6209,8506209,47.41519041,9.18978332,backbone,
fernverkehr:IC1,19,Gossau SG,ch:1:sloid:6210,8506210,47.41183485,9.25305167,backbone,
fernverkehr:IC1,20,St. Gallen Winkeln,ch:1:sloid:6300,8506300,47.4039314,9.30086001,detour,8506210
fernverkehr:IC1,21,St. Gallen,ch:1:sloid:6302,8506302,47.42317725,9.36989554,backbone,
fernverkehr:IC1,22,Romont FR,ch:1:sloid:4023,8504023,46.69350503,6.91180848,branch,8504100
fernverkehr:IC1,23,Palézieux,ch:1:sloid:4014,8504014,46.54276233,6.83787713,branch,8501120
fernverkehr:IC1,24,Allaman,ch:1:sloid:1035,8501035,46.47575596,6.3996969,branch,8501008
fernverkehr:IC2,1,Zürich HB,ch:1:sloid:3000,8503000,47.3781762,8.54021154,backbone,
fernverkehr:IC2,2,Thalwil,ch:1:sloid:3202,8503202,47.29597958,8.56477148,detour,8503000
fernverkehr:IC2,3,Zug,ch:1:sloid:2204,8502204,47.17370877,8.51504973,backbone,
fernverkehr:IC2,4,Arth-Goldau,ch:1:sloid:5004,8505004,47.04904413,8.54944622,backbone,
fernverkehr:IC2,5,Flüelen,ch:1:sloid:5112,8505112,46.90173226,8.62430283,detour,8505004
fernverkehr:IC2,6,Altdorf UR,ch:1:sloid:5113,8505113,46.87573871,8.63157919,backbone,
fernverkehr:IC2,7,Biasca,ch:1:sloid:5209,8505209,46.35198128,8.97417867,detour,8505113
fernverkehr:IC2,8,Bellinzona,ch:1:sloid:5213,8505213,46.19543302,9.02951489,backbone,
fernverkehr:IC2,9,Lugano,ch:1:sloid:5300,8505300,46.00550223,8.94699565,backbone,
fernverkehr:IC2,10,Mendrisio,ch:1:sloid:5305,8505305,45.86911151,8.97860737,backbone,
fernverkehr:IC2,11,Chiasso,ch:1:sloid:5307,8505307,45.83216991,9.03144627,backbone,
fernverkehr:IC21,1,Basel SBB,ch:1:sloid:10,8500010,47.54741261,7.58956041,backbone,
fernverkehr:IC21,2,Liestal,ch:1:sloid:23,8500023,47.48446052,7.73136846,backbone,
fernverkehr:IC21,3,Sissach,ch:1:sloid:26,8500026,47.46275319,7.81202819,backbone,
fernverkehr:IC21,4,Olten,ch:1:sloid:218,8500218,47.3519337,7.90769877,backbone,
fernverkehr:IC21,5,Zofingen,ch:1:sloid:2001,8502001,47.28805267,7.94311934,detour,8500218
fernverkehr:IC21,6,Luzern,ch:1:sloid:5000,8505000,47.05017648,8.31017995,backbone,
fernverkehr:IC21,7,Rotkreuz,ch:1:sloid:2202,8502202,47.14176191,8.43049131,detour,8500218
fernverkehr:IC21,8,Arth-Goldau,ch:1:sloid:5004,8505004,47.04904413,8.54944622,backbone,
fernverkehr:IC21,9,Flüelen,ch:1:sloid:5112,8505112,46.90173226,8.62430283,detour,8505004
fernverkehr:IC21,10,Altdorf UR,ch:1:sloid:5113,8505113,46.87573871,8.63157919,backbone,
fernverkehr:IC21,11,Bellinzona,ch:1:sloid:5213,8505213,46.19543302,9.02951489,backbone,
fernverkehr:IC21,12,Giubiasco,ch:1:sloid:5214,8505214,46.17381449,9.0035985,detour,8505213
fernverkehr:IC21,13,Lugano,ch:1:sloid:5300,8505300,46.00550223,8.94699565,backbone,
fernverkehr:IC21,14,Mendrisio,ch:1:sloid:5305,8505305,45.86911151,8.97860737,extension,8505300
fernverkehr:IC21,15,Chiasso,ch:1:sloid:5307,8505307,45.83216991,9.03144627,extension,8505300
fernverkehr:IC21,16,Zug,ch:1:sloid:2204,8502204,47.17370877,8.51504973,branch,8505004
fernverkehr:IC21,17,Zürich HB,ch:1:sloid:3000,8503000,47.3781762,8.54021154,branch,8505004
fernverkehr:IC21,18,Lausen,ch:1:sloid:24,8500024,47.47034418,7.75976421,branch,8500218
fernverkehr:IC21,19,Biasca,ch:1:sloid:5209,8505209,46.35198128,8.97417867,branch,8505004
fernverkehr:IC24,1,Gais,ch:1:sloid:6378,8506378,47.36092199,9.45115714,backbone,
fernverkehr:IC24,2,Hebrig,ch:1:sloid:6383,8506383,47.36215115,9.4648295,backbone,
fernverkehr:IC24,3,Schachen (Gais),ch:1:sloid:6384,8506384,47.36154874,9.47736099,backbone,
fernverkehr:IC24,4,Rietli,ch:1:sloid:6385,8506385,47.36069685,9.48712568,backbone,
fernverkehr:IC24,5,Stoss AR,ch:1:sloid:6386,8506386,47.36078812,9.49512069,backbone,
fernverkehr:IC24,6,Kreuzstrasse,ch:1:sloid:6387,8506387,47.36562548,9.50523572,backbone,
fernverkehr:IC24,7,Warmesberg,ch:1:sloid:6388,8506388,47.36534559,9.51322174,backbone,
fernverkehr:IC24,8,Alter Zoll,ch:1:sloid:6389,8506389,47.36858244,9.5220432,backbone,
fernverkehr:IC24,9,Altstätten Stadt,ch:1:sloid:6379,8506379,47.37683792,9.53749422,backbone,
fernverkehr:IC3,1,Basel SBB,ch:1:sloid:10,8500010,47.54741261,7.58956041,extension,8503000
fernverkehr:IC3,2,Liestal,ch:1:sloid:23,8500023,47.48446052,7.73136846,detour,8500010
fernverkehr:IC3,3,Zürich HB,ch:1:sloid:3000,8503000,47.3781762,8.54021154,backbone,
fernverkehr:IC3,4,Sargans,ch:1:sloid:9411,8509411,47.04482056,9.44626132,backbone,
fernverkehr:IC3,5,Bad Ragaz,ch:1:sloid:9004,8509004,47.01030945,9.50522673,backbone,
fernverkehr:IC3,6,Maienfeld,ch:1:sloid:9003,8509003,47.00384073,9.52921175,backbone,
fernverkehr:IC3,7,Landquart,ch:1:sloid:9002,8509002,46.96743957,9.55404119,backbone,
fernverkehr:IC3,8,Chur,ch:1:sloid:9000,8509000,46.85308692,9.52893328,backbone,
fernverkehr:IC3,9,Ziegelbrücke,ch:1:sloid:3225,8503225,47.13615854,9.06004863,branch,8509411
fernverkehr:IC3,10,Lachen SZ,ch:1:sloid:3220,8503220,47.19006569,8.85271746,branch,8503000
fernverkehr:IC5,1,Genève-Aéroport,ch:1:sloid:1026,8501026,46.23253659,6.11198448,backbone,
fernverkehr:IC5,2,Genève,ch:1:sloid:1008,8501008,46.21021156,6.14245533,backbone,
fernverkehr:IC5,3,Morges,ch:1:sloid:1037,8501037,46.51109947,6.4939661,backbone,
fernverkehr:IC5,4,Yverdon-les-Bains,ch:1:sloid:4200,8504200,46.78154335,6.64094845,backbone,
fernverkehr:IC5,5,Neuchâtel,ch:1:sloid:4221,8504221,46.99672791,6.93570366,backbone,
fernverkehr:IC5,6,Biel/Bienne,ch:1:sloid:4300,8504300,47.13289524,7.24290952,backbone,
fernverkehr:IC5,7,Grenchen Süd,ch:1:sloid:202,8500202,47.18877759,7.39818332,backbone,
fernverkehr:IC5,8,Solothurn,ch:1:sloid:207,8500207,47.20419001,7.54268632,backbone,
fernverkehr:IC5,9,Oensingen,ch:1:sloid:212,8500212,47.28503636,7.70987177,detour,8500207
fernverkehr:IC5,10,Olten,ch:1:sloid:218,8500218,47.3519337,7.90769877,backbone,
fernverkehr:IC5,11,Aarau,ch:1:sloid:2113,8502113,47.39136249,8.0512765,backbone,
fernverkehr:IC5,12,Lenzburg,ch:1:sloid:2119,8502119,47.39119829,8.1703931,detour,8502113
fernverkehr:IC5,13,Zürich HB,ch:1:sloid:3000,8503000,47.3781762,8.54021154,backbone,
fernverkehr:IC5,14,Zürich Flughafen,ch:1:sloid:3016,8503016,47.45038663,8.56239993,backbone,
fernverkehr:IC5,15,Winterthur,ch:1:sloid:6000,8506000,47.50033307,8.7238182,backbone,
fernverkehr:IC5,16,St. Gallen,ch:1:sloid:6302,8506302,47.42317725,9.36989554,backbone,
fernverkehr:IC5,17,Rorschach,ch:1:sloid:6311,8506311,47.47800087,9.5051369,backbone,
fernverkehr:IC5,18,Renens VD,ch:1:sloid:1118,8501118,46.53704052,6.57893775,branch,8504200
fernverkehr:IC5,19,Lausanne,ch:1:sloid:1120,8501120,46.5167931,6.62909069,branch,8504200
fernverkehr:IC51,1,Basel SBB,ch:1:sloid:10,8500010,47.54741261,7.58956041,backbone,
fernverkehr:IC51,2,Laufen,ch:1:sloid:113,8500113,47.4193481,7.50263942,backbone,
fernverkehr:IC51,3,Delémont,ch:1:sloid:109,8500109,47.36201119,7.35006057,backbone,
fernverkehr:IC51,4,Moutier,ch:1:sloid:105,8500105,47.28067307,7.38104346,backbone,
fernverkehr:IC51,5,Grenchen Nord,ch:1:sloid:159,8500159,47.19169561,7.38962238,backbone,
fernverkehr:IC51,6,Biel/Bienne,ch:1:sloid:4300,8504300,47.13289524,7.24290952,backbone,
fernverkehr:IC51,7,Twann,ch:1:sloid:4228,8504228,47.09366495,7.15650058,detour,8504300
fernverkehr:IC51,8,Neuchâtel,ch:1:sloid:4221,8504221,46.99672791,6.93570366,backbone,
fernverkehr:IC51,9,Yverdon-les-Bains,ch:1:sloid:4200,8504200,46.78154335,6.64094845,backbone,
fernverkehr:IC51,10,Renens VD,ch:1:sloid:1118,8501118,46.53704052,6.57893775,backbone,
fernverkehr:IC51,11,Lausanne,ch:1:sloid:1120,8501120,46.5167931,6.62909069,backbone,
fernverkehr:IC51,12,Münchenstein,ch:1:sloid:119,8500119,47.51339776,7.61759683,branch,8500113
fernverkehr:IC51,13,Aesch BL,ch:1:sloid:117,8500117,47.46774515,7.60307107,branch,8500113
fernverkehr:IC51,14,Zwingen,ch:1:sloid:114,8500114,47.43380018,7.53046025,branch,8500113
fernverkehr:IC51,15,Morges,ch:1:sloid:1037,8501037,46.51109947,6.4939661,branch,8504200
fernverkehr:IC51,16,Genève,ch:1:sloid:1008,8501008,46.21021156,6.14245533,branch,8504200
fernverkehr:IC51,17,Genève-Aéroport,ch:1:sloid:1026,8501026,46.23253659,6.11198448,branch,8504200
fernverkehr:IC55,1,Zürich HB,ch:1:sloid:3000,8503000,47.3781762,8.54021154,backbone,
fernverkehr:IC55,2,Zürich Oerlikon,ch:1:sloid:3006,8503006,47.41153089,8.54413718,backbone,
fernverkehr:IC55,3,Zürich Flughafen,ch:1:sloid:3016,8503016,47.45038663,8.56239993,backbone,
fernverkehr:IC55,4,Winterthur,ch:1:sloid:6000,8506000,47.50033307,8.7238182,backbone,
fernverkehr:IC55,5,Wil SG,ch:1:sloid:6206,8506206,47.46241308,9.04099536,backbone,
fernverkehr:IC55,6,Uzwil,ch:1:sloid:6208,8506208,47.43644343,9.13098859,backbone,
fernverkehr:IC55,7,Flawil,ch:1:sloid:6209,8506209,47.41519041,9.18978332,backbone,
fernverkehr:IC55,8,Gossau SG,ch:1:sloid:6210,8506210,47.41183485,9.25305167,backbone,
fernverkehr:IC55,9,St. Gallen,ch:1:sloid:6302,8506302,47.42317725,9.36989554,backbone,
fernverkehr:IC6,1,Basel SBB,ch:1:sloid:10,8500010,47.54741261,7.58956041,backbone,
fernverkehr:IC6,2,Liestal,ch:1:sloid:23,8500023,47.48446052,7.73136846,backbone,
fernverkehr:IC6,3,Sissach,ch:1:sloid:26,8500026,47.46275319,7.81202819,backbone,
fernverkehr:IC6,4,Gelterkinden,ch:1:sloid:27,8500027,47.46589295,7.84766436,detour,8500026
fernverkehr:IC6,5,Olten,ch:1:sloid:218,8500218,47.3519337,7.90769877,backbone,
fernverkehr:IC6,6,Bern,ch:1:sloid:7000,8507000,46.94883109,7.43912853,backbone,
fernverkehr:IC6,7,Thun,ch:1:sloid:7100,8507100,46.75485153,7.6296073,backbone,
fernverkehr:IC6,8,Spiez,ch:1:sloid:7483,8507483,46.68639413,7.68010161,backbone,
fernverkehr:IC6,9,Frutigen,ch:1:sloid:7478,8507478,46.58891017,7.6514184,detour,8507483
fernverkehr:IC6,10,Visp,ch:1:sloid:1605,8501605,46.29402637,7.88146796,backbone,
fernverkehr:IC6,11,Brig,ch:1:sloid:1609,8501609,46.31942565,7.98809798,backbone,
fernverkehr:IC6,12,Lausen,ch:1:sloid:24,8500024,47.47034418,7.75976421,branch,8500026
fernverkehr:IC6,13,Interlaken West,ch:1:sloid:7493,8507493,46.68262879,7.85145525,branch,8507483
fernverkehr:IC6,14,Interlaken Ost,ch:1:sloid:7492,8507492,46.69049811,7.86899934,branch,8507483
fernverkehr:IC61,1,Basel SBB,ch:1:sloid:10,8500010,47.54741261,7.58956041,backbone,
fernverkehr:IC61,2,Liestal,ch:1:sloid:23,8500023,47.48446052,7.73136846,backbone,
fernverkehr:IC61,3,Sissach,ch:1:sloid:26,8500026,47.46275319,7.81202819,backbone,
fernverkehr:IC61,4,Olten,ch:1:sloid:218,8500218,47.3519337,7.90769877,backbone,
fernverkehr:IC61,5,Bern,ch:1:sloid:7000,8507000,46.94883109,7.43912853,backbone,
fernverkehr:IC61,6,Ostermundigen,ch:1:sloid:7002,8507002,46.95680257,7.48150206,detour,8507000
fernverkehr:IC61,7,Gümligen,ch:1:sloid:7003,8507003,46.93431996,7.50550505,detour,8507000
fernverkehr:IC61,8,Münsingen,ch:1:sloid:7006,8507006,46.87335605,7.5594399,backbone,
fernverkehr:IC61,9,Thun,ch:1:sloid:7100,8507100,46.75485153,7.6296073,backbone,
fernverkehr:IC61,10,Spiez,ch:1:sloid:7483,8507483,46.68639413,7.68010161,backbone,
fernverkehr:IC61,11,Interlaken West,ch:1:sloid:7493,8507493,46.68262879,7.85145525,backbone,
fernverkehr:IC61,12,Interlaken Ost,ch:1:sloid:7492,8507492,46.69049811,7.86899934,backbone,
fernverkehr:IC8,1,Brig,ch:1:sloid:1609,8501609,46.31942565,7.98809798,backbone,
fernverkehr:IC8,2,Visp,ch:1:sloid:1605,8501605,46.29402637,7.88146796,backbone,
fernverkehr:IC8,3,Frutigen,ch:1:sloid:7478,8507478,46.58891017,7.6514184,backbone,
fernverkehr:IC8,4,Spiez,ch:1:sloid:7483,8507483,46.68639413,7.68010161,backbone,
fernverkehr:IC8,5,Thun,ch:1:sloid:7100,8507100,46.75485153,7.6296073,backbone,
fernverkehr:IC8,6,Bern,ch:1:sloid:7000,8507000,46.94883109,7.43912853,backbone,
fernverkehr:IC8,7,Olten,ch:1:sloid:218,8500218,47.3519337,7.90769877,detour,8507000
fernverkehr:IC8,8,Aarau,ch:1:sloid:2113,8502113,47.39136249,8.0512765,detour,8500218
fernverkehr:IC8,9,Lenzburg,ch:1:sloid:2119,8502119,47.39119829,8.1703931,detour,8502113
fernverkehr:IC8,10,Zürich HB,ch:1:sloid:3000,8503000,47.3781762,8.54021154,backbone,
fernverkehr:IC8,11,Zürich Flughafen,ch:1:sloid:3016,8503016,47.45038663,8.56239993,backbone,
fernverkehr:IC8,12,Kemptthal,ch:1:sloid:3304,8503304,47.45284073,8.7055824,detour,8503016
fernverkehr:IC8,13,Winterthur,ch:1:sloid:6000,8506000,47.50033307,8.7238182,backbone,
fernverkehr:IC8,14,Frauenfeld,ch:1:sloid:6100,8506100,47.558162,8.89656423,backbone,
fernverkehr:IC8,15,Weinfelden,ch:1:sloid:6105,8506105,47.56622411,9.10636577,backbone,
fernverkehr:IC8,16,Sulgen,ch:1:sloid:6217,8506217,47.5388018,9.18369275,detour,8506105
fernverkehr:IC8,17,Amriswil,ch:1:sloid:6109,8506109,47.55045031,9.30222545,backbone,
fernverkehr:IC8,18,Romanshorn,ch:1:sloid:6121,8506121,47.56552099,9.37937276,backbone,
fernverkehr:IC8,19,Zollikofen,ch:1:sloid:4410,8504410,47.00182522,7.46290694,branch,8500218
fernverkehr:IC8,20,Bern Wankdorf,ch:1:sloid:16161,8516161,46.96782577,7.46547612,branch,8500218
fernverkehr:IC81,1,Romanshorn,ch:1:sloid:6121,8506121,47.56552099,9.37937276,backbone,
fernverkehr:IC81,2,Amriswil,ch:1:sloid:6109,8506109,47.55045031,9.30222545,backbone,
fernverkehr:IC81,3,Weinfelden,ch:1:sloid:6105,8506105,47.56622411,9.10636577,backbone,
fernverkehr:IC81,4,Frauenfeld,ch:1:sloid:6100,8506100,47.558162,8.89656423,backbone,
fernverkehr:IC81,5,Winterthur,ch:1:sloid:6000,8506000,47.50033307,8.7238182,backbone,
fernverkehr:IC81,6,Zürich Flughafen,ch:1:sloid:3016,8503016,47.45038663,8.56239993,backbone,
fernverkehr:IC81,7,Zürich HB,ch:1:sloid:3000,8503000,47.3781762,8.54021154,backbone,
fernverkehr:IC81,8,Aarau,ch:1:sloid:2113,8502113,47.39136249,8.0512765,detour,8503000
fernverkehr:IC81,9,Olten,ch:1:sloid:218,8500218,47.3519337,7.90769877,detour,8503000
fernverkehr:IC81,10,Bern,ch:1:sloid:7000,8507000,46.94883109,7.43912853,backbone,
fernverkehr:IC81,11,Thun,ch:1:sloid:7100,8507100,46.75485153,7.6296073,backbone,
fernverkehr:IC81,12,Spiez,ch:1:sloid:7483,8507483,46.68639413,7.68010161,backbone,
fernverkehr:IC81,13,Interlaken West,ch:1:sloid:7493,8507493,46.68262879,7.85145525,backbone,
fernverkehr:IC81,14,Interlaken Ost,ch:1:sloid:7492,8507492,46.69049811,7.86899934,backbone,
fernverkehr:IC9,1,Brig,ch:1:sloid:1609,8501609,46.31942565,7.98809798,backbone,
fernverkehr:IC9,2,Visp,ch:1:sloid:1605,8501605,46.29402637,7.88146796,backbone,
fernverkehr:IC9,3,Spiez,ch:1:sloid:7483,8507483,46.68639413,7.68010161,backbone,
fernverkehr:IC9,4,Thun,ch:1:sloid:7100,8507100,46.75485153,7.6296073,backbone,
fernverkehr:IC9,5,Bern,ch:1:sloid:7000,8507000,46.94883109,7.43912853,backbone,
fernverkehr:IC9,6,Zürich HB,ch:1:sloid:3000,8503000,47.3781762,8.54021154,backbone,
fernverkehr:IC9,7,Zürich Flughafen,ch:1:sloid:3016,8503016,47.45038663,8.56239993,backbone,
fernverkehr:IC9,8,Winterthur,ch:1:sloid:6000,8506000,47.50033307,8.7238182,backbone,
fernverkehr:IC9,9,Frauenfeld,ch:1:sloid:6100,8506100,47.558162,8.89656423,backbone,
fernverkehr:IC9,10,Weinfelden,ch:1:sloid:6105,8506105,47.56622411,9.10636577,backbone,
fernverkehr:IC9,11,Amriswil,ch:1:sloid:6109,8506109,47.55045031,9.30222545,backbone,
fernverkehr:IC9,12,Romanshorn,ch:1:sloid:6121,8506121,47.56552099,9.37937276,backbone,
fernverkehr:IC:8500010-8500090,1,Basel SBB,ch:1:sloid:10,8500010,47.54741261,7.58956041,backbone,
fernverkehr:IC:8500010-8500090,2,Basel Bad Bf,ch:1:sloid:90,8500090,47.56730906,7.60691586,backbone,
fernverkehr:IC:8500010-8501609,1,Basel SBB,ch:1:sloid:10,8500010,47.54741261,7.58956041,backbone,
fernverkehr:IC:8500010-8501609,2,Liestal,ch:1:sloid:23,8500023,47.48446052,7.73136846,backbone,
fernverkehr:IC:8500010-8501609,3,Sissach,ch:1:sloid:26,8500026,47.46275319,7.81202819,backbone,
fernverkehr:IC:8500010-8501609,4,Gelterkinden,ch:1:sloid:27,8500027,47.46589295,7.84766436,backbone,
fernverkehr:IC:8500010-8501609,5,Olten,ch:1:sloid:218,8500218,47.3519337,7.90769877,backbone,
fernverkehr:IC:8500010-8501609,6,Thun,ch:1:sloid:7100,8507100,46.75485153,7.6296073,backbone,
fernverkehr:IC:8500010-8501609,7,Spiez,ch:1:sloid:7483,8507483,46.68639413,7.68010161,backbone,
fernverkehr:IC:8500010-8501609,8,Visp,ch:1:sloid:1605,8501605,46.29402637,7.88146796,backbone,
fernverkehr:IC:8500010-8501609,9,Brig,ch:1:sloid:1609,8501609,46.31942565,7.98809798,backbone,
fernverkehr:IC:8500010-8503000,1,Basel SBB,ch:1:sloid:10,8500010,47.54741261,7.58956041,backbone,
fernverkehr:IC:8500010-8503000,2,Rheinfelden,ch:1:sloid:301,8500301,47.55121425,7.79216644,backbone,
fernverkehr:IC:8500010-8503000,3,Möhlin,ch:1:sloid:302,8500302,47.56185981,7.83386623,backbone,
fernverkehr:IC:8500010-8503000,4,Stein-Säckingen,ch:1:sloid:320,8500320,47.54160957,7.94884161,backbone,
fernverkehr:IC:8500010-8503000,5,Frick,ch:1:sloid:305,8500305,47.50734824,8.01308912,backbone,
fernverkehr:IC:8500010-8503000,6,Brugg AG,ch:1:sloid:309,8500309,47.48086045,8.208841,backbone,
fernverkehr:IC:8500010-8503000,7,Baden,ch:1:sloid:3504,8503504,47.47642226,8.30770958,backbone,
fernverkehr:IC:8500010-8503000,8,Zürich HB,ch:1:sloid:3000,8503000,47.3781762,8.54021154,backbone,
fernverkehr:IC:8500010-8505000,1,Basel SBB,ch:1:sloid:10,8500010,47.54741261,7.58956041,backbone,
fernverkehr:IC:8500010-8505000,2,Liestal,ch:1:sloid:23,8500023,47.48446052,7.73136846,backbone,
fernverkehr:IC:8500010-8505000,3,Sissach,ch:1:sloid:26,8500026,47.46275319,7.81202819,backbone,
fernverkehr:IC:8500010-8505000,4,Olten,ch:1:sloid:218,8500218,47.3519337,7.90769877,backbone,
fernverkehr:IC:8500010-8505000,5,Zofingen,ch:1:sloid:2001,8502001,47.28805267,7.94311934,backbone,
fernverkehr:IC:8500010-8505000,6,Sursee,ch:1:sloid:2007,8502007,47.17079586,8.09789008,backbone,
fernverkehr:IC:8500010-8505000,7,Luzern,ch:1:sloid:5000,8505000,47.05017648,8.31017995,backbone,
fernverkehr:IC:8500010-8505000,8,Emmenbrücke,ch:1:sloid:2021,8502021,47.07060359,8.28256573,branch,8502007
fernverkehr:IC:8500010-8505000,9,Lausen,ch:1:sloid:24,8500024,47.47034418,7.75976421,branch,8500026
fernverkehr:IC:8500010-8505000,10,Rothenburg Station,ch:1:sloid:2020,8502020,47.08918192,8.24755839,branch,8500218
fernverkehr:IC:8500218-8509000,1,Olten,ch:1:sloid:218,8500218,47.3519337,7.90769877,backbone,
fernverkehr:IC:8500218-8509000,2,Aarau,ch:1:sloid:2113,8502113,47.39136249,8.0512765,backbone,
fernverkehr:IC:8500218-8509000,3,Lenzburg,ch:1:sloid:2119,8502119,47.39119829,8.1703931,backbone,
fernverkehr:IC:8500218-8509000,4,Zürich HB,ch:1:sloid:3000,8503000,47.3781762,8.54021154,backbone,
fernverkehr:IC:8500218-8509000,5,Landquart,ch:1:sloid:9002,8509002,46.96743957,9.55404119,backbone,
fernverkehr:IC:8500218-8509000,6,Chur,ch:1:sloid:9000,8509000,46.85308692,9.52893328,backbone,
fernverkehr:IC:8501120-8505400,1,Genève-Aéroport,ch:1:sloid:1026,8501026,46.23253659,6.11198448,backbone,
fernverkehr:IC:8501120-8505400,2,Genève,ch:1:sloid:1008,8501008,46.21021156,6.14245533,backbone,
fernverkehr:IC:8501120-8505400,3,Nyon,ch:1:sloid:1030,8501030,46.38441838,6.23596996,backbone,
fernverkehr:IC:8501120-8505400,4,Morges,ch:1:sloid:1037,8501037,46.51109947,6.4939661,backbone,
fernverkehr:IC:8501120-8505400,5,Lausanne,ch:1:sloid:1120,8501120,46.5167931,6.62909069,backbone,
fernverkehr:IC:8501120-8505400,6,Puidoux,ch:1:sloid:4012,8504012,46.49384184,6.76568851,detour,8501120
fernverkehr:IC:8501120-8505400,7,Palézieux,ch:1:sloid:4014,8504014,46.54276233,6.83787713,backbone,
fernverkehr:IC:8501120-8505400,8,Romont FR,ch:1:sloid:4023,8504023,46.69350503,6.91180848,backbone,
fernverkehr:IC:8501120-8505400,9,Fribourg/Freiburg,ch:1:sloid:4100,8504100,46.80314923,7.1510478,backbone,
fernverkehr:IC:8501120-8505400,10,Bern,ch:1:sloid:7000,8507000,46.94883109,7.43912853,backbone,
fernverkehr:IC:8501120-8505400,11,Zofingen,ch:1:sloid:2001,8502001,47.28805267,7.94311934,backbone,
fernverkehr:IC:8501120-8505400,12,Sursee,ch:1:sloid:2007,8502007,47.17079586,8.09789008,backbone,
fernverkehr:IC:8501120-8505400,13,Luzern,ch:1:sloid:5000,8505000,47.05017648,8.31017995,backbone,
fernverkehr:IC:8501120-8505400,14,Bellinzona,ch:1:sloid:5213,8505213,46.19543302,9.02951489,backbone,
fernverkehr:IC:8501120-8505400,15,Locarno,ch:1:sloid:5400,8505400,46.17242106,8.80136078,backbone,
fernverkehr:IC:8501120-8505400,16,Cadenazzo,ch:1:sloid:5404,8505404,46.15262308,8.94169559,branch,8505213
fernverkehr:IC:8501609-8507000,1,Brig,ch:1:sloid:1609,8501609,46.31942565,7.98809798,backbone,
fernverkehr:IC:8501609-8507000,2,Visp,ch:1:sloid:1605,8501605,46.29402637,7.88146796,backbone,
fernverkehr:IC:8501609-8507000,3,Goppenstein,ch:1:sloid:7474,8507474,46.36770945,7.75492229,detour,8501609
fernverkehr:IC:8501609-8507000,4,Kandersteg,ch:1:sloid:7475,8507475,46.49539408,7.6714149,detour,8501609
fernverkehr:IC:8501609-8507000,5,Frutigen,ch:1:sloid:7478,8507478,46.58891017,7.6514184,backbone,
fernverkehr:IC:8501609-8507000,6,Spiez,ch:1:sloid:7483,8507483,46.68639413,7.68010161,backbone,
fernverkehr:IC:8501609-8507000,7,Thun,ch:1:sloid:7100,8507100,46.75485153,7.6296073,backbone,
fernverkehr:IC:8501609-8507000,8,Olten,ch:1:sloid:218,8500218,47.3519337,7.90769877,backbone,
fernverkehr:IC:8501609-8507000,9,Aarau,ch:1:sloid:2113,8502113,47.39136249,8.0512765,backbone,
fernverkehr:IC:8501609-8507000,10,Lenzburg,ch:1:sloid:2119,8502119,47.39119829,8.1703931,detour,8507100
fernverkehr:IC:8501609-8507000,11,Brugg AG,ch:1:sloid:309,8500309,47.48086045,8.208841,backbone,
fernverkehr:IC:8501609-8507000,12,Zürich HB,ch:1:sloid:3000,8503000,47.3781762,8.54021154,backbone,
fernverkehr:IC:8501609-8507000,13,Bern,ch:1:sloid:7000,8507000,46.94883109,7.43912853,branch,8507100
fernverkehr:IC:8501609-8507000,14,Basel SBB,ch:1:sloid:10,8500010,47.54741261,7.58956041,branch,8500218
fernverkehr:IC:8501609-8507000,15,Liestal,ch:1:sloid:23,8500023,47.48446052,7.73136846,branch,8500218
fernverkehr:IC:8503000-8503421,1,Zürich HB,ch:1:sloid:3000,8503000,47.3781762,8.54021154,backbone,
fernverkehr:IC:8503000-8503421,2,Jestetten,ch:1:sloid:3421,8503421,47.65440187,8.57329649,backbone,
fernverkehr:IC:8503000-8503424,1,Zürich HB,ch:1:sloid:3000,8503000,47.3781762,8.54021154,backbone,
fernverkehr:IC:8503000-8503424,2,Schaffhausen,ch:1:sloid:3424,8503424,47.69828386,8.63275598,backbone,
fernverkehr:IC:8503000-8504300,1,Zürich HB,ch:1:sloid:3000,8503000,47.3781762,8.54021154,backbone,
fernverkehr:IC:8503000-8504300,2,Aarau,ch:1:sloid:2113,8502113,47.39136249,8.0512765,backbone,
fernverkehr:IC:8503000-8504300,3,Olten,ch:1:sloid:218,8500218,47.3519337,7.90769877,backbone,
fernverkehr:IC:8503000-8504300,4,Solothurn,ch:1:sloid:207,8500207,47.20419001,7.54268632,backbone,
fernverkehr:IC:8503000-8504300,5,Biel/Bienne,ch:1:sloid:4300,8504300,47.13289524,7.24290952,backbone,
fernverkehr:IC:8503000-8505300,1,Olten,ch:1:sloid:218,8500218,47.3519337,7.90769877,backbone,
fernverkehr:IC:8503000-8505300,2,Dulliken,ch:1:sloid:2110,8502110,47.35427677,7.946497,backbone,
fernverkehr:IC:8503000-8505300,3,Däniken SO,ch:1:sloid:2111,8502111,47.35638848,7.97877347,backbone,
fernverkehr:IC:8503000-8505300,4,Schönenwerd SO,ch:1:sloid:2112,8502112,47.37142364,8.00016236,backbone,
fernverkehr:IC:8503000-8505300,5,Aarau,ch:1:sloid:2113,8502113,47.39136249,8.0512765,backbone,
fernverkehr:IC:8503000-8505300,6,Lenzburg,ch:1:sloid:2119,8502119,47.39119829,8.1703931,backbone,
fernverkehr:IC:8503000-8505300,7,Wohlen AG,ch:1:sloid:2213,8502213,47.34846455,8.26979169,backbone,
fernverkehr:IC:8503000-8505300,8,Muri AG,ch:1:sloid:2215,8502215,47.276669,8.33982435,backbone,
fernverkehr:IC:8503000-8505300,9,Rotkreuz,ch:1:sloid:2202,8502202,47.14176191,8.43049131,backbone,
fernverkehr:IC:8503000-8505300,10,Arth-Goldau,ch:1:sloid:5004,8505004,47.04904413,8.54944622,backbone,
fernverkehr:IC:8503000-8505300,11,Altdorf UR,ch:1:sloid:5113,8505113,46.87573871,8.63157919,detour,8505004
fernverkehr:IC:8503000-8505300,12,Bellinzona,ch:1:sloid:5213,8505213,46.19543302,9.02951489,backbone,
fernverkehr:IC:8503000-8505300,13,Lugano,ch:1:sloid:5300,8505300,46.00550223,8.94699565,backbone,
fernverkehr:IC:8503000-8505300,14,Mendrisio,ch:1:sloid:5305,8505305,45.86911151,8.97860737,extension,8505300
fernverkehr:IC:8503000-8505300,15,Chiasso,ch:1:sloid:5307,8505307,45.83216991,9.03144627,extension,8505300
fernverkehr:IC:8503000-8505300,16,Zug,ch:1:sloid:2204,8502204,47.17370877,8.51504973,branch,8505004
fernverkehr:IC:8503000-8505300,17,Zürich HB,ch:1:sloid:3000,8503000,47.3781762,8.54021154,branch,8505004
fernverkehr:IC:8503000-8505300,18,Luzern,ch:1:sloid:5000,8505000,47.05017648,8.31017995,branch,8505004
fernverkehr:IC:8503000-8505300,19,Locarno,ch:1:sloid:5400,8505400,46.17242106,8.80136078,branch,8505213
fernverkehr:IC:8503000-8505300,20,Tenero,ch:1:sloid:5401,8505401,46.17746586,8.85022913,branch,8505004
fernverkehr:IC:8503000-8506302,1,Zürich HB,ch:1:sloid:3000,8503000,47.3781762,8.54021154,backbone,
fernverkehr:IC:8503000-8506302,2,Zürich Oerlikon,ch:1:sloid:3006,8503006,47.41153089,8.54413718,backbone,
fernverkehr:IC:8503000-8506302,3,Zürich Flughafen,ch:1:sloid:3016,8503016,47.45038663,8.56239993,backbone,
fernverkehr:IC:8503000-8506302,4,Winterthur,ch:1:sloid:6000,8506000,47.50033307,8.7238182,backbone,
fernverkehr:IC:8503000-8506302,5,Wil SG,ch:1:sloid:6206,8506206,47.46241308,9.04099536,backbone,
fernverkehr:IC:8503000-8506302,6,Uzwil,ch:1:sloid:6208,8506208,47.43644343,9.13098859,backbone,
fernverkehr:IC:8503000-8506302,7,Flawil,ch:1:sloid:6209,8506209,47.41519041,9.18978332,backbone,
fernverkehr:IC:8503000-8506302,8,Gossau SG,ch:1:sloid:6210,8506210,47.41183485,9.25305167,backbone,
fernverkehr:IC:8503000-8506302,9,St. Gallen,ch:1:sloid:6302,8506302,47.42317725,9.36989554,backbone,
fernverkehr:IC:8503000-8507000,1,Genève-Aéroport,ch:1:sloid:1026,8501026,46.23253659,6.11198448,backbone,
fernverkehr:IC:8503000-8507000,2,Genève,ch:1:sloid:1008,8501008,46.21021156,6.14245533,backbone,
fernverkehr:IC:8503000-8507000,3,Nyon,ch:1:sloid:1030,8501030,46.38441838,6.23596996,backbone,
fernverkehr:IC:8503000-8507000,4,Morges,ch:1:sloid:1037,8501037,46.51109947,6.4939661,backbone,
fernverkehr:IC:8503000-8507000,5,Renens VD,ch:1:sloid:1118,8501118,46.53704052,6.57893775,backbone,
fernverkehr:IC:8503000-8507000,6,Lausanne,ch:1:sloid:1120,8501120,46.5167931,6.62909069,backbone,
fernverkehr:IC:8503000-8507000,7,Fribourg/Freiburg,ch:1:sloid:4100,8504100,46.80314923,7.1510478,backbone,
fernverkehr:IC:8503000-8507000,8,Bern,ch:1:sloid:7000,8507000,46.94883109,7.43912853,backbone,
fernverkehr:IC:8503000-8507000,9,Bern Wankdorf,ch:1:sloid:16161,8516161,46.96782577,7.46547612,detour,8507000
fernverkehr:IC:8503000-8507000,10,Olten,ch:1:sloid:218,8500218,47.3519337,7.90769877,detour,8516161
fernverkehr:IC:8503000-8507000,11,Aarau,ch:1:sloid:2113,8502113,47.39136249,8.0512765,detour,8507000
fernverkehr:IC:8503000-8507000,12,Zürich HB,ch:1:sloid:3000,8503000,47.3781762,8.54021154,backbone,
fernverkehr:IC:8503000-8507000,13,Sargans,ch:1:sloid:9411,8509411,47.04482056,9.44626132,backbone,
fernverkehr:IC:8503000-8507000,14,Landquart,ch:1:sloid:9002,8509002,46.96743957,9.55404119,backbone,
fernverkehr:IC:8503000-8507000,15,Chur,ch:1:sloid:9000,8509000,46.85308692,9.52893328,backbone,
fernverkehr:IC:8503000-8507000,16,Allaman,ch:1:sloid:1035,8501035,46.47575596,6.3996969,branch,8501008
fernverkehr:ICE-3,1,Zürich HB,ch:1:sloid:3000,8503000,47.3781762,8.54021154,backbone,
fernverkehr:ICE-3,2,Sargans,ch:1:sloid:9411,8509411,47.04482056,9.44626132,backbone,
fernverkehr:ICE-3,3,Landquart,ch:1:sloid:9002,8509002,46.96743957,9.55404119,backbone,
fernverkehr:ICE-3,4,Chur,ch:1:sloid:9000,8509000,46.85308692,9.52893328,backbone,
fernverkehr:ICE:8500010-8500090,1,Basel Bad Bf,ch:1:sloid:90,8500090,47.56730906,7.60691586,backbone,
fernverkehr:ICE:8500010-8500090,2,Basel SBB,ch:1:sloid:10,8500010,47.54741261,7.58956041,backbone,
fernverkehr:ICE:8500010-8500090,3,Zürich HB,ch:1:sloid:3000,8503000,47.3781762,8.54021154,backbone,
fernverkehr:ICE:8500010-8500090,4,Sargans,ch:1:sloid:9411,8509411,47.04482056,9.44626132,backbone,
fernverkehr:ICE:8500010-8500090,5,Landquart,ch:1:sloid:9002,8509002,46.96743957,9.55404119,backbone,
fernverkehr:ICE:8500010-8500090,6,Chur,ch:1:sloid:9000,8509000,46.85308692,9.52893328,backbone,
fernverkehr:ICE:8500090-8507492,1,Basel Bad Bf,ch:1:sloid:90,8500090,47.56730906,7.60691586,backbone,
fernverkehr:ICE:8500090-8507492,2,Basel SBB,ch:1:sloid:10,8500010,47.54741261,7.58956041,backbone,
fernverkehr:ICE:8500090-8507492,3,Liestal,ch:1:sloid:23,8500023,47.48446052,7.73136846,backbone,
fernverkehr:ICE:8500090-8507492,4,Olten,ch:1:sloid:218,8500218,47.3519337,7.90769877,backbone,
fernverkehr:ICE:8500090-8507492,5,Bern,ch:1:sloid:7000,8507000,46.94883109,7.43912853,backbone,
fernverkehr:ICE:8500090-8507492,6,Ostermundigen,ch:1:sloid:7002,8507002,46.95680257,7.48150206,backbone,
fernverkehr:ICE:8500090-8507492,7,Thun,ch:1:sloid:7100,8507100,46.75485153,7.6296073,backbone,
fernverkehr:ICE:8500090-8507492,8,Spiez,ch:1:sloid:7483,8507483,46.68639413,7.68010161,backbone,
fernverkehr:ICE:8500090-8507492,9,Visp,ch:1:sloid:1605,8501605,46.29402637,7.88146796,backbone,
fernverkehr:ICE:8500090-8507492,10,Brig,ch:1:sloid:1609,8501609,46.31942565,7.98809798,backbone,
fernverkehr:ICE:8500090-8507492,11,Interlaken West,ch:1:sloid:7493,8507493,46.68262879,7.85145525,branch,8507483
fernverkehr:ICE:8500090-8507492,12,Interlaken Ost,ch:1:sloid:7492,8507492,46.69049811,7.86899934,branch,8507483
fernverkehr:IR-N1,1,Winterthur,ch:1:sloid:6000,8506000,47.50033307,8.7238182,backbone,
fernverkehr:IR-N1,2,Zürich Flughafen,ch:1:sloid:3016,8503016,47.45038663,8.56239993,backbone,
fernverkehr:IR-N1,3,Zürich Oerlikon,ch:1:sloid:3006,8503006,47.41153089,8.54413718,backbone,
fernverkehr:IR-N1,4,Zürich HB,ch:1:sloid:3000,8503000,47.3781762,8.54021154,backbone,
fernverkehr:IR-N1,5,Olten,ch:1:sloid:218,8500218,47.3519337,7.90769877,backbone,
fernverkehr:IR-N1,6,Bern,ch:1:sloid:7000,8507000,46.94883109,7.43912853,backbone,
fernverkehr:IR-N1,7,Bern Wankdorf,ch:1:sloid:16161,8516161,46.96782577,7.46547612,branch,8500218
fernverkehr:IR-VAE,1,Luzern,ch:1:sloid:5000,8505000,47.05017648,8.31017995,extension,8505004
fernverkehr:IR-VAE,2,Luzern Verkehrshaus,ch:1:sloid:17336,8517336,47.05393448,8.33730008,extension,8505004
fernverkehr:IR-VAE,3,Meggen Zentrum,ch:1:sloid:5018,8505018,47.04519396,8.37439152,extension,8505004
fernverkehr:IR-VAE,4,Küssnacht am Rigi,ch:1:sloid:5002,8505002,47.08359136,8.43351863,extension,8505004
fernverkehr:IR-VAE,5,Arth-Goldau,ch:1:sloid:5004,8505004,47.04904413,8.54944622,backbone,
fernverkehr:IR-VAE,6,Steinerberg,ch:1:sloid:3280,8503280,47.05221465,8.58528002,backbone,
fernverkehr:IR-VAE,7,Sattel,ch:1:sloid:5350,8505350,47.08162168,8.63394176,backbone,
fernverkehr:IR-VAE,8,Biberegg,ch:1:sloid:3290,8503290,47.09360991,8.66944318,backbone,
fernverkehr:IR-VAE,9,Rothenthurm,ch:1:sloid:3282,8503282,47.10579721,8.67467137,backbone,
fernverkehr:IR-VAE,10,Altmatt,ch:1:sloid:3292,8503292,47.13165465,8.69615009,backbone,
fernverkehr:IR-VAE,11,Biberbrugg,ch:1:sloid:3284,8503284,47.15638166,8.72271327,backbone,
fernverkehr:IR-VAE,12,Schindellegi-Feusisberg,ch:1:sloid:3285,8503285,47.17640779,8.70938228,backbone,
fernverkehr:IR-VAE,13,Samstagern,ch:1:sloid:3286,8503286,47.19154911,8.68599015,backbone,
fernverkehr:IR-VAE,14,Riedmatt SZ,ch:1:sloid:3294,8503294,47.19670716,8.71210417,backbone,
fernverkehr:IR-VAE,15,Wollerau,ch:1:sloid:3288,8503288,47.19543753,8.72501296,backbone,
fernverkehr:IR-VAE,16,Wilen bei Wollerau,ch:1:sloid:3295,8503295,47.19758611,8.73433747,backbone,
fernverkehr:IR-VAE,17,Freienbach SOB,ch:1:sloid:3289,8503289,47.20420222,8.75940047,backbone,
fernverkehr:IR-VAE,18,Pfäffikon SZ,ch:1:sloid:3209,8503209,47.20299991,8.77813034,backbone,
fernverkehr:IR-VAE,19,Rapperswil SG,ch:1:sloid:3110,8503110,47.2248875,8.81674892,backbone,
fernverkehr:IR-VAE,20,Blumenau,ch:1:sloid:3113,8503113,47.22367345,8.8424048,detour,8503110
fernverkehr:IR-VAE,21,Schmerikon,ch:1:sloid:3115,8503115,47.22516203,8.94338442,detour,8503110
fernverkehr:IR-VAE,22,Uznach,ch:1:sloid:3116,8503116,47.22428353,8.98069146,backbone,
fernverkehr:IR-VAE,23,Kaltbrunn,ch:1:sloid:3117,8503117,47.2179811,9.02242719,backbone,
fernverkehr:IR-VAE,24,Wattwil,ch:1:sloid:6200,8506200,47.29947654,9.08648605,backbone,
fernverkehr:IR-VAE,25,Lichtensteig,ch:1:sloid:6201,8506201,47.31969835,9.08318923,backbone,
fernverkehr:IR-VAE,26,Brunnadern-Neckertal,ch:1:sloid:6294,8506294,47.33782441,9.13059333,backbone,
fernverkehr:IR-VAE,27,Mogelsberg,ch:1:sloid:6293,8506293,47.3637271,9.14202888,backbone,
fernverkehr:IR-VAE,28,Degersheim,ch:1:sloid:6292,8506292,47.37257954,9.20012293,backbone,
fernverkehr:IR-VAE,29,Schachen (Herisau),ch:1:sloid:6291,8506291,47.38513469,9.24320613,backbone,
fernverkehr:IR-VAE,30,Herisau,ch:1:sloid:6290,8506290,47.39016443,9.27681211,backbone,
fernverkehr:IR-VAE,31,St. Gallen Haggen,ch:1:sloid:6392,8506392,47.4077556,9.33814908,backbone,
fernverkehr:IR-VAE,32,St. Gallen,ch:1:sloid:6302,8506302,47.42317725,9.36989554,backbone,
fernverkehr:IR-VAE,33,Rotkreuz,ch:1:sloid:2202,8502202,47.14176191,8.43049131,branch,8505004
fernverkehr:IR13,1,Zürich HB,ch:1:sloid:3000,8503000,47.3781762,8.54021154,backbone,
fernverkehr:IR13,2,Zürich Oerlikon,ch:1:sloid:3006,8503006,47.41153089,8.54413718,backbone,
fernverkehr:IR13,3,Zürich Flughafen,ch:1:sloid:3016,8503016,47.45038663,8.56239993,backbone,
fernverkehr:IR13,4,Kemptthal,ch:1:sloid:3304,8503304,47.45284073,8.7055824,backbone,
fernverkehr:IR13,5,Winterthur,ch:1:sloid:6000,8506000,47.50033307,8.7238182,backbone,
fernverkehr:IR13,6,Wil SG,ch:1:sloid:6206,8506206,47.46241308,9.04099536,backbone,
fernverkehr:IR13,7,Uzwil,ch:1:sloid:6208,8506208,47.43644343,9.13098859,backbone,
fernverkehr:IR13,8,Flawil,ch:1:sloid:6209,8506209,47.41519041,9.18978332,backbone,
fernverkehr:IR13,9,Gossau SG,ch:1:sloid:6210,8506210,47.41183485,9.25305167,backbone,
fernverkehr:IR13,10,St. Gallen Winkeln,ch:1:sloid:6300,8506300,47.4039314,9.30086001,detour,8506210
fernverkehr:IR13,11,St. Gallen Bruggen,ch:1:sloid:6301,8506301,47.40720236,9.32965101,detour,8506210
fernverkehr:IR13,12,St. Gallen,ch:1:sloid:6302,8506302,47.42317725,9.36989554,backbone,
fernverkehr:IR13,13,Rorschach,ch:1:sloid:6311,8506311,47.47800087,9.5051369,backbone,
fernverkehr:IR13,14,St. Margrethen SG,ch:1:sloid:6314,8506314,47.45321734,9.63825825,backbone,
fernverkehr:IR13,15,Heerbrugg,ch:1:sloid:6317,8506317,47.41039408,9.6272449,backbone,
fernverkehr:IR13,16,Altstätten SG,ch:1:sloid:6319,8506319,47.37423427,9.55652054,backbone,
fernverkehr:IR13,17,Buchs SG,ch:1:sloid:9404,8509404,47.16841413,9.4786366,backbone,
fernverkehr:IR13,18,Sevelen,ch:1:sloid:9406,8509406,47.12537788,9.4938361,detour,8509404
fernverkehr:IR13,19,Sargans,ch:1:sloid:9411,8509411,47.04482056,9.44626132,backbone,
fernverkehr:IR13,20,Bad Ragaz,ch:1:sloid:9004,8509004,47.01030945,9.50522673,extension,8509411
fernverkehr:IR13,21,Maienfeld,ch:1:sloid:9003,8509003,47.00384073,9.52921175,extension,8509411
fernverkehr:IR13,22,Landquart,ch:1:sloid:9002,8509002,46.96743957,9.55404119,extension,8509411
fernverkehr:IR13,23,Chur,ch:1:sloid:9000,8509000,46.85308692,9.52893328,extension,8509411
fernverkehr:IR15,1,Genève-Aéroport,ch:1:sloid:1026,8501026,46.23253659,6.11198448,backbone,
fernverkehr:IR15,2,Genève,ch:1:sloid:1008,8501008,46.21021156,6.14245533,backbone,
fernverkehr:IR15,3,Nyon,ch:1:sloid:1030,8501030,46.38441838,6.23596996,backbone,
fernverkehr:IR15,4,Gland,ch:1:sloid:1031,8501031,46.41998839,6.26913576,detour,8501030
fernverkehr:IR15,5,Morges,ch:1:sloid:1037,8501037,46.51109947,6.4939661,backbone,
fernverkehr:IR15,6,Renens VD,ch:1:sloid:1118,8501118,46.53704052,6.57893775,backbone,
fernverkehr:IR15,7,Lausanne,ch:1:sloid:1120,8501120,46.5167931,6.62909069,backbone,
fernverkehr:IR15,8,Grandvaux,ch:1:sloid:4011,8504011,46.49694627,6.72265023,detour,8501120
fernverkehr:IR15,9,Puidoux,ch:1:sloid:4012,8504012,46.49384184,6.76568851,detour,8501120
fernverkehr:IR15,10,Palézieux,ch:1:sloid:4014,8504014,46.54276233,6.83787713,backbone,
fernverkehr:IR15,11,Romont FR,ch:1:sloid:4023,8504023,46.69350503,6.91180848,backbone,
fernverkehr:IR15,12,Fribourg/Freiburg,ch:1:sloid:4100,8504100,46.80314923,7.1510478,backbone,
fernverkehr:IR15,13,Düdingen,ch:1:sloid:4101,8504101,46.85105344,7.18975621,detour,8504100
fernverkehr:IR15,14,Flamatt,ch:1:sloid:4103,8504103,46.88849149,7.31957175,detour,8504100
fernverkehr:IR15,15,Bern,ch:1:sloid:7000,8507000,46.94883109,7.43912853,backbone,
fernverkehr:IR15,16,Zofingen,ch:1:sloid:2001,8502001,47.28805267,7.94311934,backbone,
fernverkehr:IR15,17,Sursee,ch:1:sloid:2007,8502007,47.17079586,8.09789008,backbone,
fernverkehr:IR15,18,Luzern,ch:1:sloid:5000,8505000,47.05017648,8.31017995,backbone,
fernverkehr:IR15,19,La Conversion,ch:1:sloid:4010,8504010,46.51308396,6.67832735,branch,8504014
fernverkehr:IR16,1,Zürich HB,ch:1:sloid:3000,8503000,47.3781762,8.54021154,backbone,
fernverkehr:IR16,2,Baden,ch:1:sloid:3504,8503504,47.47642226,8.30770958,backbone,
fernverkehr:IR16,3,Turgi,ch:1:sloid:3503,8503503,47.49175702,8.25346032,backbone,
fernverkehr:IR16,4,Brugg AG,ch:1:sloid:309,8500309,47.48086045,8.208841,backbone,
fernverkehr:IR16,5,Aarau,ch:1:sloid:2113,8502113,47.39136249,8.0512765,backbone,
fernverkehr:IR16,6,Olten,ch:1:sloid:218,8500218,47.3519337,7.90769877,backbone,
fernverkehr:IR16,7,Bern,ch:1:sloid:7000,8507000,46.94883109,7.43912853,backbone,
fernverkehr:IR17,1,Olten,ch:1:sloid:218,8500218,47.3519337,7.90769877,backbone,
fernverkehr:IR17,2,Langenthal,ch:1:sloid:8100,8508100,47.21730383,7.7847194,backbone,
fernverkehr:IR17,3,Herzogenbuchsee,ch:1:sloid:8008,8508008,47.18808774,7.70096049,backbone,
fernverkehr:IR17,4,Wynigen,ch:1:sloid:8006,8508006,47.10517354,7.66350972,backbone,
fernverkehr:IR17,5,Burgdorf,ch:1:sloid:8005,8508005,47.06070311,7.62169315,backbone,
fernverkehr:IR17,6,Bern Wankdorf,ch:1:sloid:16161,8516161,46.96782577,7.46547612,backbone,
fernverkehr:IR17,7,Bern,ch:1:sloid:7000,8507000,46.94883109,7.43912853,backbone,
fernverkehr:IR17,8,Zollikofen,ch:1:sloid:4410,8504410,47.00182522,7.46290694,branch,8508005
fernverkehr:IR26,1,Basel SBB,ch:1:sloid:10,8500010,47.54741261,7.58956041,backbone,
fernverkehr:IR26,2,Liestal,ch:1:sloid:23,8500023,47.48446052,7.73136846,backbone,
fernverkehr:IR26,3,Sissach,ch:1:sloid:26,8500026,47.46275319,7.81202819,backbone,
fernverkehr:IR26,4,Olten,ch:1:sloid:218,8500218,47.3519337,7.90769877,backbone,
fernverkehr:IR26,5,Zofingen,ch:1:sloid:2001,8502001,47.28805267,7.94311934,detour,8500218
fernverkehr:IR26,6,Sursee,ch:1:sloid:2007,8502007,47.17079586,8.09789008,detour,8500218
fernverkehr:IR26,7,Luzern,ch:1:sloid:5000,8505000,47.05017648,8.31017995,backbone,
fernverkehr:IR26,8,Luzern Verkehrshaus,ch:1:sloid:17336,8517336,47.05393448,8.33730008,detour,8505000
fernverkehr:IR26,9,Küssnacht am Rigi,ch:1:sloid:5002,8505002,47.08359136,8.43351863,detour,8505000
fernverkehr:IR26,10,Arth-Goldau,ch:1:sloid:5004,8505004,47.04904413,8.54944622,backbone,
fernverkehr:IR26,11,Steinen,ch:1:sloid:5005,8505005,47.04766692,8.60745044,detour,8505004
fernverkehr:IR26,12,Schwyz,ch:1:sloid:5006,8505006,47.02639823,8.63215411,backbone,
fernverkehr:IR26,13,Brunnen,ch:1:sloid:5007,8505007,46.99917247,8.61006454,backbone,
fernverkehr:IR26,14,Sisikon,ch:1:sloid:5111,8505111,46.94925422,8.62074551,detour,8505007
fernverkehr:IR26,15,Flüelen,ch:1:sloid:5112,8505112,46.90173226,8.62430283,backbone,
fernverkehr:IR26,16,Altdorf UR,ch:1:sloid:5113,8505113,46.87573871,8.63157919,backbone,
fernverkehr:IR26,17,Erstfeld,ch:1:sloid:5114,8505114,46.82033918,8.65045279,backbone,
fernverkehr:IR26,18,Göschenen,ch:1:sloid:5119,8505119,46.66581408,8.5888104,backbone,
fernverkehr:IR26,19,Airolo,ch:1:sloid:5201,8505201,46.52752344,8.60861825,backbone,
fernverkehr:IR26,20,Ambrì-Piotta,ch:1:sloid:5202,8505202,46.51076562,8.68992477,backbone,
fernverkehr:IR26,21,Faido,ch:1:sloid:5204,8505204,46.48307392,8.79070676,backbone,
fernverkehr:IR26,22,Lavorgo,ch:1:sloid:5205,8505205,46.44090328,8.83974579,backbone,
fernverkehr:IR26,23,Bodio TI,ch:1:sloid:5207,8505207,46.38025402,8.90657146,backbone,
fernverkehr:IR26,24,Biasca,ch:1:sloid:5209,8505209,46.35198128,8.97417867,backbone,
fernverkehr:IR26,25,Castione-Arbedo,ch:1:sloid:5212,8505212,46.22292277,9.04146249,backbone,
fernverkehr:IR26,26,Bellinzona,ch:1:sloid:5213,8505213,46.19543302,9.02951489,backbone,
fernverkehr:IR26,27,Giubiasco,ch:1:sloid:5214,8505214,46.17381449,9.0035985,backbone,
fernverkehr:IR26,28,Cadenazzo,ch:1:sloid:5404,8505404,46.15262308,8.94169559,backbone,
fernverkehr:IR26,29,Tenero,ch:1:sloid:5401,8505401,46.17746586,8.85022913,backbone,
fernverkehr:IR26,30,Locarno,ch:1:sloid:5400,8505400,46.17242106,8.80136078,backbone,
fernverkehr:IR26,31,Emmenbrücke,ch:1:sloid:2021,8502021,47.07060359,8.28256573,branch,8502007
fernverkehr:IR26,32,Lausen,ch:1:sloid:24,8500024,47.47034418,7.75976421,branch,8500218
fernverkehr:IR26,33,Rothenburg Station,ch:1:sloid:2020,8502020,47.08918192,8.24755839,branch,8500218
fernverkehr:IR27,1,Basel SBB,ch:1:sloid:10,8500010,47.54741261,7.58956041,backbone,
fernverkehr:IR27,2,Liestal,ch:1:sloid:23,8500023,47.48446052,7.73136846,backbone,
fernverkehr:IR27,3,Sissach,ch:1:sloid:26,8500026,47.46275319,7.81202819,backbone,
fernverkehr:IR27,4,Gelterkinden,ch:1:sloid:27,8500027,47.46589295,7.84766436,backbone,
fernverkehr:IR27,5,Olten,ch:1:sloid:218,8500218,47.3519337,7.90769877,backbone,
fernverkehr:IR27,6,Zofingen,ch:1:sloid:2001,8502001,47.28805267,7.94311934,backbone,
fernverkehr:IR27,7,Sursee,ch:1:sloid:2007,8502007,47.17079586,8.09789008,backbone,
fernverkehr:IR27,8,Luzern,ch:1:sloid:5000,8505000,47.05017648,8.31017995,backbone,
fernverkehr:IR35,1,Bern,ch:1:sloid:7000,8507000,46.94883109,7.43912853,backbone,
fernverkehr:IR35,2,Bern Wankdorf,ch:1:sloid:16161,8516161,46.96782577,7.46547612,detour,8507000
fernverkehr:IR35,3,Burgdorf,ch:1:sloid:8005,8508005,47.06070311,7.62169315,backbone,
fernverkehr:IR35,4,Wynigen,ch:1:sloid:8006,8508006,47.10517354,7.66350972,backbone,
fernverkehr:IR35,5,Herzogenbuchsee,ch:1:sloid:8008,8508008,47.18808774,7.70096049,backbone,
fernverkehr:IR35,6,Langenthal,ch:1:sloid:8100,8508100,47.21730383,7.7847194,backbone,
fernverkehr:IR35,7,Murgenthal,ch:1:sloid:8102,8508102,47.26538041,7.83210554,backbone,
fernverkehr:IR35,8,Olten,ch:1:sloid:218,8500218,47.3519337,7.90769877,backbone,
fernverkehr:IR35,9,Aarau,ch:1:sloid:2113,8502113,47.39136249,8.0512765,backbone,
fernverkehr:IR35,10,Lenzburg,ch:1:sloid:2119,8502119,47.39119829,8.1703931,backbone,
fernverkehr:IR35,11,Zürich Altstetten,ch:1:sloid:3001,8503001,47.39148412,8.48896265,backbone,
fernverkehr:IR35,12,Zürich HB,ch:1:sloid:3000,8503000,47.3781762,8.54021154,backbone,
fernverkehr:IR35,13,Thalwil,ch:1:sloid:3202,8503202,47.29597958,8.56477148,backbone,
fernverkehr:IR35,14,Au ZH,ch:1:sloid:3205,8503205,47.24682094,8.64372441,detour,8503202
fernverkehr:IR35,15,Wädenswil,ch:1:sloid:3206,8503206,47.22930419,8.67521934,backbone,
fernverkehr:IR35,16,Richterswil,ch:1:sloid:3207,8503207,47.20837654,8.70747785,detour,8503206
fernverkehr:IR35,17,Pfäffikon SZ,ch:1:sloid:3209,8503209,47.20299991,8.77813034,backbone,
fernverkehr:IR35,18,Rapperswil SG,ch:1:sloid:3110,8503110,47.2248875,8.81674892,detour,8503209
fernverkehr:IR35,19,Altendorf,ch:1:sloid:3211,8503211,47.19396643,8.82290238,detour,8503209
fernverkehr:IR35,20,Lachen SZ,ch:1:sloid:3220,8503220,47.19006569,8.85271746,detour,8503209
fernverkehr:IR35,21,Siebnen-Wangen,ch:1:sloid:3221,8503221,47.18267242,8.90071445,backbone,
fernverkehr:IR35,22,Blumenau,ch:1:sloid:3113,8503113,47.22367345,8.8424048,detour,8503110
fernverkehr:IR35,23,Schmerikon,ch:1:sloid:3115,8503115,47.22516203,8.94338442,detour,8503110
fernverkehr:IR35,24,Uznach,ch:1:sloid:3116,8503116,47.22428353,8.98069146,detour,8503110
fernverkehr:IR35,25,Benken SG,ch:1:sloid:3118,8503118,47.20445855,9.00865601,detour,8503110
fernverkehr:IR35,26,Schänis,ch:1:sloid:3119,8503119,47.15765833,9.04397777,detour,8503110
fernverkehr:IR35,27,Ziegelbrücke,ch:1:sloid:3225,8503225,47.13615854,9.06004863,backbone,
fernverkehr:IR35,28,Mühlehorn,ch:1:sloid:9418,8509418,47.11784113,9.17302076,detour,8503225
fernverkehr:IR35,29,Murg,ch:1:sloid:9417,8509417,47.11317673,9.21504395,detour,8503225
fernverkehr:IR35,30,Unterterzen,ch:1:sloid:9416,8509416,47.11385532,9.25501898,backbone,
fernverkehr:IR35,31,Walenstadt,ch:1:sloid:9414,8509414,47.11987671,9.31297828,backbone,
fernverkehr:IR35,32,Flums,ch:1:sloid:9413,8509413,47.09661878,9.34793173,backbone,
fernverkehr:IR35,33,Mels,ch:1:sloid:9412,8509412,47.05374475,9.41775778,detour,8509413
fernverkehr:IR35,34,Sargans,ch:1:sloid:9411,8509411,47.04482056,9.44626132,backbone,
fernverkehr:IR35,35,Bad Ragaz,ch:1:sloid:9004,8509004,47.01030945,9.50522673,backbone,
fernverkehr:IR35,36,Maienfeld,ch:1:sloid:9003,8509003,47.00384073,9.52921175,backbone,
fernverkehr:IR35,37,Landquart,ch:1:sloid:9002,8509002,46.96743957,9.55404119,backbone,
fernverkehr:IR35,38,Chur,ch:1:sloid:9000,8509000,46.85308692,9.52893328,backbone,
fernverkehr:IR35,39,Reichenburg,ch:1:sloid:3223,8503223,47.17269507,8.98232639,branch,8503221
fernverkehr:IR35,40,Bilten,ch:1:sloid:3224,8503224,47.15219104,9.02991913,branch,8503221
fernverkehr:IR35,41,Schübelbach-Buttikon,ch:1:sloid:3222,8503222,47.17638947,8.93878505,branch,8503221
fernverkehr:IR35,42,Zollikofen,ch:1:sloid:4410,8504410,47.00182522,7.46290694,branch,8508005
fernverkehr:IR36,1,Basel SBB,ch:1:sloid:10,8500010,47.54741261,7.58956041,backbone,
fernverkehr:IR36,2,Muttenz,ch:1:sloid:20,8500020,47.53359219,7.647897,backbone,
fernverkehr:IR36,3,Pratteln,ch:1:sloid:21,8500021,47.5226679,7.69081851,backbone,
fernverkehr:IR36,4,Rheinfelden,ch:1:sloid:301,8500301,47.55121425,7.79216644,backbone,
fernverkehr:IR36,5,Möhlin,ch:1:sloid:302,8500302,47.56185981,7.83386623,backbone,
fernverkehr:IR36,6,Stein-Säckingen,ch:1:sloid:320,8500320,47.54160957,7.94884161,backbone,
fernverkehr:IR36,7,Frick,ch:1:sloid:305,8500305,47.50734824,8.01308912,backbone,
fernverkehr:IR36,8,Brugg AG,ch:1:sloid:309,8500309,47.48086045,8.208841,backbone,
fernverkehr:IR36,9,Turgi,ch:1:sloid:3503,8503503,47.49175702,8.25346032,detour,8500309
fernverkehr:IR36,10,Baden,ch:1:sloid:3504,8503504,47.47642226,8.30770958,backbone,
fernverkehr:IR36,11,Dietikon,ch:1:sloid:3508,8503508,47.40578578,8.40498814,backbone,
fernverkehr:IR36,12,Zürich Altstetten,ch:1:sloid:3001,8503001,47.39148412,8.48896265,backbone,
fernverkehr:IR36,13,Zürich HB,ch:1:sloid:3000,8503000,47.3781762,8.54021154,backbone,
fernverkehr:IR36,14,Zürich Oerlikon,ch:1:sloid:3006,8503006,47.41153089,8.54413718,backbone,
fernverkehr:IR36,15,Zürich Flughafen,ch:1:sloid:3016,8503016,47.45038663,8.56239993,backbone,
fernverkehr:IR36,16,Kaiseraugst,ch:1:sloid:300,8500300,47.53849858,7.72413702,branch,8500301
fernverkehr:IR36,17,Wettingen,ch:1:sloid:3505,8503505,47.45963752,8.31601001,branch,8503000
fernverkehr:IR37,1,Basel SBB,ch:1:sloid:10,8500010,47.54741261,7.58956041,backbone,
fernverkehr:IR37,2,Liestal,ch:1:sloid:23,8500023,47.48446052,7.73136846,backbone,
fernverkehr:IR37,3,Sissach,ch:1:sloid:26,8500026,47.46275319,7.81202819,backbone,
fernverkehr:IR37,4,Gelterkinden,ch:1:sloid:27,8500027,47.46589295,7.84766436,backbone,
fernverkehr:IR37,5,Aarau,ch:1:sloid:2113,8502113,47.39136249,8.0512765,backbone,
fernverkehr:IR37,6,Lenzburg,ch:1:sloid:2119,8502119,47.39119829,8.1703931,backbone,
fernverkehr:IR37,7,Zürich HB,ch:1:sloid:3000,8503000,47.3781762,8.54021154,backbone,
fernverkehr:IR37,8,Olten,ch:1:sloid:218,8500218,47.3519337,7.90769877,branch,8502113
fernverkehr:IR38,1,Chur,ch:1:sloid:9000,8509000,46.85308692,9.52893328,backbone,
fernverkehr:IR38,2,Chur West,ch:1:sloid:9050,8509050,46.85039607,9.51477583,backbone,
fernverkehr:IR38,3,Domat/Ems,ch:1:sloid:9181,8509181,46.83333865,9.45314241,backbone,
fernverkehr:IR38,4,Domat/Ems Werk,ch:1:sloid:9182,8509182,46.82863093,9.43062165,backbone,
fernverkehr:IR38,5,Reichenau-Tamins,ch:1:sloid:9183,8509183,46.82395968,9.41308654,backbone,
fernverkehr:IR38,6,Thusis,ch:1:sloid:9189,8509189,46.69803974,9.44061092,backbone,
fernverkehr:IR38,7,Tiefencastel,ch:1:sloid:9192,8509192,46.66399546,9.57244767,backbone,
fernverkehr:IR38,8,Filisur,ch:1:sloid:9195,8509195,46.67517746,9.68234756,backbone,
fernverkehr:IR38,9,Bergün/Bravuogn,ch:1:sloid:9197,8509197,46.63154592,9.74641541,backbone,
fernverkehr:IR38,10,Preda,ch:1:sloid:9198,8509198,46.58823725,9.77742525,backbone,
fernverkehr:IR38,11,Spinas,ch:1:sloid:9199,8509199,46.55980677,9.8452211,backbone,
fernverkehr:IR38,12,Bever,ch:1:sloid:9250,8509250,46.54954615,9.88818752,detour,8509198
fernverkehr:IR38,13,Samedan,ch:1:sloid:9251,8509251,46.53375917,9.87318566,backbone,
fernverkehr:IR38,14,Celerina,ch:1:sloid:9252,8509252,46.51385672,9.85846227,backbone,
fernverkehr:IR38,15,St. Moritz,ch:1:sloid:9253,8509253,46.49799135,9.84584992,backbone,
fernverkehr:IR46,1,Zürich HB,ch:1:sloid:3000,8503000,47.3781762,8.54021154,backbone,
fernverkehr:IR46,2,Wohlen AG,ch:1:sloid:2213,8502213,47.34846455,8.26979169,detour,8503000
fernverkehr:IR46,3,Thalwil,ch:1:sloid:3202,8503202,47.29597958,8.56477148,detour,8503000
fernverkehr:IR46,4,Zug,ch:1:sloid:2204,8502204,47.17370877,8.51504973,backbone,
fernverkehr:IR46,5,Rotkreuz,ch:1:sloid:2202,8502202,47.14176191,8.43049131,detour,8503000
fernverkehr:IR46,6,Arth-Goldau,ch:1:sloid:5004,8505004,47.04904413,8.54944622,backbone,
fernverkehr:IR46,7,Steinen,ch:1:sloid:5005,8505005,47.04766692,8.60745044,detour,8505004
fernverkehr:IR46,8,Schwyz,ch:1:sloid:5006,8505006,47.02639823,8.63215411,backbone,
fernverkehr:IR46,9,Brunnen,ch:1:sloid:5007,8505007,46.99917247,8.61006454,backbone,
fernverkehr:IR46,10,Sisikon,ch:1:sloid:5111,8505111,46.94925422,8.62074551,detour,8505007
fernverkehr:IR46,11,Flüelen,ch:1:sloid:5112,8505112,46.90173226,8.62430283,backbone,
fernverkehr:IR46,12,Altdorf UR,ch:1:sloid:5113,8505113,46.87573871,8.63157919,backbone,
fernverkehr:IR46,13,Erstfeld,ch:1:sloid:5114,8505114,46.82033918,8.65045279,backbone,
fernverkehr:IR46,14,Göschenen,ch:1:sloid:5119,8505119,46.66581408,8.5888104,backbone,
fernverkehr:IR46,15,Airolo,ch:1:sloid:5201,8505201,46.52752344,8.60861825,backbone,
fernverkehr:IR46,16,Ambrì-Piotta,ch:1:sloid:5202,8505202,46.51076562,8.68992477,backbone,
fernverkehr:IR46,17,Faido,ch:1:sloid:5204,8505204,46.48307392,8.79070676,backbone,
fernverkehr:IR46,18,Lavorgo,ch:1:sloid:5205,8505205,46.44090328,8.83974579,backbone,
fernverkehr:IR46,19,Bodio TI,ch:1:sloid:5207,8505207,46.38025402,8.90657146,backbone,
fernverkehr:IR46,20,Biasca,ch:1:sloid:5209,8505209,46.35198128,8.97417867,backbone,
fernverkehr:IR46,21,Castione-Arbedo,ch:1:sloid:5212,8505212,46.22292277,9.04146249,backbone,
fernverkehr:IR46,22,Bellinzona,ch:1:sloid:5213,8505213,46.19543302,9.02951489,backbone,
fernverkehr:IR46,23,Giubiasco,ch:1:sloid:5214,8505214,46.17381449,9.0035985,backbone,
fernverkehr:IR46,24,Cadenazzo,ch:1:sloid:5404,8505404,46.15262308,8.94169559,backbone,
fernverkehr:IR46,25,Tenero,ch:1:sloid:5401,8505401,46.17746586,8.85022913,backbone,
fernverkehr:IR46,26,Locarno,ch:1:sloid:5400,8505400,46.17242106,8.80136078,backbone,
fernverkehr:IR46,27,Luzern,ch:1:sloid:5000,8505000,47.05017648,8.31017995,branch,8505004
fernverkehr:IR55,1,Biel/Bienne,ch:1:sloid:4300,8504300,47.13289524,7.24290952,extension,8503000
fernverkehr:IR55,2,Grenchen Süd,ch:1:sloid:202,8500202,47.18877759,7.39818332,extension,8503000
fernverkehr:IR55,3,Solothurn,ch:1:sloid:207,8500207,47.20419001,7.54268632,extension,8503000
fernverkehr:IR55,4,Oensingen,ch:1:sloid:212,8500212,47.28503636,7.70987177,extension,8503000
fernverkehr:IR55,5,Olten,ch:1:sloid:218,8500218,47.3519337,7.90769877,extension,8503000
fernverkehr:IR55,6,Lenzburg,ch:1:sloid:2119,8502119,47.39119829,8.1703931,detour,8500218
fernverkehr:IR55,7,Zürich HB,ch:1:sloid:3000,8503000,47.3781762,8.54021154,backbone,
fernverkehr:IR55,8,Zürich Oerlikon,ch:1:sloid:3006,8503006,47.41153089,8.54413718,backbone,
fernverkehr:IR55,9,Zürich Flughafen,ch:1:sloid:3016,8503016,47.45038663,8.56239993,backbone,
fernverkehr:IR55,10,Winterthur,ch:1:sloid:6000,8506000,47.50033307,8.7238182,backbone,
fernverkehr:IR55,11,Wil SG,ch:1:sloid:6206,8506206,47.46241308,9.04099536,backbone,
fernverkehr:IR55,12,Uzwil,ch:1:sloid:6208,8506208,47.43644343,9.13098859,backbone,
fernverkehr:IR55,13,Flawil,ch:1:sloid:6209,8506209,47.41519041,9.18978332,backbone,
fernverkehr:IR55,14,Gossau SG,ch:1:sloid:6210,8506210,47.41183485,9.25305167,backbone,
fernverkehr:IR55,15,St. Gallen Winkeln,ch:1:sloid:6300,8506300,47.4039314,9.30086001,backbone,
fernverkehr:IR55,16,St. Gallen,ch:1:sloid:6302,8506302,47.42317725,9.36989554,backbone,
fernverkehr:IR56,1,Basel SBB,ch:1:sloid:10,8500010,47.54741261,7.58956041,backbone,
fernverkehr:IR56,2,Laufen,ch:1:sloid:113,8500113,47.4193481,7.50263942,backbone,
fernverkehr:IR56,3,Delémont,ch:1:sloid:109,8500109,47.36201119,7.35006057,backbone,
fernverkehr:IR56,4,Moutier,ch:1:sloid:105,8500105,47.28067307,7.38104346,backbone,
fernverkehr:IR56,5,Grenchen Nord,ch:1:sloid:159,8500159,47.19169561,7.38962238,backbone,
fernverkehr:IR56,6,Lengnau BE,ch:1:sloid:201,8500201,47.1794303,7.36655364,detour,8500159
fernverkehr:IR56,7,Biel/Bienne,ch:1:sloid:4300,8504300,47.13289524,7.24290952,backbone,
fernverkehr:IR56,8,Münchenstein,ch:1:sloid:119,8500119,47.51339776,7.61759683,branch,8500113
fernverkehr:IR56,9,Aesch BL,ch:1:sloid:117,8500117,47.46774515,7.60307107,branch,8500113
fernverkehr:IR56,10,Zwingen,ch:1:sloid:114,8500114,47.43380018,7.53046025,branch,8500113
fernverkehr:IR57,1,Genève-Aéroport,ch:1:sloid:1026,8501026,46.23253659,6.11198448,backbone,
fernverkehr:IR57,2,Genève,ch:1:sloid:1008,8501008,46.21021156,6.14245533,backbone,
fernverkehr:IR57,3,Nyon,ch:1:sloid:1030,8501030,46.38441838,6.23596996,backbone,
fernverkehr:IR57,4,Gland,ch:1:sloid:1031,8501031,46.41998839,6.26913576,backbone,
fernverkehr:IR57,5,Morges,ch:1:sloid:1037,8501037,46.51109947,6.4939661,backbone,
fernverkehr:IR57,6,Yverdon-les-Bains,ch:1:sloid:4200,8504200,46.78154335,6.64094845,backbone,
fernverkehr:IR57,7,Neuchâtel,ch:1:sloid:4221,8504221,46.99672791,6.93570366,backbone,
fernverkehr:IR65,1,Biel/Bienne,ch:1:sloid:4300,8504300,47.13289524,7.24290952,backbone,
fernverkehr:IR65,2,Brügg BE,ch:1:sloid:4416,8504416,47.12364202,7.2782223,detour,8504300
fernverkehr:IR65,3,Studen BE,ch:1:sloid:4441,8504441,47.11158719,7.30081493,detour,8504300
fernverkehr:IR65,4,Busswil BE,ch:1:sloid:4415,8504415,47.09868574,7.31861954,detour,8504300
fernverkehr:IR65,5,Lyss,ch:1:sloid:4414,8504414,47.07632399,7.30630363,backbone,
fernverkehr:IR65,6,Suberg-Grossaffoltern,ch:1:sloid:4413,8504413,47.05878154,7.33900231,backbone,
fernverkehr:IR65,7,Schüpfen,ch:1:sloid:4412,8504412,47.04185774,7.38600216,backbone,
fernverkehr:IR65,8,Münchenbuchsee,ch:1:sloid:4411,8504411,47.02137675,7.45194749,backbone,
fernverkehr:IR65,9,Zollikofen,ch:1:sloid:4410,8504410,47.00182522,7.46290694,backbone,
fernverkehr:IR65,10,Bern Wankdorf,ch:1:sloid:16161,8516161,46.96782577,7.46547612,detour,8504414
fernverkehr:IR65,11,Bern,ch:1:sloid:7000,8507000,46.94883109,7.43912853,backbone,
fernverkehr:IR66,1,La Chaux-de-Fonds,ch:1:sloid:4314,8504314,47.09837387,6.82598343,backbone,
fernverkehr:IR66,2,Les Hauts-Geneveys,ch:1:sloid:4237,8504237,47.04717723,6.87467212,backbone,
fernverkehr:IR66,3,Les Geneveys-sur-Coffrane,ch:1:sloid:4236,8504236,47.01509311,6.85322035,backbone,
fernverkehr:IR66,4,Chambrelien,ch:1:sloid:4234,8504234,46.96710854,6.81225718,backbone,
fernverkehr:IR66,5,Neuchâtel,ch:1:sloid:4221,8504221,46.99672791,6.93570366,backbone,
fernverkehr:IR66,6,Marin-Epagnier,ch:1:sloid:4481,8504481,47.00910888,7.01059621,detour,8504221
fernverkehr:IR66,7,Ins,ch:1:sloid:4483,8504483,46.99982801,7.09956535,backbone,
fernverkehr:IR66,8,Müntschemier,ch:1:sloid:4484,8504484,46.99332126,7.14244194,detour,8504483
fernverkehr:IR66,9,Kerzers,ch:1:sloid:4400,8504400,46.97507729,7.19281048,backbone,
fernverkehr:IR66,10,Bern Brünnen Westside,ch:1:sloid:16154,8516154,46.94403537,7.37527628,backbone,
fernverkehr:IR66,11,Bern Bümpliz Nord,ch:1:sloid:4489,8504489,46.94582615,7.38975712,detour,8504400
fernverkehr:IR66,12,Bern,ch:1:sloid:7000,8507000,46.94883109,7.43912853,backbone,
fernverkehr:IR70,1,Zürich HB,ch:1:sloid:3000,8503000,47.3781762,8.54021154,backbone,
fernverkehr:IR70,2,Thalwil,ch:1:sloid:3202,8503202,47.29597958,8.56477148,backbone,
fernverkehr:IR70,3,Baar,ch:1:sloid:2206,8502206,47.19536428,8.52326931,backbone,
fernverkehr:IR70,4,Zug,ch:1:sloid:2204,8502204,47.17370877,8.51504973,backbone,
fernverkehr:IR70,5,Cham,ch:1:sloid:2203,8502203,47.17824574,8.45750365,backbone,
fernverkehr:IR70,6,Rotkreuz,ch:1:sloid:2202,8502202,47.14176191,8.43049131,backbone,
fernverkehr:IR70,7,Gisikon-Root,ch:1:sloid:2201,8502201,47.12132541,8.39479226,backbone,
fernverkehr:IR70,8,Ebikon,ch:1:sloid:2200,8502200,47.08426422,8.3423576,backbone,
fernverkehr:IR70,9,Luzern,ch:1:sloid:5000,8505000,47.05017648,8.31017995,backbone,
fernverkehr:IR75,1,Luzern,ch:1:sloid:5000,8505000,47.05017648,8.31017995,backbone,
fernverkehr:IR75,2,Rotkreuz,ch:1:sloid:2202,8502202,47.14176191,8.43049131,backbone,
fernverkehr:IR75,3,Cham,ch:1:sloid:2203,8502203,47.17824574,8.45750365,detour,8502202
fernverkehr:IR75,4,Zug,ch:1:sloid:2204,8502204,47.17370877,8.51504973,backbone,
fernverkehr:IR75,5,Baar,ch:1:sloid:2206,8502206,47.19536428,8.52326931,backbone,
fernverkehr:IR75,6,Thalwil,ch:1:sloid:3202,8503202,47.29597958,8.56477148,backbone,
fernverkehr:IR75,7,Zürich HB,ch:1:sloid:3000,8503000,47.3781762,8.54021154,backbone,
fernverkehr:IR75,8,Zürich Flughafen,ch:1:sloid:3016,8503016,47.45038663,8.56239993,backbone,
fernverkehr:IR75,9,Kemptthal,ch:1:sloid:3304,8503304,47.45284073,8.7055824,detour,8503016
fernverkehr:IR75,10,Winterthur,ch:1:sloid:6000,8506000,47.50033307,8.7238182,backbone,
fernverkehr:IR75,11,Frauenfeld,ch:1:sloid:6100,8506100,47.558162,8.89656423,backbone,
fernverkehr:IR75,12,Weinfelden,ch:1:sloid:6105,8506105,47.56622411,9.10636577,backbone,
fernverkehr:IR75,13,Kreuzlingen,ch:1:sloid:6131,8506131,47.65255022,9.16907716,backbone,
fernverkehr:IR75,14,Ebikon,ch:1:sloid:2200,8502200,47.08426422,8.3423576,branch,8502202
fernverkehr:IR75,15,Amriswil,ch:1:sloid:6109,8506109,47.55045031,9.30222545,branch,8506105
fernverkehr:IR75,16,Romanshorn,ch:1:sloid:6121,8506121,47.56552099,9.37937276,branch,8506105
fernverkehr:IR90,1,Genève-Aéroport,ch:1:sloid:1026,8501026,46.23253659,6.11198448,backbone,
fernverkehr:IR90,2,Genève,ch:1:sloid:1008,8501008,46.21021156,6.14245533,backbone,
fernverkehr:IR90,3,Coppet,ch:1:sloid:1023,8501023,46.31739687,6.18782924,detour,8501008
fernverkehr:IR90,4,Nyon,ch:1:sloid:1030,8501030,46.38441838,6.23596996,backbone,
fernverkehr:IR90,5,Gland,ch:1:sloid:1031,8501031,46.41998839,6.26913576,detour,8501030
fernverkehr:IR90,6,Morges,ch:1:sloid:1037,8501037,46.51109947,6.4939661,backbone,
fernverkehr:IR90,7,Renens VD,ch:1:sloid:1118,8501118,46.53704052,6.57893775,backbone,
fernverkehr:IR90,8,Lausanne,ch:1:sloid:1120,8501120,46.5167931,6.62909069,backbone,
fernverkehr:IR90,9,Palézieux,ch:1:sloid:4014,8504014,46.54276233,6.83787713,backbone,
fernverkehr:IR90,10,Vevey,ch:1:sloid:1200,8501200,46.4630044,6.84344668,backbone,
fernverkehr:IR90,11,Montreux,ch:1:sloid:1300,8501300,46.4358827,6.91044304,backbone,
fernverkehr:IR90,12,Aigle,ch:1:sloid:1400,8501400,46.31685709,6.96368618,backbone,
fernverkehr:IR90,13,St-Maurice,ch:1:sloid:1403,8501403,46.21637174,7.00204425,backbone,
fernverkehr:IR90,14,Martigny,ch:1:sloid:1500,8501500,46.10583124,7.0791197,backbone,
fernverkehr:IR90,15,Sion,ch:1:sloid:1506,8501506,46.22755278,7.35919644,backbone,
fernverkehr:IR90,16,Sierre/Siders,ch:1:sloid:1509,8501509,46.2921208,7.53282281,backbone,
fernverkehr:IR90,17,Leuk,ch:1:sloid:1601,8501601,46.3115769,7.64493256,backbone,
fernverkehr:IR90,18,Visp,ch:1:sloid:1605,8501605,46.29402637,7.88146796,backbone,
fernverkehr:IR90,19,Brig,ch:1:sloid:1609,8501609,46.31942565,7.98809798,backbone,
fernverkehr:IR90,20,Villeneuve VD,ch:1:sloid:1303,8501303,46.39837162,6.92699899,branch,8501300
fernverkehr:IR90,21,Bex,ch:1:sloid:1402,8501402,46.25146721,7.00066982,branch,8501403
fernverkehr:IR90,22,Allaman,ch:1:sloid:1035,8501035,46.47575596,6.3996969,branch,8501008
fernverkehr:IR90,23,Rolle,ch:1:sloid:1033,8501033,46.46274451,6.3364016,branch,8501031
fernverkehr:IR90,24,Pully,ch:1:sloid:1121,8501121,46.51092636,6.65947171,branch,8501200
fernverkehr:IR95,1,Genève-Aéroport,ch:1:sloid:1026,8501026,46.23253659,6.11198448,backbone,
fernverkehr:IR95,2,Genève,ch:1:sloid:1008,8501008,46.21021156,6.14245533,backbone,
fernverkehr:IR95,3,Nyon,ch:1:sloid:1030,8501030,46.38441838,6.23596996,backbone,
fernverkehr:IR95,4,Morges,ch:1:sloid:1037,8501037,46.51109947,6.4939661,backbone,
fernverkehr:IR95,5,Renens VD,ch:1:sloid:1118,8501118,46.53704052,6.57893775,backbone,
fernverkehr:IR95,6,Lausanne,ch:1:sloid:1120,8501120,46.5167931,6.62909069,backbone,
fernverkehr:IR95,7,Palézieux,ch:1:sloid:4014,8504014,46.54276233,6.83787713,detour,8501120
fernverkehr:IR95,8,Vevey,ch:1:sloid:1200,8501200,46.4630044,6.84344668,backbone,
fernverkehr:IR95,9,Montreux,ch:1:sloid:1300,8501300,46.4358827,6.91044304,backbone,
fernverkehr:IR95,10,Aigle,ch:1:sloid:1400,8501400,46.31685709,6.96368618,backbone,
fernverkehr:IR95,11,Bex,ch:1:sloid:1402,8501402,46.25146721,7.00066982,backbone,
fernverkehr:IR95,12,St-Maurice,ch:1:sloid:1403,8501403,46.21637174,7.00204425,backbone,
fernverkehr:IR95,13,Martigny,ch:1:sloid:1500,8501500,46.10583124,7.0791197,backbone,
fernverkehr:IR95,14,Sion,ch:1:sloid:1506,8501506,46.22755278,7.35919644,backbone,
fernverkehr:IR95,15,Sierre/Siders,ch:1:sloid:1509,8501509,46.2921208,7.53282281,backbone,
fernverkehr:IR95,16,Leuk,ch:1:sloid:1601,8501601,46.3115769,7.64493256,backbone,
fernverkehr:IR95,17,Visp,ch:1:sloid:1605,8501605,46.29402637,7.88146796,backbone,
fernverkehr:IR95,18,Brig,ch:1:sloid:1609,8501609,46.31942565,7.98809798,backbone,
fernverkehr:IR95,19,Villeneuve VD,ch:1:sloid:1303,8501303,46.39837162,6.92699899,branch,8501300
fernverkehr:IR95,20,Allaman,ch:1:sloid:1035,8501035,46.47575596,6.3996969,branch,8501030
fernverkehr:IR95,21,Coppet,ch:1:sloid:1023,8501023,46.31739687,6.18782924,branch,8501008
fernverkehr:IR:8500010-8505000,1,Lausen,ch:1:sloid:24,8500024,47.47034418,7.75976421,backbone,
fernverkehr:IR:8500010-8505000,2,Sissach,ch:1:sloid:26,8500026,47.46275319,7.81202819,backbone,
fernverkehr:IR:8500010-8505000,3,Gelterkinden,ch:1:sloid:27,8500027,47.46589295,7.84766436,backbone,
fernverkehr:IR:8500010-8505000,4,Olten,ch:1:sloid:218,8500218,47.3519337,7.90769877,backbone,
fernverkehr:IR:8500010-8505000,5,Zofingen,ch:1:sloid:2001,8502001,47.28805267,7.94311934,backbone,
fernverkehr:IR:8500010-8505000,6,Sursee,ch:1:sloid:2007,8502007,47.17079586,8.09789008,backbone,
fernverkehr:IR:8500010-8505000,7,Luzern,ch:1:sloid:5000,8505000,47.05017648,8.31017995,backbone,
fernverkehr:IR:8500010-8505000,8,Liestal,ch:1:sloid:23,8500023,47.48446052,7.73136846,branch,8500218
fernverkehr:IR:8500010-8505000,9,Basel SBB,ch:1:sloid:10,8500010,47.54741261,7.58956041,branch,8500218
fernverkehr:IR:8500010-8505000,10,Bern,ch:1:sloid:7000,8507000,46.94883109,7.43912853,branch,8502001
fernverkehr:IR:8500218-8507000,1,Zürich HB,ch:1:sloid:3000,8503000,47.3781762,8.54021154,extension,8500218
fernverkehr:IR:8500218-8507000,2,Olten,ch:1:sloid:218,8500218,47.3519337,7.90769877,backbone,
fernverkehr:IR:8500218-8507000,3,Langenthal,ch:1:sloid:8100,8508100,47.21730383,7.7847194,backbone,
fernverkehr:IR:8500218-8507000,4,Herzogenbuchsee,ch:1:sloid:8008,8508008,47.18808774,7.70096049,backbone,
fernverkehr:IR:8500218-8507000,5,Wynigen,ch:1:sloid:8006,8508006,47.10517354,7.66350972,backbone,
fernverkehr:IR:8500218-8507000,6,Burgdorf,ch:1:sloid:8005,8508005,47.06070311,7.62169315,backbone,
fernverkehr:IR:8500218-8507000,7,Bern,ch:1:sloid:7000,8507000,46.94883109,7.43912853,backbone,
fernverkehr:IR:8501008-8501026,1,Genève-Aéroport,ch:1:sloid:1026,8501026,46.23253659,6.11198448,backbone,
fernverkehr:IR:8501008-8501026,2,Genève,ch:1:sloid:1008,8501008,46.21021156,6.14245533,backbone,
fernverkehr:IR:8501008-8501026,3,Nyon,ch:1:sloid:1030,8501030,46.38441838,6.23596996,backbone,
fernverkehr:IR:8501008-8501026,4,Morges,ch:1:sloid:1037,8501037,46.51109947,6.4939661,backbone,
fernverkehr:IR:8501008-8501026,5,Renens VD,ch:1:sloid:1118,8501118,46.53704052,6.57893775,backbone,
fernverkehr:IR:8501008-8501026,6,Lausanne,ch:1:sloid:1120,8501120,46.5167931,6.62909069,backbone,
fernverkehr:IR:8501008-8501026,7,Palézieux,ch:1:sloid:4014,8504014,46.54276233,6.83787713,backbone,
fernverkehr:IR:8501008-8501026,8,Vevey,ch:1:sloid:1200,8501200,46.4630044,6.84344668,backbone,
fernverkehr:IR:8501008-8501026,9,Montreux,ch:1:sloid:1300,8501300,46.4358827,6.91044304,backbone,
fernverkehr:IR:8501008-8501026,10,Aigle,ch:1:sloid:1400,8501400,46.31685709,6.96368618,backbone,
fernverkehr:IR:8501008-8501026,11,Bex,ch:1:sloid:1402,8501402,46.25146721,7.00066982,backbone,
fernverkehr:IR:8501008-8501026,12,St-Maurice,ch:1:sloid:1403,8501403,46.21637174,7.00204425,backbone,
fernverkehr:IR:8501008-8501026,13,Martigny,ch:1:sloid:1500,8501500,46.10583124,7.0791197,backbone,
fernverkehr:IR:8501008-8501026,14,Sion,ch:1:sloid:1506,8501506,46.22755278,7.35919644,backbone,
fernverkehr:IR:8501008-8501026,15,Sierre/Siders,ch:1:sloid:1509,8501509,46.2921208,7.53282281,backbone,
fernverkehr:IR:8501008-8501026,16,Leuk,ch:1:sloid:1601,8501601,46.3115769,7.64493256,backbone,
fernverkehr:IR:8501008-8501026,17,Visp,ch:1:sloid:1605,8501605,46.29402637,7.88146796,backbone,
fernverkehr:IR:8501008-8501026,18,Brig,ch:1:sloid:1609,8501609,46.31942565,7.98809798,backbone,
fernverkehr:IR:8501008-8501026,19,Villeneuve VD,ch:1:sloid:1303,8501303,46.39837162,6.92699899,branch,8501300
fernverkehr:IR:8501008-8501506,1,Genève,ch:1:sloid:1008,8501008,46.21021156,6.14245533,backbone,
fernverkehr:IR:8501008-8501506,2,Nyon,ch:1:sloid:1030,8501030,46.38441838,6.23596996,backbone,
fernverkehr:IR:8501008-8501506,3,Morges,ch:1:sloid:1037,8501037,46.51109947,6.4939661,backbone,
fernverkehr:IR:8501008-8501506,4,Lausanne,ch:1:sloid:1120,8501120,46.5167931,6.62909069,backbone,
fernverkehr:IR:8501008-8501506,5,Vevey,ch:1:sloid:1200,8501200,46.4630044,6.84344668,backbone,
fernverkehr:IR:8501008-8501506,6,Montreux,ch:1:sloid:1300,8501300,46.4358827,6.91044304,backbone,
fernverkehr:IR:8501008-8501506,7,Aigle,ch:1:sloid:1400,8501400,46.31685709,6.96368618,backbone,
fernverkehr:IR:8501008-8501506,8,Martigny,ch:1:sloid:1500,8501500,46.10583124,7.0791197,backbone,
fernverkehr:IR:8501008-8501506,9,Sion,ch:1:sloid:1506,8501506,46.22755278,7.35919644,backbone,
fernverkehr:IR:8501026-8503000,1,Genève-Aéroport,ch:1:sloid:1026,8501026,46.23253659,6.11198448,backbone,
fernverkehr:IR:8501026-8503000,2,Genève,ch:1:sloid:1008,8501008,46.21021156,6.14245533,backbone,
fernverkehr:IR:8501026-8503000,3,Nyon,ch:1:sloid:1030,8501030,46.38441838,6.23596996,backbone,
fernverkehr:IR:8501026-8503000,4,Morges,ch:1:sloid:1037,8501037,46.51109947,6.4939661,backbone,
fernverkehr:IR:8501026-8503000,5,Lausanne,ch:1:sloid:1120,8501120,46.5167931,6.62909069,backbone,
fernverkehr:IR:8501026-8503000,6,Palézieux,ch:1:sloid:4014,8504014,46.54276233,6.83787713,backbone,
fernverkehr:IR:8501026-8503000,7,Romont FR,ch:1:sloid:4023,8504023,46.69350503,6.91180848,backbone,
fernverkehr:IR:8501026-8503000,8,Fribourg/Freiburg,ch:1:sloid:4100,8504100,46.80314923,7.1510478,backbone,
fernverkehr:IR:8501026-8503000,9,Bern,ch:1:sloid:7000,8507000,46.94883109,7.43912853,backbone,
fernverkehr:IR:8501026-8503000,10,Aarau,ch:1:sloid:2113,8502113,47.39136249,8.0512765,backbone,
fernverkehr:IR:8501026-8503000,11,Zürich HB,ch:1:sloid:3000,8503000,47.3781762,8.54021154,backbone,
fernverkehr:IR:8503000-8505000,1,Zürich HB,ch:1:sloid:3000,8503000,47.3781762,8.54021154,backbone,
fernverkehr:IR:8503000-8505000,2,Zürich Enge,ch:1:sloid:3010,8503010,47.36409826,8.53082415,backbone,
fernverkehr:IR:8503000-8505000,3,Thalwil,ch:1:sloid:3202,8503202,47.29597958,8.56477148,backbone,
fernverkehr:IR:8503000-8505000,4,Baar,ch:1:sloid:2206,8502206,47.19536428,8.52326931,backbone,
fernverkehr:IR:8503000-8505000,5,Zug,ch:1:sloid:2204,8502204,47.17370877,8.51504973,backbone,
fernverkehr:IR:8503000-8505000,6,Cham,ch:1:sloid:2203,8502203,47.17824574,8.45750365,backbone,
fernverkehr:IR:8503000-8505000,7,Rotkreuz,ch:1:sloid:2202,8502202,47.14176191,8.43049131,backbone,
fernverkehr:IR:8503000-8505000,8,Gisikon-Root,ch:1:sloid:2201,8502201,47.12132541,8.39479226,backbone,
fernverkehr:IR:8503000-8505000,9,Ebikon,ch:1:sloid:2200,8502200,47.08426422,8.3423576,backbone,
fernverkehr:IR:8503000-8505000,10,Luzern,ch:1:sloid:5000,8505000,47.05017648,8.31017995,backbone,
fernverkehr:IR:8503000-8505000,11,Arth-Goldau,ch:1:sloid:5004,8505004,47.04904413,8.54944622,branch,8502204
fernverkehr:IR:8503000-8507000,1,Zürich HB,ch:1:sloid:3000,8503000,47.3781762,8.54021154,backbone,
fernverkehr:IR:8503000-8507000,2,Lenzburg,ch:1:sloid:2119,8502119,47.39119829,8.1703931,backbone,
fernverkehr:IR:8503000-8507000,3,Olten,ch:1:sloid:218,8500218,47.3519337,7.90769877,backbone,
fernverkehr:IR:8503000-8507000,4,Langenthal,ch:1:sloid:8100,8508100,47.21730383,7.7847194,backbone,
fernverkehr:IR:8503000-8507000,5,Herzogenbuchsee,ch:1:sloid:8008,8508008,47.18808774,7.70096049,backbone,
fernverkehr:IR:8503000-8507000,6,Wynigen,ch:1:sloid:8006,8508006,47.10517354,7.66350972,backbone,
fernverkehr:IR:8503000-8507000,7,Burgdorf,ch:1:sloid:8005,8508005,47.06070311,7.62169315,backbone,
fernverkehr:IR:8503000-8507000,8,Bern,ch:1:sloid:7000,8507000,46.94883109,7.43912853,backbone,
fernverkehr:IR:8503016-8507000,1,Zürich Flughafen,ch:1:sloid:3016,8503016,47.45038663,8.56239993,backbone,
fernverkehr:IR:8503016-8507000,2,Zürich Oerlikon,ch:1:sloid:3006,8503006,47.41153089,8.54413718,backbone,
fernverkehr:IR:8503016-8507000,3,Zürich HB,ch:1:sloid:3000,8503000,47.3781762,8.54021154,backbone,
fernverkehr:IR:8503016-8507000,4,Zürich Altstetten,ch:1:sloid:3001,8503001,47.39148412,8.48896265,backbone,
fernverkehr:IR:8503016-8507000,5,Dietikon,ch:1:sloid:3508,8503508,47.40578578,8.40498814,backbone,
fernverkehr:IR:8503016-8507000,6,Lenzburg,ch:1:sloid:2119,8502119,47.39119829,8.1703931,backbone,
fernverkehr:IR:8503016-8507000,7,Aarau,ch:1:sloid:2113,8502113,47.39136249,8.0512765,backbone,
fernverkehr:IR:8503016-8507000,8,Olten,ch:1:sloid:218,8500218,47.3519337,7.90769877,backbone,
fernverkehr:IR:8503016-8507000,9,Bern,ch:1:sloid:7000,8507000,46.94883109,7.43912853,backbone,
fernverkehr:IR:8503016-8507000,10,Zollikofen,ch:1:sloid:4410,8504410,47.00182522,7.46290694,branch,8500218
fernverkehr:IR:8503016-8507000,11,Bern Wankdorf,ch:1:sloid:16161,8516161,46.96782577,7.46547612,branch,8500218
fernverkehr:IR:8505000-8508399,1,Luzern,ch:1:sloid:5000,8505000,47.05017648,8.31017995,backbone,
fernverkehr:IR:8505000-8508399,2,Horw,ch:1:sloid:8319,8508319,47.01748171,8.30699093,backbone,
fernverkehr:IR:8505000-8508399,3,Hergiswil NW,ch:1:sloid:8318,8508318,46.98261586,8.31017995,backbone,
fernverkehr:IR:8505000-8508399,4,Stansstad,ch:1:sloid:8390,8508390,46.97626637,8.33637482,backbone,
fernverkehr:IR:8505000-8508399,5,Stans,ch:1:sloid:8391,8508391,46.95839672,8.36657618,backbone,
fernverkehr:IR:8505000-8508399,6,Engelberg,ch:1:sloid:8399,8508399,46.81952161,8.40250879,backbone,
fernverkehr:IR:8505004-8505114,1,Luzern,ch:1:sloid:5000,8505000,47.05017648,8.31017995,backbone,
fernverkehr:IR:8505004-8505114,2,Luzern Verkehrshaus,ch:1:sloid:17336,8517336,47.05393448,8.33730008,backbone,
fernverkehr:IR:8505004-8505114,3,Küssnacht am Rigi,ch:1:sloid:5002,8505002,47.08359136,8.43351863,backbone,
fernverkehr:IR:8505004-8505114,4,Arth-Goldau,ch:1:sloid:5004,8505004,47.04904413,8.54944622,backbone,
fernverkehr:IR:8505004-8505114,5,Schwyz,ch:1:sloid:5006,8505006,47.02639823,8.63215411,backbone,
fernverkehr:IR:8505004-8505114,6,Brunnen,ch:1:sloid:5007,8505007,46.99917247,8.61006454,backbone,
fernverkehr:IR:8505004-8505114,7,Flüelen,ch:1:sloid:5112,8505112,46.90173226,8.62430283,backbone,
fernverkehr:IR:8505004-8505114,8,Altdorf UR,ch:1:sloid:5113,8505113,46.87573871,8.63157919,backbone,
fernverkehr:IR:8505004-8505114,9,Erstfeld,ch:1:sloid:5114,8505114,46.82033918,8.65045279,backbone,
fernverkehr:IR:8505114-8505201,1,Erstfeld,ch:1:sloid:5114,8505114,46.82033918,8.65045279,backbone,
fernverkehr:IR:8505114-8505201,2,Göschenen,ch:1:sloid:5119,8505119,46.66581408,8.5888104,backbone,
fernverkehr:IR:8505114-8505201,3,Airolo,ch:1:sloid:5201,8505201,46.52752344,8.60861825,backbone,
fernverkehr:IR:8506200-8506302,1,Wattwil,ch:1:sloid:6200,8506200,47.29947654,9.08648605,backbone,
fernverkehr:IR:8506200-8506302,2,Lichtensteig,ch:1:sloid:6201,8506201,47.31969835,9.08318923,backbone,
fernverkehr:IR:8506200-8506302,3,Brunnadern-Neckertal,ch:1:sloid:6294,8506294,47.33782441,9.13059333,backbone,
fernverkehr:IR:8506200-8506302,4,Mogelsberg,ch:1:sloid:6293,8506293,47.3637271,9.14202888,backbone,
fernverkehr:IR:8506200-8506302,5,Degersheim,ch:1:sloid:6292,8506292,47.37257954,9.20012293,backbone,
fernverkehr:IR:8506200-8506302,6,Schachen (Herisau),ch:1:sloid:6291,8506291,47.38513469,9.24320613,backbone,
fernverkehr:IR:8506200-8506302,7,Herisau,ch:1:sloid:6290,8506290,47.39016443,9.27681211,backbone,
fernverkehr:IR:8506200-8506302,8,St. Gallen Haggen,ch:1:sloid:6392,8506392,47.4077556,9.33814908,backbone,
fernverkehr:IR:8506200-8506302,9,St. Gallen,ch:1:sloid:6302,8506302,47.42317725,9.36989554,backbone,
fernverkehr:IRLEX,1,Luzern,ch:1:sloid:5000,8505000,47.05017648,8.31017995,backbone,
fernverkehr:IRLEX,2,Luzern Allmend/Messe,ch:1:sloid:8321,8508321,47.03506835,8.30323597,detour,8505000
fernverkehr:IRLEX,3,Kriens Mattenhof,ch:1:sloid:16351,8516351,47.02657581,8.30233765,backbone,
fernverkehr:IRLEX,4,Horw,ch:1:sloid:8319,8508319,47.01748171,8.30699093,backbone,
fernverkehr:IRLEX,5,Hergiswil Matt,ch:1:sloid:8320,8508320,46.99407491,8.31259641,detour,8505000
fernverkehr:IRLEX,6,Hergiswil NW,ch:1:sloid:8318,8508318,46.98261586,8.31017995,backbone,
fernverkehr:IRLEX,7,Stansstad,ch:1:sloid:8390,8508390,46.97626637,8.33637482,backbone,
fernverkehr:IRLEX,8,Stans,ch:1:sloid:8391,8508391,46.95839672,8.36657618,backbone,
fernverkehr:IRLEX,9,Dallenwil,ch:1:sloid:8392,8508392,46.93378016,8.39196257,backbone,
fernverkehr:IRLEX,10,Niederrickenbach Station,ch:1:sloid:8384,8508384,46.92812424,8.39593312,backbone,
fernverkehr:IRLEX,11,Wolfenschiessen,ch:1:sloid:8394,8508394,46.90782056,8.39480125,backbone,
fernverkehr:IRLEX,12,Grafenort,ch:1:sloid:8396,8508396,46.87059867,8.37242421,backbone,
fernverkehr:IRLEX,13,Engelberg,ch:1:sloid:8399,8508399,46.81952161,8.40250879,backbone,
fernverkehr:IRLIX,1,Luzern,ch:1:sloid:5000,8505000,47.05017648,8.31017995,backbone,
fernverkehr:IRLIX,2,Alpnach Dorf,ch:1:sloid:8316,8508316,46.94058857,8.27534328,backbone,
fernverkehr:IRLIX,3,Sarnen,ch:1:sloid:8314,8508314,46.89460585,8.24749551,backbone,
fernverkehr:IRLIX,4,Giswil,ch:1:sloid:8312,8508312,46.83653426,8.18632023,backbone,
fernverkehr:IRLIX,5,Kaiserstuhl OW,ch:1:sloid:8311,8508311,46.81437005,8.17552249,backbone,
fernverkehr:IRLIX,6,Lungern,ch:1:sloid:8310,8508310,46.78635361,8.16356591,backbone,
fernverkehr:IRLIX,7,Brünig-Hasliberg,ch:1:sloid:8309,8508309,46.75776255,8.13865563,backbone,
fernverkehr:IRLIX,8,Meiringen,ch:1:sloid:8308,8508308,46.72733367,8.18425411,backbone,
fernverkehr:IRLIX,9,Brienz,ch:1:sloid:8305,8508305,46.75484537,8.03894263,backbone,
fernverkehr:IRLIX,10,Interlaken Ost,ch:1:sloid:7492,8507492,46.69049811,7.86899934,backbone,
fernverkehr:NJ-3,1,Basel SBB,ch:1:sloid:10,8500010,47.54741261,7.58956041,backbone,
fernverkehr:NJ-3,2,Zürich HB,ch:1:sloid:3000,8503000,47.3781762,8.54021154,backbone,
fernverkehr:NJ-36,1,Basel SBB,ch:1:sloid:10,8500010,47.54741261,7.58956041,backbone,
fernverkehr:NJ-36,2,Rheinfelden,ch:1:sloid:301,8500301,47.55121425,7.79216644,backbone,
fernverkehr:NJ-36,3,Möhlin,ch:1:sloid:302,8500302,47.56185981,7.83386623,backbone,
fernverkehr:NJ-36,4,Stein-Säckingen,ch:1:sloid:320,8500320,47.54160957,7.94884161,backbone,
fernverkehr:NJ-36,5,Frick,ch:1:sloid:305,8500305,47.50734824,8.01308912,backbone,
fernverkehr:NJ-36,6,Brugg AG,ch:1:sloid:309,8500309,47.48086045,8.208841,backbone,
fernverkehr:NJ-36,7,Baden,ch:1:sloid:3504,8503504,47.47642226,8.30770958,backbone,
fernverkehr:NJ-36,8,Zürich HB,ch:1:sloid:3000,8503000,47.3781762,8.54021154,backbone,
fernverkehr:NJ:8500090-8503000,1,Basel Bad Bf,ch:1:sloid:90,8500090,47.56730906,7.60691586,backbone,
fernverkehr:NJ:8500090-8503000,2,Basel SBB,ch:1:sloid:10,8500010,47.54741261,7.58956041,backbone,
fernverkehr:NJ:8500090-8503000,3,Rheinfelden,ch:1:sloid:301,8500301,47.55121425,7.79216644,backbone,
fernverkehr:NJ:8500090-8503000,4,Möhlin,ch:1:sloid:302,8500302,47.56185981,7.83386623,backbone,
fernverkehr:NJ:8500090-8503000,5,Stein-Säckingen,ch:1:sloid:320,8500320,47.54160957,7.94884161,backbone,
fernverkehr:NJ:8500090-8503000,6,Frick,ch:1:sloid:305,8500305,47.50734824,8.01308912,backbone,
fernverkehr:NJ:8500090-8503000,7,Brugg AG,ch:1:sloid:309,8500309,47.48086045,8.208841,backbone,
fernverkehr:NJ:8500090-8503000,8,Baden,ch:1:sloid:3504,8503504,47.47642226,8.30770958,backbone,
fernverkehr:NJ:8500090-8503000,9,Zürich HB,ch:1:sloid:3000,8503000,47.3781762,8.54021154,backbone,
fernverkehr:NJ:8503000-8506314,1,Zürich HB,ch:1:sloid:3000,8503000,47.3781762,8.54021154,backbone,
fernverkehr:NJ:8503000-8506314,2,Winterthur,ch:1:sloid:6000,8506000,47.50033307,8.7238182,backbone,
fernverkehr:NJ:8503000-8506314,3,St. Gallen,ch:1:sloid:6302,8506302,47.42317725,9.36989554,backbone,
fernverkehr:NJ:8503000-8506314,4,St. Margrethen SG,ch:1:sloid:6314,8506314,47.45321734,9.63825825,backbone,
fernverkehr:NJ:8503000-8509404,1,Zürich HB,ch:1:sloid:3000,8503000,47.3781762,8.54021154,backbone,
fernverkehr:NJ:8503000-8509404,2,Sargans,ch:1:sloid:9411,8509411,47.04482056,9.44626132,backbone,
fernverkehr:NJ:8503000-8509404,3,Buchs SG,ch:1:sloid:9404,8509404,47.16841413,9.4786366,backbone,
fernverkehr:PE-30,1,Montreux,ch:1:sloid:1300,8501300,46.4358827,6.91044304,backbone,
fernverkehr:PE-30,2,Montreux-Collège,ch:1:sloid:1380,8501380,46.43609938,6.91270679,backbone,
fernverkehr:PE-30,3,Fontanivent,ch:1:sloid:1374,8501374,46.45273168,6.90233125,backbone,
fernverkehr:PE-30,4,Chernex,ch:1:sloid:1375,8501375,46.4459172,6.91008371,backbone,
fernverkehr:PE-30,5,Sonzier,ch:1:sloid:1384,8501384,46.43931234,6.92147435,backbone,
fernverkehr:PE-30,6,Chamby,ch:1:sloid:1376,8501376,46.44932145,6.91351527,backbone,
fernverkehr:PE-30,7,Sendy-Sollard,ch:1:sloid:1385,8501385,46.44710562,6.93013411,backbone,
fernverkehr:PE-30,8,Les Avants,ch:1:sloid:1377,8501377,46.45362907,6.94347409,backbone,
fernverkehr:PE-30,9,Jor,ch:1:sloid:1386,8501386,46.45466879,6.96512349,backbone,
fernverkehr:PE-30,10,Les Cases,ch:1:sloid:1387,8501387,46.4559189,6.99771437,backbone,
fernverkehr:PE-30,11,Allières,ch:1:sloid:1378,8501378,46.46982292,7.00789228,backbone,
fernverkehr:PE-30,12,Les Sciernes,ch:1:sloid:1379,8501379,46.49146084,7.0342219,backbone,
fernverkehr:PE-30,13,Montbovon,ch:1:sloid:4070,8504070,46.48542437,7.04213606,backbone,
fernverkehr:PE-30,14,La Tine,ch:1:sloid:1391,8501391,46.46716863,7.04657373,backbone,
fernverkehr:PE-30,15,Rossinière,ch:1:sloid:1392,8501392,46.4648112,7.08324296,backbone,
fernverkehr:PE-30,16,La Chaudanne-Les Moulins,ch:1:sloid:1393,8501393,46.4660549,7.09673566,backbone,
fernverkehr:PE-30,17,Château-dOex,ch:1:sloid:1394,8501394,46.47475995,7.13210233,backbone,
fernverkehr:PE-30,18,Château-dOex La Palaz,ch:1:sloid:1198,8501198,46.47589824,7.14383433,backbone,
fernverkehr:PE-30,19,Les Granges-Gérignoz,ch:1:sloid:1395,8501395,46.47416604,7.15494649,backbone,
fernverkehr:PE-30,20,Les Combes,ch:1:sloid:1388,8501388,46.47746955,7.17182583,backbone,
fernverkehr:PE-30,21,Flendruz,ch:1:sloid:1396,8501396,46.48209041,7.18607312,backbone,
fernverkehr:PE-30,22,Rougemont,ch:1:sloid:1397,8501397,46.48862205,7.20896219,backbone,
fernverkehr:PE-30,23,Saanen,ch:1:sloid:1398,8501398,46.48857257,7.26027396,backbone,
fernverkehr:PE-30,24,Gstaad,ch:1:sloid:1399,8501399,46.47494554,7.28422304,backbone,
fernverkehr:PE-30,25,Gruben,ch:1:sloid:7270,8507270,46.49053933,7.28012673,backbone,
fernverkehr:PE-30,26,Schönried,ch:1:sloid:7271,8507271,46.50453962,7.29110414,backbone,
fernverkehr:PE-30,27,Saanenmöser,ch:1:sloid:7272,8507272,46.51760908,7.31172047,backbone,
fernverkehr:PE-30,28,Oeschseite,ch:1:sloid:7273,8507273,46.53136756,7.35228839,backbone,
fernverkehr:PE-30,29,Zweisimmen,ch:1:sloid:7290,8507290,46.55348137,7.37486306,backbone,
fernverkehr:PE-72,1,Locarno FART,ch:1:sloid:5470,8505470,46.17264501,8.80263638,backbone,
fernverkehr:PE-72,2,Verscio,ch:1:sloid:5492,8505492,46.18456262,8.72947759,detour,8505470
fernverkehr:PE-72,3,Intragna,ch:1:sloid:5494,8505494,46.17765869,8.70226762,backbone,
fernverkehr:PE-72,4,Verdasio,ch:1:sloid:5496,8505496,46.16521075,8.64920413,backbone,
fernverkehr:PE-72,5,Camedo,ch:1:sloid:5499,8505499,46.1547513,8.61094489,backbone,
fernverkehr:PE-72,6,Re,ch:1:sloid:5580,8505580,46.1272897,8.53888203,backbone,
fernverkehr:PE-72,7,Malesco,ch:1:sloid:5584,8505584,46.12918855,8.49889802,backbone,
fernverkehr:PE-72,8,S. Maria Maggiore,ch:1:sloid:5581,8505581,46.13644716,8.46059386,backbone,
fernverkehr:PE-72,9,Druogno,ch:1:sloid:5585,8505585,46.13309811,8.43365338,backbone,
fernverkehr:PE-72,10,Trontano,ch:1:sloid:5597,8505597,46.12260766,8.33399428,backbone,
fernverkehr:PE-72,11,Masera,ch:1:sloid:5593,8505593,46.13190286,8.32379841,backbone,
fernverkehr:PE-BEX,1,Chur,ch:1:sloid:9000,8509000,46.85308692,9.52893328,backbone,
fernverkehr:PE-BEX,2,Domat/Ems,ch:1:sloid:9181,8509181,46.83333865,9.45314241,backbone,
fernverkehr:PE-BEX,3,Bonaduz,ch:1:sloid:9184,8509184,46.81035542,9.39789602,backbone,
fernverkehr:PE-BEX,4,Rhäzüns,ch:1:sloid:9185,8509185,46.79982251,9.3991896,backbone,
fernverkehr:PE-BEX,5,Thusis,ch:1:sloid:9189,8509189,46.69803974,9.44061092,backbone,
fernverkehr:PE-BEX,6,Tiefencastel,ch:1:sloid:9192,8509192,46.66399546,9.57244767,backbone,
fernverkehr:PE-BEX,7,Filisur,ch:1:sloid:9195,8509195,46.67517746,9.68234756,backbone,
fernverkehr:PE-BEX,8,Bergün/Bravuogn,ch:1:sloid:9197,8509197,46.63154592,9.74641541,backbone,
fernverkehr:PE-BEX,9,Landquart,ch:1:sloid:9002,8509002,46.96743957,9.55404119,detour,8509000
fernverkehr:PE-BEX,10,Klosters Platz,ch:1:sloid:9068,8509068,46.86955464,9.88084829,detour,8509000
fernverkehr:PE-BEX,11,Samedan,ch:1:sloid:9251,8509251,46.53375917,9.87318566,detour,8509000
fernverkehr:PE-BEX,12,Pontresina,ch:1:sloid:9255,8509255,46.49075579,9.89631728,backbone,
fernverkehr:PE-BEX,13,Bernina Diavolezza,ch:1:sloid:19370,8519370,46.44174515,9.98227707,detour,8509255
fernverkehr:PE-BEX,14,Ospizio Bernina,ch:1:sloid:9356,8509356,46.40877228,10.01986258,detour,8519370
fernverkehr:PE-BEX,15,Alp Grüm,ch:1:sloid:9357,8509357,46.37450891,10.03123525,backbone,
fernverkehr:PE-BEX,16,Poschiavo,ch:1:sloid:9361,8509361,46.32467406,10.05447467,backbone,
fernverkehr:PE-BEX,17,Le Prese,ch:1:sloid:9364,8509364,46.29108419,10.07819019,backbone,
fernverkehr:PE-BEX,18,Tirano,ch:1:sloid:9369,8509369,46.21573772,10.16669221,backbone,
fernverkehr:PE-BEX,19,St. Moritz,ch:1:sloid:9253,8509253,46.49799135,9.84584992,branch,8509255
fernverkehr:PE-GEX,1,Zermatt,ch:1:sloid:1689,8501689,46.02399955,7.74783458,extension,8509179
fernverkehr:PE-GEX,2,Brig Bahnhofplatz,ch:1:sloid:15296,8515296,46.31900997,7.9863822,extension,8509179
fernverkehr:PE-GEX,3,Andermatt,ch:1:sloid:5165,8505165,46.63688768,8.59328401,extension,8509179
fernverkehr:PE-GEX,4,Disentis/Mustér,ch:1:sloid:9179,8509179,46.70509366,8.85517885,extension,8509000
fernverkehr:PE-GEX,5,Chur,ch:1:sloid:9000,8509000,46.85308692,9.52893328,backbone,
fernverkehr:PE-GEX,6,Thusis,ch:1:sloid:9189,8509189,46.69803974,9.44061092,backbone,
fernverkehr:PE-GEX,7,Tiefencastel,ch:1:sloid:9192,8509192,46.66399546,9.57244767,backbone,
fernverkehr:PE-GEX,8,Filisur,ch:1:sloid:9195,8509195,46.67517746,9.68234756,backbone,
fernverkehr:PE-GEX,9,Bergün/Bravuogn,ch:1:sloid:9197,8509197,46.63154592,9.74641541,backbone,
fernverkehr:PE-GEX,10,Samedan,ch:1:sloid:9251,8509251,46.53375917,9.87318566,backbone,
fernverkehr:PE-GEX,11,Celerina,ch:1:sloid:9252,8509252,46.51385672,9.85846227,backbone,
fernverkehr:PE-GEX,12,St. Moritz,ch:1:sloid:9253,8509253,46.49799135,9.84584992,backbone,
fernverkehr:PE-GPX,1,Montreux,ch:1:sloid:1300,8501300,46.4358827,6.91044304,extension,8507290
fernverkehr:PE-GPX,2,Montbovon,ch:1:sloid:4070,8504070,46.48542437,7.04213606,extension,8507290
fernverkehr:PE-GPX,3,Château-dOex,ch:1:sloid:1394,8501394,46.47475995,7.13210233,extension,8507290
fernverkehr:PE-GPX,4,Gstaad,ch:1:sloid:1399,8501399,46.47494554,7.28422304,extension,8507290
fernverkehr:PE-GPX,5,Schönried,ch:1:sloid:7271,8507271,46.50453962,7.29110414,extension,8507290
fernverkehr:PE-GPX,6,Saanenmöser,ch:1:sloid:7272,8507272,46.51760908,7.31172047,extension,8507290
fernverkehr:PE-GPX,7,Zweisimmen,ch:1:sloid:7290,8507290,46.55348137,7.37486306,backbone,
fernverkehr:PE-GPX,8,Boltigen,ch:1:sloid:7292,8507292,46.62736961,7.39007153,backbone,
fernverkehr:PE-GPX,9,Erlenbach im Simmental,ch:1:sloid:7296,8507296,46.65909413,7.55523578,backbone,
fernverkehr:PE-GPX,10,Oey-Diemtigen,ch:1:sloid:7297,8507297,46.65988947,7.57914893,backbone,
fernverkehr:PE-GPX,11,Wimmis,ch:1:sloid:7298,8507298,46.67571986,7.63559907,backbone,
fernverkehr:PE-GPX,12,Spiez,ch:1:sloid:7483,8507483,46.68639413,7.68010161,backbone,
fernverkehr:PE-GPX,13,Interlaken West,ch:1:sloid:7493,8507493,46.68262879,7.85145525,backbone,
fernverkehr:PE-GPX,14,Interlaken Ost,ch:1:sloid:7492,8507492,46.69049811,7.86899934,backbone,
fernverkehr:PE-LIX,1,Luzern,ch:1:sloid:5000,8505000,47.05017648,8.31017995,backbone,
fernverkehr:PE-LIX,2,Luzern Allmend/Messe,ch:1:sloid:8321,8508321,47.03506835,8.30323597,detour,8505000
fernverkehr:PE-LIX,3,Hergiswil Matt,ch:1:sloid:8320,8508320,46.99407491,8.31259641,detour,8505000
fernverkehr:PE-LIX,4,Sarnen,ch:1:sloid:8314,8508314,46.89460585,8.24749551,backbone,
fernverkehr:PE-LIX,5,Sachseln,ch:1:sloid:8313,8508313,46.87096101,8.23830574,backbone,
fernverkehr:PE-LIX,6,Giswil,ch:1:sloid:8312,8508312,46.83653426,8.18632023,backbone,
fernverkehr:PE-LIX,7,Kaiserstuhl OW,ch:1:sloid:8311,8508311,46.81437005,8.17552249,backbone,
fernverkehr:PE-LIX,8,Lungern,ch:1:sloid:8310,8508310,46.78635361,8.16356591,backbone,
fernverkehr:PE-LIX,9,Brünig-Hasliberg,ch:1:sloid:8309,8508309,46.75776255,8.13865563,backbone,
fernverkehr:PE-LIX,10,Meiringen,ch:1:sloid:8308,8508308,46.72733367,8.18425411,backbone,
fernverkehr:PE-LIX,11,Brienzwiler,ch:1:sloid:8306,8508306,46.74568663,8.09063169,backbone,
fernverkehr:PE-LIX,12,Brienz,ch:1:sloid:8305,8508305,46.75484537,8.03894263,backbone,
fernverkehr:PE-LIX,13,Brienz West,ch:1:sloid:8329,8508329,46.75731329,8.02037445,backbone,
fernverkehr:PE-LIX,14,Ebligen,ch:1:sloid:8304,8508304,46.75262354,7.99003835,backbone,
fernverkehr:PE-LIX,15,Oberried am Brienzersee,ch:1:sloid:8303,8508303,46.7365571,7.95892969,backbone,
fernverkehr:PE-LIX,16,Niederried,ch:1:sloid:8302,8508302,46.71643345,7.92868341,backbone,
fernverkehr:PE-LIX,17,Ringgenberg,ch:1:sloid:8301,8508301,46.7038616,7.89982054,backbone,
fernverkehr:PE-LIX,18,Interlaken Ost,ch:1:sloid:7492,8507492,46.69049811,7.86899934,backbone,
fernverkehr:PE:8505004-8505300,1,Arth-Goldau,ch:1:sloid:5004,8505004,47.04904413,8.54944622,backbone,
fernverkehr:PE:8505004-8505300,2,Flüelen,ch:1:sloid:5112,8505112,46.90173226,8.62430283,backbone,
fernverkehr:PE:8505004-8505300,3,Bellinzona,ch:1:sloid:5213,8505213,46.19543302,9.02951489,backbone,
fernverkehr:PE:8505004-8505300,4,Lugano,ch:1:sloid:5300,8505300,46.00550223,8.94699565,backbone,
fernverkehr:RJX:8503000-8506302,1,Zürich HB,ch:1:sloid:3000,8503000,47.3781762,8.54021154,backbone,
fernverkehr:RJX:8503000-8506302,2,Zürich Flughafen,ch:1:sloid:3016,8503016,47.45038663,8.56239993,backbone,
fernverkehr:RJX:8503000-8506302,3,Winterthur,ch:1:sloid:6000,8506000,47.50033307,8.7238182,backbone,
fernverkehr:RJX:8503000-8506302,4,St. Gallen,ch:1:sloid:6302,8506302,47.42317725,9.36989554,backbone,
fernverkehr:RJX:8503000-8506302,5,St. Margrethen SG,ch:1:sloid:6314,8506314,47.45321734,9.63825825,backbone,
fernverkehr:RJX:8503000-8509404,1,Zürich HB,ch:1:sloid:3000,8503000,47.3781762,8.54021154,backbone,
fernverkehr:RJX:8503000-8509404,2,Winterthur,ch:1:sloid:6000,8506000,47.50033307,8.7238182,detour,8503000
fernverkehr:RJX:8503000-8509404,3,Sargans,ch:1:sloid:9411,8509411,47.04482056,9.44626132,backbone,
fernverkehr:RJX:8503000-8509404,4,Buchs SG,ch:1:sloid:9404,8509404,47.16841413,9.4786366,backbone,
fernverkehr:TGV-612B,1,Basel SBB,ch:1:sloid:10,8500010,47.54741261,7.58956041,backbone,
fernverkehr:TGV-612B,2,Zürich HB,ch:1:sloid:3000,8503000,47.3781762,8.54021154,backbone,
fernverkehr:TGV-622E,1,Genève,ch:1:sloid:1008,8501008,46.21021156,6.14245533,backbone,
fernverkehr:TGV-622E,2,Vallorbe,ch:1:sloid:1103,8501103,46.71240536,6.37056453,backbone,
fernverkehr:TGV:8500010-8503000,1,Basel SBB,ch:1:sloid:10,8500010,47.54741261,7.58956041,backbone,
fernverkehr:TGV:8500010-8503000,2,Zürich HB,ch:1:sloid:3000,8503000,47.3781762,8.54021154,backbone,
fernverkehr:TGV:8501008-8501103,1,Genève,ch:1:sloid:1008,8501008,46.21021156,6.14245533,backbone,
fernverkehr:TGV:8501008-8501103,2,Vallorbe,ch:1:sloid:1103,8501103,46.71240536,6.37056453,backbone,
fernverkehr:TGV:8501008-8501120,1,Genève,ch:1:sloid:1008,8501008,46.21021156,6.14245533,backbone,
fernverkehr:TGV:8501008-8501120,2,Lausanne,ch:1:sloid:1120,8501120,46.5167931,6.62909069,backbone,
fernverkehr:TGV:8501103-8501120,1,Vallorbe,ch:1:sloid:1103,8501103,46.71240536,6.37056453,backbone,
fernverkehr:TGV:8501103-8501120,2,Lausanne,ch:1:sloid:1120,8501120,46.5167931,6.62909069,backbone,
ferrovia-monte-generoso:CC-87,1,Capolago-Riva S. Vitale,ch:1:sloid:5304,8505304,45.90283432,8.97890381,backbone,
ferrovia-monte-generoso:CC-87,2,S. Nicolao,ch:1:sloid:5372,8505372,45.88637879,8.98887511,backbone,
ferrovia-monte-generoso:CC-87,3,Bellavista,ch:1:sloid:5373,8505373,45.9111165,9.00113711,backbone,
ferrovia-monte-generoso:CC-87,4,Monte Generoso Vetta,ch:1:sloid:5374,8505374,45.92803957,9.0190585,backbone,
ferrovie-autolinee-regionali-ticinesi:R70,1,Locarno FART,ch:1:sloid:5470,8505470,46.17264501,8.80263638,backbone,
ferrovie-autolinee-regionali-ticinesi:R70,2,Locarno S. Antonio,ch:1:sloid:5471,8505471,46.16881913,8.78632298,backbone,
ferrovie-autolinee-regionali-ticinesi:R70,3,Solduno,ch:1:sloid:5472,8505472,46.16947235,8.77760932,backbone,
ferrovie-autolinee-regionali-ticinesi:R70,4,Solduno S. Martino,ch:1:sloid:5467,8505467,46.17199805,8.7703689,backbone,
ferrovie-autolinee-regionali-ticinesi:R70,5,Tegna,ch:1:sloid:5491,8505491,46.18602416,8.74276367,backbone,
ferrovie-autolinee-regionali-ticinesi:R70,6,Verscio,ch:1:sloid:5492,8505492,46.18456262,8.72947759,backbone,
ferrovie-autolinee-regionali-ticinesi:R70,7,Cavigliano,ch:1:sloid:5493,8505493,46.18376032,8.7212041,backbone,
ferrovie-autolinee-regionali-ticinesi:R70,8,Intragna,ch:1:sloid:5494,8505494,46.17765869,8.70226762,backbone,
ferrovie-autolinee-regionali-ticinesi:R70,9,Corcapolo,ch:1:sloid:5495,8505495,46.16876936,8.6758302,backbone,
ferrovie-autolinee-regionali-ticinesi:R70,10,Verdasio,ch:1:sloid:5496,8505496,46.16521075,8.64920413,backbone,
ferrovie-autolinee-regionali-ticinesi:R70,11,Palagnedra,ch:1:sloid:5497,8505497,46.16110436,8.63080664,backbone,
ferrovie-autolinee-regionali-ticinesi:R70,12,Camedo,ch:1:sloid:5499,8505499,46.1547513,8.61094489,backbone,
ferrovie-autolinee-regionali-ticinesi:RE73,1,Locarno FART,ch:1:sloid:5470,8505470,46.17264501,8.80263638,backbone,
ferrovie-autolinee-regionali-ticinesi:RE73,2,Solduno S. Martino,ch:1:sloid:5467,8505467,46.17199805,8.7703689,backbone,
ferrovie-autolinee-regionali-ticinesi:RE73,3,Tegna,ch:1:sloid:5491,8505491,46.18602416,8.74276367,backbone,
ferrovie-autolinee-regionali-ticinesi:RE73,4,Verscio,ch:1:sloid:5492,8505492,46.18456262,8.72947759,backbone,
ferrovie-autolinee-regionali-ticinesi:RE73,5,Cavigliano,ch:1:sloid:5493,8505493,46.18376032,8.7212041,backbone,
ferrovie-autolinee-regionali-ticinesi:RE73,6,Intragna,ch:1:sloid:5494,8505494,46.17765869,8.70226762,backbone,
ferrovie-autolinee-regionali-ticinesi:RE73,7,Corcapolo,ch:1:sloid:5495,8505495,46.16876936,8.6758302,backbone,
ferrovie-autolinee-regionali-ticinesi:RE73,8,Verdasio,ch:1:sloid:5496,8505496,46.16521075,8.64920413,backbone,
ferrovie-autolinee-regionali-ticinesi:RE73,9,Palagnedra,ch:1:sloid:5497,8505497,46.16110436,8.63080664,detour,8505494
ferrovie-autolinee-regionali-ticinesi:RE73,10,Camedo,ch:1:sloid:5499,8505499,46.1547513,8.61094489,backbone,
ferrovie-autolinee-regionali-ticinesi:RE73,11,Folsogno-Dissimo,ch:1:sloid:5589,8505589,46.13437426,8.55810598,backbone,
ferrovie-autolinee-regionali-ticinesi:RE73,12,Re,ch:1:sloid:5580,8505580,46.1272897,8.53888203,backbone,
ferrovie-autolinee-regionali-ticinesi:RE73,13,Malesco,ch:1:sloid:5584,8505584,46.12918855,8.49889802,backbone,
ferrovie-autolinee-regionali-ticinesi:RE73,14,Zornasco,ch:1:sloid:5578,8505578,46.12970527,8.4908042,backbone,
ferrovie-autolinee-regionali-ticinesi:RE73,15,Prestinone,ch:1:sloid:5594,8505594,46.13304208,8.47951238,backbone,
ferrovie-autolinee-regionali-ticinesi:RE73,16,S. Maria Maggiore,ch:1:sloid:5581,8505581,46.13644716,8.46059386,backbone,
ferrovie-autolinee-regionali-ticinesi:RE73,17,Druogno,ch:1:sloid:5585,8505585,46.13309811,8.43365338,backbone,
ferrovie-autolinee-regionali-ticinesi:RE73,18,Gagnone-Orcesco,ch:1:sloid:5590,8505590,46.12860956,8.41961271,backbone,
ferrovie-autolinee-regionali-ticinesi:RE73,19,Verigo,ch:1:sloid:5599,8505599,46.12174218,8.35152042,backbone,
ferrovie-autolinee-regionali-ticinesi:RE73,20,Trontano,ch:1:sloid:5597,8505597,46.12260766,8.33399428,backbone,
ferrovie-autolinee-regionali-ticinesi:RE73,21,Creggio,ch:1:sloid:5588,8505588,46.12466233,8.32455299,backbone,
ferrovie-autolinee-regionali-ticinesi:RE73,22,Masera,ch:1:sloid:5593,8505593,46.13190286,8.32379841,backbone,
funicolare-ritom-sa:FUN-2603,1,Piora,ch:1:sloid:5260,8505260,46.52727004,8.67229084,backbone,
funicolare-ritom-sa:FUN-2603,2,Altanca (funicolare),ch:1:sloid:5259,8505259,46.52312896,8.67456357,backbone,
funicolare-ritom-sa:FUN-2603,3,Piotta Centrale (funicolare),ch:1:sloid:5273,8505273,46.5177018,8.67533613,backbone,
funiculaire-neuchatel-universite-neuchatel-gare:FUN-110,1,Neuchâtel-gare (FUNI),ch:1:sloid:30791,8530791,46.99650121,6.93591926,backbone,
funiculaire-neuchatel-universite-neuchatel-gare:FUN-110,2,Neuchâtel-Université (FUNI),ch:1:sloid:30792,8530792,46.99401363,6.93768894,backbone,
funiculaire-saint-imier-mont-soleil-sa:FUN-2020,1,St-Imier (funiculaire),ch:1:sloid:4360,8504360,47.15282026,6.99335754,backbone,
funiculaire-saint-imier-mont-soleil-sa:FUN-2020,2,Mont-Soleil (funiculaire),ch:1:sloid:4361,8504361,47.15861123,6.99377076,backbone,
funiculaire-st-luc-chandolin:FUN:8530142-8530143,1,St-Luc (Tignousa),ch:1:sloid:30142,8530142,46.21962871,7.60258598,backbone,
funiculaire-st-luc-chandolin:FUN:8530142-8530143,2,Tignousa,ch:1:sloid:30143,8530143,46.22913124,7.60970064,backbone,
gornergratbahn:CC-48,1,Zermatt GGB,ch:1:sloid:1690,8501690,46.02394342,7.74867001,backbone,
gornergratbahn:CC-48,2,Zermatt Ferienhaus legendär,ch:1:sloid:30858,8530858,46.01643293,7.75012528,backbone,
gornergratbahn:CC-48,3,Findelbach,ch:1:sloid:1679,8501679,46.00967012,7.74885866,backbone,
gornergratbahn:CC-48,4,Riffelalp,ch:1:sloid:1691,8501691,46.00489698,7.75434736,backbone,
gornergratbahn:CC-48,5,Riffelberg,ch:1:sloid:1692,8501692,45.99294672,7.75509297,backbone,
gornergratbahn:CC-48,6,Rotenboden,ch:1:sloid:1693,8501693,45.98447077,7.76536969,backbone,
gornergratbahn:CC-48,7,Gornergrat,ch:1:sloid:1694,8501694,45.983316,7.78219514,backbone,
gurtenbahn:FUN-2351,1,Wabern (Gurtenbahn),ch:1:sloid:7097,8507097,46.92782364,7.44602759,backbone,
gurtenbahn:FUN-2351,2,Grünenboden,ch:1:sloid:7098,8507098,46.92377454,7.44251518,backbone,
gurtenbahn:FUN-2351,3,Gurten Kulm,ch:1:sloid:7099,8507099,46.91960855,7.43974837,backbone,
harderbahn:FUN-2361,1,Interlaken Harderbahn,ch:1:sloid:7368,8507368,46.6910157,7.86538812,backbone,
harderbahn:FUN-2361,2,Harder Kulm,ch:1:sloid:7369,8507369,46.69828618,7.85489579,backbone,
interlaken-heimwehfluh:FUN-2360,1,Interlaken (Heimwehfluhbahn),ch:1:sloid:7349,8507349,46.67721143,7.8512127,backbone,
interlaken-heimwehfluh:FUN-2360,2,Heimwehfluh,ch:1:sloid:7367,8507367,46.67580615,7.85031439,backbone,
jungfraubahn:CC-65,1,Jungfraujoch,ch:1:sloid:7364,8507364,46.54747032,7.98208825,backbone,
jungfraubahn:CC-65,2,Eigergletscher,ch:1:sloid:7361,8507361,46.57480811,7.97407528,backbone,
jungfraubahn:CC-65,3,Kleine Scheidegg,ch:1:sloid:7374,8507374,46.5847923,7.96012445,backbone,
jura:R1,1,Delémont,ch:1:sloid:109,8500109,47.36201119,7.35006057,backbone,
jura:R1,2,Courtételle,ch:1:sloid:120,8500120,47.34282822,7.3179458,backbone,
jura:R1,3,Courfaivre,ch:1:sloid:121,8500121,47.33508489,7.29116702,backbone,
jura:R1,4,Bassecourt,ch:1:sloid:122,8500122,47.336686,7.24684414,backbone,
jura:R1,5,Glovelier,ch:1:sloid:123,8500123,47.33521274,7.20931253,backbone,
jura:R1,6,St-Ursanne,ch:1:sloid:124,8500124,47.36770023,7.16595984,backbone,
jura:R1,7,Courgenay,ch:1:sloid:125,8500125,47.40522643,7.12420614,backbone,
jura:R1,8,Porrentruy,ch:1:sloid:126,8500126,47.42091626,7.08008089,backbone,
jura:R1,9,Courchavon,ch:1:sloid:141,8500141,47.43977312,7.05764996,backbone,
jura:R1,10,Courtemaîche,ch:1:sloid:127,8500127,47.45587176,7.05537722,backbone,
jura:R1,11,Buix,ch:1:sloid:144,8500144,47.4793305,7.02996389,backbone,
jura:R1,12,Boncourt,ch:1:sloid:128,8500128,47.49263108,7.01655204,backbone,
jura:R11,1,Porrentruy,ch:1:sloid:126,8500126,47.42091626,7.08008089,backbone,
jura:R11,2,Courchavon,ch:1:sloid:141,8500141,47.43977312,7.05764996,backbone,
jura:R11,3,Courtemaîche,ch:1:sloid:127,8500127,47.45587176,7.05537722,backbone,
jura:R11,4,Buix,ch:1:sloid:144,8500144,47.4793305,7.02996389,backbone,
jura:R11,5,Boncourt,ch:1:sloid:128,8500128,47.49263108,7.01655204,backbone,
jura:R2,1,Delémont,ch:1:sloid:109,8500109,47.36201119,7.35006057,backbone,
jura:R2,2,Courtételle,ch:1:sloid:120,8500120,47.34282822,7.3179458,backbone,
jura:R2,3,Courfaivre,ch:1:sloid:121,8500121,47.33508489,7.29116702,backbone,
jura:R2,4,Bassecourt,ch:1:sloid:122,8500122,47.336686,7.24684414,backbone,
jura:R2,5,Glovelier,ch:1:sloid:123,8500123,47.33521274,7.20931253,backbone,
jura:R2,6,St-Ursanne,ch:1:sloid:124,8500124,47.36770023,7.16595984,backbone,
jura:R2,7,Courgenay,ch:1:sloid:125,8500125,47.40522643,7.12420614,backbone,
jura:R2,8,Porrentruy,ch:1:sloid:126,8500126,47.42091626,7.08008089,backbone,
jura:R2,9,Alle,ch:1:sloid:186,8500186,47.4242287,7.12824856,backbone,
jura:R2,10,Vendlincourt,ch:1:sloid:187,8500187,47.45215432,7.15703957,backbone,
jura:R2,11,Bonfol,ch:1:sloid:188,8500188,47.47442465,7.15488361,backbone,
jura:R22,1,Porrentruy,ch:1:sloid:126,8500126,47.42091626,7.08008089,backbone,
jura:R22,2,Alle,ch:1:sloid:186,8500186,47.4242287,7.12824856,backbone,
jura:R22,3,Vendlincourt,ch:1:sloid:187,8500187,47.45215432,7.15703957,backbone,
jura:R22,4,Bonfol,ch:1:sloid:188,8500188,47.47442465,7.15488361,backbone,
jura:R:8500109-8500126,1,Delémont,ch:1:sloid:109,8500109,47.36201119,7.35006057,backbone,
jura:R:8500109-8500126,2,Courtételle,ch:1:sloid:120,8500120,47.34282822,7.3179458,backbone,
jura:R:8500109-8500126,3,Courfaivre,ch:1:sloid:121,8500121,47.33508489,7.29116702,backbone,
jura:R:8500109-8500126,4,Bassecourt,ch:1:sloid:122,8500122,47.336686,7.24684414,backbone,
jura:R:8500109-8500126,5,Glovelier,ch:1:sloid:123,8500123,47.33521274,7.20931253,backbone,
jura:R:8500109-8500126,6,St-Ursanne,ch:1:sloid:124,8500124,47.36770023,7.16595984,backbone,
jura:R:8500109-8500126,7,Courgenay,ch:1:sloid:125,8500125,47.40522643,7.12420614,backbone,
jura:R:8500109-8500126,8,Porrentruy,ch:1:sloid:126,8500126,47.42091626,7.08008089,backbone,
kriens-sonnenberg-bahn:FUN-2515,1,Kriens (Sonnenbergbahn),ch:1:sloid:30359,8530359,47.03726015,8.27673567,backbone,
kriens-sonnenberg-bahn:FUN-2515,2,Zumhof,ch:1:sloid:30360,8530360,47.04071298,8.27515463,backbone,
kriens-sonnenberg-bahn:FUN-2515,3,Sonnenberg (Kriens),ch:1:sloid:30361,8530361,47.04386562,8.27251359,backbone,
kwo-seilbahnen:FUN:8531013-8531014,1,Handegg,,8531013,46.613585,8.308709,backbone,
kwo-seilbahnen:FUN:8531013-8531014,2,Gelmersee,,8531014,46.614439,8.320473,backbone,
lausanne-echallens-bercher:R20,1,Bercher,ch:1:sloid:1177,8501177,46.69288271,6.70365086,backbone,
lausanne-echallens-bercher:R20,2,Fey,ch:1:sloid:1176,8501176,46.67432071,6.68508268,backbone,
lausanne-echallens-bercher:R20,3,Sugnens,ch:1:sloid:1175,8501175,46.65485211,6.66575992,backbone,
lausanne-echallens-bercher:R20,4,Grésaley,ch:1:sloid:1178,8501178,46.64325269,6.64217016,backbone,
lausanne-echallens-bercher:R20,5,Sur Roche,ch:1:sloid:1174,8501174,46.64045268,6.63891826,backbone,
lausanne-echallens-bercher:R20,6,Echallens,ch:1:sloid:1173,8501173,46.63950902,6.63254022,backbone,
lausanne-echallens-bercher:R20,7,Assens,ch:1:sloid:1172,8501172,46.61314798,6.62052975,backbone,
lausanne-echallens-bercher:R20,8,Etagnières,ch:1:sloid:1171,8501171,46.60267527,6.61462781,backbone,
lausanne-echallens-bercher:R20,9,Les Ripes,ch:1:sloid:87727,8587727,46.59218818,6.60806113,backbone,
lausanne-echallens-bercher:R20,10,Cheseaux,ch:1:sloid:1169,8501169,46.58434777,6.60595907,backbone,
lausanne-echallens-bercher:R20,11,Bel-Air LEB,ch:1:sloid:1170,8501170,46.57867975,6.60552788,backbone,
lausanne-echallens-bercher:R20,12,Vernand-Camarès,ch:1:sloid:1168,8501168,46.57094237,6.60480024,backbone,
lausanne-echallens-bercher:R20,13,Romanel-sur-Lausanne,ch:1:sloid:1166,8501166,46.5624689,6.60317429,backbone,
lausanne-echallens-bercher:R20,14,Jouxtens-Mézery,ch:1:sloid:1165,8501165,46.54834143,6.60169207,backbone,
lausanne-echallens-bercher:R20,15,Cery-Fleur-de-Lys,ch:1:sloid:1164,8501164,46.54457884,6.60500686,backbone,
lausanne-echallens-bercher:R20,16,Prilly-Chasseur,ch:1:sloid:1163,8501163,46.53964816,6.60743231,backbone,
lausanne-echallens-bercher:R20,17,Union-Prilly,ch:1:sloid:1162,8501162,46.53471703,6.60984878,backbone,
lausanne-echallens-bercher:R20,18,Lausanne-Chauderon,ch:1:sloid:1160,8501160,46.52322785,6.62606337,backbone,
lausanne-echallens-bercher:R20,19,Lausanne-Flon,ch:1:sloid:1181,8501181,46.52079868,6.63033935,backbone,
lauterbrunnen-muerren:R66,1,Grütschalp,ch:1:sloid:7378,8507378,46.59651535,7.89087332,backbone,
lauterbrunnen-muerren:R66,2,Winteregg,ch:1:sloid:7560,8507560,46.58180403,7.89604762,backbone,
lauterbrunnen-muerren:R66,3,Mürren BLM,ch:1:sloid:7379,8507379,46.56410564,7.89724238,backbone,
leman-express:R4,1,Genève,ch:1:sloid:1008,8501008,46.21021156,6.14245533,backbone,
leman-express:R4,2,Genève-Sécheron,ch:1:sloid:16283,8516283,46.222438,6.14455739,backbone,
leman-express:R4,3,Chambésy,ch:1:sloid:1020,8501020,46.24094341,6.14730624,backbone,
leman-express:R4,4,Les Tuileries,ch:1:sloid:1011,8501011,46.2499453,6.14733319,backbone,
leman-express:R4,5,Genthod-Bellevue,ch:1:sloid:1021,8501021,46.25674078,6.15396275,backbone,
leman-express:R4,6,Creux-de-Genthod,ch:1:sloid:1012,8501012,46.2637652,6.16131097,backbone,
leman-express:R4,7,Versoix,ch:1:sloid:1022,8501022,46.27972983,6.16573967,backbone,
leman-express:R4,8,Pont-Céard,ch:1:sloid:1013,8501013,46.2868196,6.16277523,backbone,
leman-express:R4,9,Mies,ch:1:sloid:1014,8501014,46.29848901,6.16765308,backbone,
leman-express:R4,10,Tannay,ch:1:sloid:1015,8501015,46.30764279,6.18111882,backbone,
leman-express:R4,11,Coppet,ch:1:sloid:1023,8501023,46.31739687,6.18782924,backbone,
leman-express:R7,1,Genève-Aéroport,ch:1:sloid:1026,8501026,46.23253659,6.11198448,backbone,
leman-express:R7,2,Genève,ch:1:sloid:1008,8501008,46.21021156,6.14245533,backbone,
leman-express:R7,3,Lancy-Pont-Rouge,ch:1:sloid:16155,8516155,46.18594331,6.12494717,backbone,
leman-express:R7,4,Lancy-Bachet,ch:1:sloid:17142,8517142,46.1743308,6.1293579,backbone,
leman-express:R7,5,Genève-Champel,ch:1:sloid:16272,8516272,46.19219327,6.15349563,backbone,
leman-express:R7,6,Genève-Eaux-Vives,ch:1:sloid:16273,8516273,46.20144563,6.16656612,backbone,
leman-express:R7,7,Chêne-Bourg,ch:1:sloid:16274,8516274,46.19660202,6.19733341,backbone,
leman-express:R:8501023-8516274,1,Coppet,ch:1:sloid:1023,8501023,46.31739687,6.18782924,backbone,
leman-express:R:8501023-8516274,2,Tannay,ch:1:sloid:1015,8501015,46.30764279,6.18111882,backbone,
leman-express:R:8501023-8516274,3,Mies,ch:1:sloid:1014,8501014,46.29848901,6.16765308,backbone,
leman-express:R:8501023-8516274,4,Pont-Céard,ch:1:sloid:1013,8501013,46.2868196,6.16277523,backbone,
leman-express:R:8501023-8516274,5,Versoix,ch:1:sloid:1022,8501022,46.27972983,6.16573967,backbone,
leman-express:R:8501023-8516274,6,Creux-de-Genthod,ch:1:sloid:1012,8501012,46.2637652,6.16131097,backbone,
leman-express:R:8501023-8516274,7,Genthod-Bellevue,ch:1:sloid:1021,8501021,46.25674078,6.15396275,backbone,
leman-express:R:8501023-8516274,8,Les Tuileries,ch:1:sloid:1011,8501011,46.2499453,6.14733319,backbone,
leman-express:R:8501023-8516274,9,Chambésy,ch:1:sloid:1020,8501020,46.24094341,6.14730624,backbone,
leman-express:R:8501023-8516274,10,Genève-Sécheron,ch:1:sloid:16283,8516283,46.222438,6.14455739,backbone,
leman-express:R:8501023-8516274,11,Genève,ch:1:sloid:1008,8501008,46.21021156,6.14245533,backbone,
leman-express:R:8501023-8516274,12,Lancy-Pont-Rouge,ch:1:sloid:16155,8516155,46.18594331,6.12494717,backbone,
leman-express:R:8501023-8516274,13,Lancy-Bachet,ch:1:sloid:17142,8517142,46.1743308,6.1293579,backbone,
leman-express:R:8501023-8516274,14,Genève-Champel,ch:1:sloid:16272,8516272,46.19219327,6.15349563,backbone,
leman-express:R:8501023-8516274,15,Genève-Eaux-Vives,ch:1:sloid:16273,8516273,46.20144563,6.16656612,backbone,
leman-express:R:8501023-8516274,16,Chêne-Bourg,ch:1:sloid:16274,8516274,46.19660202,6.19733341,backbone,
leman-express:RE33,1,Brig,ch:1:sloid:1609,8501609,46.31942565,7.98809798,extension,8501500
leman-express:RE33,2,Visp,ch:1:sloid:1605,8501605,46.29402637,7.88146796,extension,8501500
leman-express:RE33,3,Leuk,ch:1:sloid:1601,8501601,46.3115769,7.64493256,extension,8501500
leman-express:RE33,4,Sierre/Siders,ch:1:sloid:1509,8501509,46.2921208,7.53282281,extension,8501500
leman-express:RE33,5,Sion,ch:1:sloid:1506,8501506,46.22755278,7.35919644,extension,8501500
leman-express:RE33,6,Martigny,ch:1:sloid:1500,8501500,46.10583124,7.0791197,backbone,
leman-express:RE33,7,St-Maurice,ch:1:sloid:1403,8501403,46.21637174,7.00204425,backbone,
leman-express:RE33,8,Bex,ch:1:sloid:1402,8501402,46.25146721,7.00066982,backbone,
leman-express:RE33,9,Aigle,ch:1:sloid:1400,8501400,46.31685709,6.96368618,backbone,
leman-express:RE33,10,Villeneuve VD,ch:1:sloid:1303,8501303,46.39837162,6.92699899,backbone,
leman-express:RE33,11,Veytaux-Chillon,ch:1:sloid:1302,8501302,46.41762273,6.92786137,detour,8501303
leman-express:RE33,12,Montreux,ch:1:sloid:1300,8501300,46.4358827,6.91044304,backbone,
leman-express:RE33,13,Vevey,ch:1:sloid:1200,8501200,46.4630044,6.84344668,backbone,
leman-express:RE33,14,Lausanne,ch:1:sloid:1120,8501120,46.5167931,6.62909069,backbone,
leman-express:RE33,15,Prilly-Malley,ch:1:sloid:18452,8518452,46.52668907,6.60262632,backbone,
leman-express:RE33,16,Renens VD,ch:1:sloid:1118,8501118,46.53704052,6.57893775,backbone,
leman-express:RE33,17,Morges,ch:1:sloid:1037,8501037,46.51109947,6.4939661,backbone,
leman-express:RE33,18,St-Prex,ch:1:sloid:1036,8501036,46.48231928,6.45590449,detour,8501037
leman-express:RE33,19,Etoy,ch:1:sloid:1042,8501042,46.47517444,6.42713145,detour,8501037
leman-express:RE33,20,Allaman,ch:1:sloid:1035,8501035,46.47575596,6.3996969,backbone,
leman-express:RE33,21,Rolle,ch:1:sloid:1033,8501033,46.46274451,6.3364016,backbone,
leman-express:RE33,22,Gland,ch:1:sloid:1031,8501031,46.41998839,6.26913576,backbone,
leman-express:RE33,23,Nyon,ch:1:sloid:1030,8501030,46.38441838,6.23596996,backbone,
leman-express:RE33,24,Coppet,ch:1:sloid:1023,8501023,46.31739687,6.18782924,backbone,
leman-express:RE33,25,Tannay,ch:1:sloid:1015,8501015,46.30764279,6.18111882,detour,8501023
leman-express:RE33,26,Mies,ch:1:sloid:1014,8501014,46.29848901,6.16765308,detour,8501023
leman-express:RE33,27,Pont-Céard,ch:1:sloid:1013,8501013,46.2868196,6.16277523,detour,8501023
leman-express:RE33,28,Versoix,ch:1:sloid:1022,8501022,46.27972983,6.16573967,detour,8501023
leman-express:RE33,29,Creux-de-Genthod,ch:1:sloid:1012,8501012,46.2637652,6.16131097,detour,8501022
leman-express:RE33,30,Genthod-Bellevue,ch:1:sloid:1021,8501021,46.25674078,6.15396275,detour,8501022
leman-express:RE33,31,Les Tuileries,ch:1:sloid:1011,8501011,46.2499453,6.14733319,detour,8501022
leman-express:RE33,32,Chambésy,ch:1:sloid:1020,8501020,46.24094341,6.14730624,detour,8501022
leman-express:RE33,33,Genève-Sécheron,ch:1:sloid:16283,8516283,46.222438,6.14455739,detour,8501022
leman-express:RE33,34,Genève,ch:1:sloid:1008,8501008,46.21021156,6.14245533,backbone,
leman-express:RE33,35,Lancy-Pont-Rouge,ch:1:sloid:16155,8516155,46.18594331,6.12494717,backbone,
leman-express:RE33,36,Lancy-Bachet,ch:1:sloid:17142,8517142,46.1743308,6.1293579,backbone,
leman-express:RE33,37,Genève-Champel,ch:1:sloid:16272,8516272,46.19219327,6.15349563,backbone,
leman-express:RE33,38,Genève-Eaux-Vives,ch:1:sloid:16273,8516273,46.20144563,6.16656612,backbone,
leman-express:RE33,39,Chêne-Bourg,ch:1:sloid:16274,8516274,46.19660202,6.19733341,backbone,
leman-express:RE33,40,Genève-Aéroport,ch:1:sloid:1026,8501026,46.23253659,6.11198448,branch,8501008
leman-express:RE33,41,St-Saphorin,ch:1:sloid:1127,8501127,46.47259464,6.79703073,branch,8501200
leman-express:RE33,42,Rivaz,ch:1:sloid:1126,8501126,46.47420935,6.78459805,branch,8501200
leman-express:RE33,43,Epesses,ch:1:sloid:1125,8501125,46.48932712,6.74516201,branch,8501200
leman-express:RE33,44,Cully,ch:1:sloid:1124,8501124,46.4885602,6.72715079,branch,8501200
leman-express:RE33,45,Villette VD,ch:1:sloid:1123,8501123,46.495425,6.70737887,branch,8501200
leman-express:RE33,46,Lutry,ch:1:sloid:1122,8501122,46.50378528,6.69060732,branch,8501200
leman-express:RE33,47,Pully,ch:1:sloid:1121,8501121,46.51092636,6.65947171,branch,8501200
leman-express:RE:8501008-8501030,1,Genève-Aéroport,ch:1:sloid:1026,8501026,46.23253659,6.11198448,backbone,
leman-express:RE:8501008-8501030,2,Genève,ch:1:sloid:1008,8501008,46.21021156,6.14245533,backbone,
leman-express:RE:8501008-8501030,3,Coppet,ch:1:sloid:1023,8501023,46.31739687,6.18782924,backbone,
leman-express:RE:8501008-8501030,4,Nyon,ch:1:sloid:1030,8501030,46.38441838,6.23596996,backbone,
leman-express:RE:8501008-8501030,5,Gland,ch:1:sloid:1031,8501031,46.41998839,6.26913576,backbone,
leman-express:RE:8501008-8501030,6,Rolle,ch:1:sloid:1033,8501033,46.46274451,6.3364016,backbone,
leman-express:RE:8501008-8501030,7,Allaman,ch:1:sloid:1035,8501035,46.47575596,6.3996969,backbone,
leman-express:RE:8501008-8501030,8,Morges,ch:1:sloid:1037,8501037,46.51109947,6.4939661,backbone,
leman-express:RE:8501008-8501030,9,Renens VD,ch:1:sloid:1118,8501118,46.53704052,6.57893775,backbone,
leman-express:RE:8501008-8501030,10,Lausanne,ch:1:sloid:1120,8501120,46.5167931,6.62909069,backbone,
leman-express:RE:8501008-8501030,11,Vevey,ch:1:sloid:1200,8501200,46.4630044,6.84344668,backbone,
leman-express:RE:8501008-8501030,12,Montreux,ch:1:sloid:1300,8501300,46.4358827,6.91044304,extension,8501200
leman-express:RE:8501008-8501030,13,Etoy,ch:1:sloid:1042,8501042,46.47517444,6.42713145,branch,8501033
leman-express:RL1,1,Coppet,ch:1:sloid:1023,8501023,46.31739687,6.18782924,backbone,
leman-express:RL1,2,Tannay,ch:1:sloid:1015,8501015,46.30764279,6.18111882,backbone,
leman-express:RL1,3,Mies,ch:1:sloid:1014,8501014,46.29848901,6.16765308,backbone,
leman-express:RL1,4,Pont-Céard,ch:1:sloid:1013,8501013,46.2868196,6.16277523,backbone,
leman-express:RL1,5,Versoix,ch:1:sloid:1022,8501022,46.27972983,6.16573967,backbone,
leman-express:RL1,6,Creux-de-Genthod,ch:1:sloid:1012,8501012,46.2637652,6.16131097,backbone,
leman-express:RL1,7,Genthod-Bellevue,ch:1:sloid:1021,8501021,46.25674078,6.15396275,backbone,
leman-express:RL1,8,Les Tuileries,ch:1:sloid:1011,8501011,46.2499453,6.14733319,backbone,
leman-express:RL1,9,Chambésy,ch:1:sloid:1020,8501020,46.24094341,6.14730624,backbone,
leman-express:RL1,10,Genève-Sécheron,ch:1:sloid:16283,8516283,46.222438,6.14455739,backbone,
leman-express:RL1,11,Genève,ch:1:sloid:1008,8501008,46.21021156,6.14245533,backbone,
leman-express:RL1,12,Lancy-Pont-Rouge,ch:1:sloid:16155,8516155,46.18594331,6.12494717,backbone,
leman-express:RL1,13,Lancy-Bachet,ch:1:sloid:17142,8517142,46.1743308,6.1293579,backbone,
leman-express:RL1,14,Genève-Champel,ch:1:sloid:16272,8516272,46.19219327,6.15349563,backbone,
leman-express:RL1,15,Genève-Eaux-Vives,ch:1:sloid:16273,8516273,46.20144563,6.16656612,backbone,
leman-express:RL1,16,Chêne-Bourg,ch:1:sloid:16274,8516274,46.19660202,6.19733341,backbone,
leman-express:RL2,1,Coppet,ch:1:sloid:1023,8501023,46.31739687,6.18782924,backbone,
leman-express:RL2,2,Tannay,ch:1:sloid:1015,8501015,46.30764279,6.18111882,backbone,
leman-express:RL2,3,Mies,ch:1:sloid:1014,8501014,46.29848901,6.16765308,backbone,
leman-express:RL2,4,Pont-Céard,ch:1:sloid:1013,8501013,46.2868196,6.16277523,backbone,
leman-express:RL2,5,Versoix,ch:1:sloid:1022,8501022,46.27972983,6.16573967,backbone,
leman-express:RL2,6,Creux-de-Genthod,ch:1:sloid:1012,8501012,46.2637652,6.16131097,backbone,
leman-express:RL2,7,Genthod-Bellevue,ch:1:sloid:1021,8501021,46.25674078,6.15396275,backbone,
leman-express:RL2,8,Les Tuileries,ch:1:sloid:1011,8501011,46.2499453,6.14733319,backbone,
leman-express:RL2,9,Chambésy,ch:1:sloid:1020,8501020,46.24094341,6.14730624,backbone,
leman-express:RL2,10,Genève-Sécheron,ch:1:sloid:16283,8516283,46.222438,6.14455739,backbone,
leman-express:RL2,11,Genève,ch:1:sloid:1008,8501008,46.21021156,6.14245533,backbone,
leman-express:RL2,12,Lancy-Pont-Rouge,ch:1:sloid:16155,8516155,46.18594331,6.12494717,backbone,
leman-express:RL2,13,Lancy-Bachet,ch:1:sloid:17142,8517142,46.1743308,6.1293579,backbone,
leman-express:RL2,14,Genève-Champel,ch:1:sloid:16272,8516272,46.19219327,6.15349563,backbone,
leman-express:RL2,15,Genève-Eaux-Vives,ch:1:sloid:16273,8516273,46.20144563,6.16656612,backbone,
leman-express:RL2,16,Chêne-Bourg,ch:1:sloid:16274,8516274,46.19660202,6.19733341,backbone,
leman-express:RL3,1,Coppet,ch:1:sloid:1023,8501023,46.31739687,6.18782924,backbone,
leman-express:RL3,2,Tannay,ch:1:sloid:1015,8501015,46.30764279,6.18111882,backbone,
leman-express:RL3,3,Mies,ch:1:sloid:1014,8501014,46.29848901,6.16765308,backbone,
leman-express:RL3,4,Pont-Céard,ch:1:sloid:1013,8501013,46.2868196,6.16277523,backbone,
leman-express:RL3,5,Versoix,ch:1:sloid:1022,8501022,46.27972983,6.16573967,backbone,
leman-express:RL3,6,Creux-de-Genthod,ch:1:sloid:1012,8501012,46.2637652,6.16131097,backbone,
leman-express:RL3,7,Genthod-Bellevue,ch:1:sloid:1021,8501021,46.25674078,6.15396275,backbone,
leman-express:RL3,8,Les Tuileries,ch:1:sloid:1011,8501011,46.2499453,6.14733319,backbone,
leman-express:RL3,9,Chambésy,ch:1:sloid:1020,8501020,46.24094341,6.14730624,backbone,
leman-express:RL3,10,Genève-Sécheron,ch:1:sloid:16283,8516283,46.222438,6.14455739,backbone,
leman-express:RL3,11,Genève,ch:1:sloid:1008,8501008,46.21021156,6.14245533,backbone,
leman-express:RL3,12,Lancy-Pont-Rouge,ch:1:sloid:16155,8516155,46.18594331,6.12494717,backbone,
leman-express:RL3,13,Lancy-Bachet,ch:1:sloid:17142,8517142,46.1743308,6.1293579,backbone,
leman-express:RL3,14,Genève-Champel,ch:1:sloid:16272,8516272,46.19219327,6.15349563,backbone,
leman-express:RL3,15,Genève-Eaux-Vives,ch:1:sloid:16273,8516273,46.20144563,6.16656612,backbone,
leman-express:RL3,16,Chêne-Bourg,ch:1:sloid:16274,8516274,46.19660202,6.19733341,backbone,
leman-express:RL4,1,Coppet,ch:1:sloid:1023,8501023,46.31739687,6.18782924,backbone,
leman-express:RL4,2,Tannay,ch:1:sloid:1015,8501015,46.30764279,6.18111882,backbone,
leman-express:RL4,3,Mies,ch:1:sloid:1014,8501014,46.29848901,6.16765308,backbone,
leman-express:RL4,4,Pont-Céard,ch:1:sloid:1013,8501013,46.2868196,6.16277523,backbone,
leman-express:RL4,5,Versoix,ch:1:sloid:1022,8501022,46.27972983,6.16573967,backbone,
leman-express:RL4,6,Creux-de-Genthod,ch:1:sloid:1012,8501012,46.2637652,6.16131097,backbone,
leman-express:RL4,7,Genthod-Bellevue,ch:1:sloid:1021,8501021,46.25674078,6.15396275,backbone,
leman-express:RL4,8,Les Tuileries,ch:1:sloid:1011,8501011,46.2499453,6.14733319,backbone,
leman-express:RL4,9,Chambésy,ch:1:sloid:1020,8501020,46.24094341,6.14730624,backbone,
leman-express:RL4,10,Genève-Sécheron,ch:1:sloid:16283,8516283,46.222438,6.14455739,backbone,
leman-express:RL4,11,Genève,ch:1:sloid:1008,8501008,46.21021156,6.14245533,backbone,
leman-express:RL4,12,Lancy-Pont-Rouge,ch:1:sloid:16155,8516155,46.18594331,6.12494717,backbone,
leman-express:RL4,13,Lancy-Bachet,ch:1:sloid:17142,8517142,46.1743308,6.1293579,backbone,
leman-express:RL4,14,Genève-Champel,ch:1:sloid:16272,8516272,46.19219327,6.15349563,backbone,
leman-express:RL4,15,Genève-Eaux-Vives,ch:1:sloid:16273,8516273,46.20144563,6.16656612,backbone,
leman-express:RL4,16,Chêne-Bourg,ch:1:sloid:16274,8516274,46.19660202,6.19733341,backbone,
leman-express:RL5,1,La Plaine,ch:1:sloid:1001,8501001,46.17866634,5.99999151,backbone,
leman-express:RL5,2,Russin,ch:1:sloid:1002,8501002,46.18839363,6.01803867,backbone,
leman-express:RL5,3,Satigny,ch:1:sloid:1003,8501003,46.21422725,6.03766686,backbone,
leman-express:RL5,4,Zimeysa,ch:1:sloid:1000,8501000,46.22123847,6.06598175,backbone,
leman-express:RL5,5,Meyrin,ch:1:sloid:1006,8501006,46.22233234,6.07690527,backbone,
leman-express:RL5,6,Vernier,ch:1:sloid:1007,8501007,46.22071639,6.09389241,backbone,
leman-express:RL5,7,Genève,ch:1:sloid:1008,8501008,46.21021156,6.14245533,backbone,
leman-express:RL6,1,La Plaine,ch:1:sloid:1001,8501001,46.17866634,5.99999151,backbone,
leman-express:RL6,2,Russin,ch:1:sloid:1002,8501002,46.18839363,6.01803867,backbone,
leman-express:RL6,3,Satigny,ch:1:sloid:1003,8501003,46.21422725,6.03766686,backbone,
leman-express:RL6,4,Zimeysa,ch:1:sloid:1000,8501000,46.22123847,6.06598175,backbone,
leman-express:RL6,5,Meyrin,ch:1:sloid:1006,8501006,46.22233234,6.07690527,backbone,
leman-express:RL6,6,Vernier,ch:1:sloid:1007,8501007,46.22071639,6.09389241,backbone,
leman-express:RL6,7,Genève,ch:1:sloid:1008,8501008,46.21021156,6.14245533,backbone,
leman-express:RL7,1,Genève-Aéroport,ch:1:sloid:1026,8501026,46.23253659,6.11198448,backbone,
leman-express:RL7,2,Genève,ch:1:sloid:1008,8501008,46.21021156,6.14245533,backbone,
leman-express:RL7,3,Lancy-Pont-Rouge,ch:1:sloid:16155,8516155,46.18594331,6.12494717,backbone,
leman-express:RL7,4,Lancy-Bachet,ch:1:sloid:17142,8517142,46.1743308,6.1293579,backbone,
leman-express:RL7,5,Genève-Champel,ch:1:sloid:16272,8516272,46.19219327,6.15349563,backbone,
leman-express:RL7,6,Genève-Eaux-Vives,ch:1:sloid:16273,8516273,46.20144563,6.16656612,backbone,
leman-express:RL7,7,Chêne-Bourg,ch:1:sloid:16274,8516274,46.19660202,6.19733341,backbone,
leman-express:RL7,8,Vernier,ch:1:sloid:1007,8501007,46.22071639,6.09389241,branch,8516155
leman-express:SN4,1,Genève,ch:1:sloid:1008,8501008,46.21021156,6.14245533,backbone,
leman-express:SN4,2,Genève-Sécheron,ch:1:sloid:16283,8516283,46.222438,6.14455739,backbone,
leman-express:SN4,3,Chambésy,ch:1:sloid:1020,8501020,46.24094341,6.14730624,backbone,
leman-express:SN4,4,Les Tuileries,ch:1:sloid:1011,8501011,46.2499453,6.14733319,backbone,
leman-express:SN4,5,Genthod-Bellevue,ch:1:sloid:1021,8501021,46.25674078,6.15396275,backbone,
leman-express:SN4,6,Creux-de-Genthod,ch:1:sloid:1012,8501012,46.2637652,6.16131097,backbone,
leman-express:SN4,7,Versoix,ch:1:sloid:1022,8501022,46.27972983,6.16573967,backbone,
leman-express:SN4,8,Pont-Céard,ch:1:sloid:1013,8501013,46.2868196,6.16277523,backbone,
leman-express:SN4,9,Mies,ch:1:sloid:1014,8501014,46.29848901,6.16765308,backbone,
leman-express:SN4,10,Tannay,ch:1:sloid:1015,8501015,46.30764279,6.18111882,backbone,
leman-express:SN4,11,Coppet,ch:1:sloid:1023,8501023,46.31739687,6.18782924,backbone,
lugano-monte-san-salvatore:FUN-2652,1,Paradiso (funicolare),ch:1:sloid:5368,8505368,45.9903504,8.94536072,backbone,
lugano-monte-san-salvatore:FUN-2652,2,Pazzallo (funicolare),ch:1:sloid:5369,8505369,45.98326606,8.94599852,backbone,
lugano-monte-san-salvatore:FUN-2652,3,Monte San Salvatore,ch:1:sloid:5370,8505370,45.97676764,8.9461692,backbone,
matterhorn-gotthard-bahn-bvz:R40,1,Täsch,ch:1:sloid:1688,8501688,46.06745794,7.77450556,backbone,
matterhorn-gotthard-bahn-bvz:R40,2,Zermatt,ch:1:sloid:1689,8501689,46.02399955,7.74783458,backbone,
matterhorn-gotthard-bahn-bvz:R41,1,Visp,ch:1:sloid:1605,8501605,46.29402637,7.88146796,backbone,
matterhorn-gotthard-bahn-bvz:R41,2,Stalden-Saas,ch:1:sloid:1683,8501683,46.23197733,7.87075106,backbone,
matterhorn-gotthard-bahn-bvz:R41,3,Kalpetran,ch:1:sloid:1684,8501684,46.21407185,7.83696542,backbone,
matterhorn-gotthard-bahn-bvz:R41,4,St. Niklaus VS,ch:1:sloid:1685,8501685,46.17734146,7.80208384,backbone,
matterhorn-gotthard-bahn-bvz:R41,5,Herbriggen,ch:1:sloid:1686,8501686,46.13214565,7.79163643,backbone,
matterhorn-gotthard-bahn-bvz:R41,6,Randa,ch:1:sloid:1687,8501687,46.09993274,7.78145852,backbone,
matterhorn-gotthard-bahn-bvz:R41,7,Täsch,ch:1:sloid:1688,8501688,46.06745794,7.77450556,backbone,
matterhorn-gotthard-bahn-bvz:R41,8,Zermatt,ch:1:sloid:1689,8501689,46.02399955,7.74783458,backbone,
matterhorn-gotthard-bahn-bvz:R42,1,Fiesch,ch:1:sloid:1672,8501672,46.40628225,8.134191,backbone,
matterhorn-gotthard-bahn-bvz:R42,2,Fiesch Feriendorf,ch:1:sloid:1729,8501729,46.39732464,8.13076842,backbone,
matterhorn-gotthard-bahn-bvz:R42,3,Lax,ch:1:sloid:1673,8501673,46.38700855,8.11714996,backbone,
matterhorn-gotthard-bahn-bvz:R42,4,Grengiols,ch:1:sloid:1674,8501674,46.37520927,8.09168272,backbone,
matterhorn-gotthard-bahn-bvz:R42,5,Bettmeralp Talstation,ch:1:sloid:1675,8501675,46.37115577,8.07651916,backbone,
matterhorn-gotthard-bahn-bvz:R42,6,Mörel,ch:1:sloid:1676,8501676,46.35620979,8.04714425,backbone,
matterhorn-gotthard-bahn-bvz:R42,7,Bitsch,ch:1:sloid:1677,8501677,46.33605631,8.01722137,backbone,
matterhorn-gotthard-bahn-bvz:R42,8,Brig Bahnhofplatz,ch:1:sloid:15296,8515296,46.31900997,7.9863822,backbone,
matterhorn-gotthard-bahn-bvz:R42,9,Eyholz,ch:1:sloid:1636,8501636,46.2967822,7.91630463,backbone,
matterhorn-gotthard-bahn-bvz:R42,10,Visp,ch:1:sloid:1605,8501605,46.29402637,7.88146796,backbone,
matterhorn-gotthard-bahn-bvz:R42,11,Stalden-Saas,ch:1:sloid:1683,8501683,46.23197733,7.87075106,backbone,
matterhorn-gotthard-bahn-bvz:R42,12,Kalpetran,ch:1:sloid:1684,8501684,46.21407185,7.83696542,backbone,
matterhorn-gotthard-bahn-bvz:R42,13,St. Niklaus VS,ch:1:sloid:1685,8501685,46.17734146,7.80208384,backbone,
matterhorn-gotthard-bahn-bvz:R42,14,Herbriggen,ch:1:sloid:1686,8501686,46.13214565,7.79163643,backbone,
matterhorn-gotthard-bahn-bvz:R42,15,Randa,ch:1:sloid:1687,8501687,46.09993274,7.78145852,backbone,
matterhorn-gotthard-bahn-bvz:R42,16,Täsch,ch:1:sloid:1688,8501688,46.06745794,7.77450556,backbone,
matterhorn-gotthard-bahn-bvz:R42,17,Zermatt,ch:1:sloid:1689,8501689,46.02399955,7.74783458,backbone,
matterhorn-gotthard-bahn-fo:R43,1,Visp,ch:1:sloid:1605,8501605,46.29402637,7.88146796,backbone,
matterhorn-gotthard-bahn-fo:R43,2,Eyholz,ch:1:sloid:1636,8501636,46.2967822,7.91630463,backbone,
matterhorn-gotthard-bahn-fo:R43,3,Brig Bahnhofplatz,ch:1:sloid:15296,8515296,46.31900997,7.9863822,backbone,
matterhorn-gotthard-bahn-fo:R43,4,Bitsch,ch:1:sloid:1677,8501677,46.33605631,8.01722137,backbone,
matterhorn-gotthard-bahn-fo:R43,5,Mörel,ch:1:sloid:1676,8501676,46.35620979,8.04714425,backbone,
matterhorn-gotthard-bahn-fo:R43,6,Bettmeralp Talstation,ch:1:sloid:1675,8501675,46.37115577,8.07651916,backbone,
matterhorn-gotthard-bahn-fo:R43,7,Grengiols,ch:1:sloid:1674,8501674,46.37520927,8.09168272,backbone,
matterhorn-gotthard-bahn-fo:R43,8,Lax,ch:1:sloid:1673,8501673,46.38700855,8.11714996,backbone,
matterhorn-gotthard-bahn-fo:R43,9,Fiesch Feriendorf,ch:1:sloid:1729,8501729,46.39732464,8.13076842,backbone,
matterhorn-gotthard-bahn-fo:R43,10,Fiesch,ch:1:sloid:1672,8501672,46.40628225,8.134191,backbone,
matterhorn-gotthard-bahn-fo:R43,11,Fürgangen-Bellwald Talstation,ch:1:sloid:1671,8501671,46.41189394,8.152319,backbone,
matterhorn-gotthard-bahn-fo:R43,12,Niederwald,ch:1:sloid:1670,8501670,46.43533171,8.19020994,backbone,
matterhorn-gotthard-bahn-fo:R43,13,Blitzingen,ch:1:sloid:1669,8501669,46.44466686,8.20496926,backbone,
matterhorn-gotthard-bahn-fo:R43,14,Biel (Goms),ch:1:sloid:1668,8501668,46.45505868,8.21943214,backbone,
matterhorn-gotthard-bahn-fo:R43,15,Gluringen,ch:1:sloid:1667,8501667,46.46278163,8.233904,backbone,
matterhorn-gotthard-bahn-fo:R43,16,Reckingen VS,ch:1:sloid:1666,8501666,46.46822665,8.24388428,backbone,
matterhorn-gotthard-bahn-fo:R43,17,Münster VS,ch:1:sloid:1665,8501665,46.48536251,8.26653081,backbone,
matterhorn-gotthard-bahn-fo:R43,18,Geschinen,ch:1:sloid:1664,8501664,46.49165256,8.28210759,backbone,
matterhorn-gotthard-bahn-fo:R43,19,Ulrichen,ch:1:sloid:1663,8501663,46.50501572,8.30882349,backbone,
matterhorn-gotthard-bahn-fo:R43,20,Obergesteln,ch:1:sloid:1662,8501662,46.51328797,8.32613403,backbone,
matterhorn-gotthard-bahn-fo:R43,21,Oberwald,ch:1:sloid:1661,8501661,46.53084843,8.3429415,backbone,
matterhorn-gotthard-bahn-fo:R43,22,Realp,ch:1:sloid:5163,8505163,46.59862634,8.50346146,backbone,
matterhorn-gotthard-bahn-fo:R43,23,Hospental,ch:1:sloid:5164,8505164,46.62108294,8.57096087,backbone,
matterhorn-gotthard-bahn-fo:R43,24,Andermatt,ch:1:sloid:5165,8505165,46.63688768,8.59328401,backbone,
matterhorn-gotthard-bahn-fo:R44,1,Göschenen,ch:1:sloid:5119,8505119,46.66581408,8.5888104,backbone,
matterhorn-gotthard-bahn-fo:R44,2,Andermatt,ch:1:sloid:5165,8505165,46.63688768,8.59328401,backbone,
matterhorn-gotthard-bahn-fo:R44,3,Hospental,ch:1:sloid:5164,8505164,46.62108294,8.57096087,backbone,
matterhorn-gotthard-bahn-fo:R44,4,Realp,ch:1:sloid:5163,8505163,46.59862634,8.50346146,backbone,
matterhorn-gotthard-bahn-fo:R45,1,Andermatt,ch:1:sloid:5165,8505165,46.63688768,8.59328401,backbone,
matterhorn-gotthard-bahn-fo:R45,2,Nätschen,ch:1:sloid:5170,8505170,46.64219808,8.60959741,backbone,
matterhorn-gotthard-bahn-fo:R45,3,Oberalppass,ch:1:sloid:5172,8505172,46.66022856,8.67050319,backbone,
matterhorn-gotthard-bahn-fo:R45,4,Tschamut-Selva,ch:1:sloid:5173,8505173,46.65674503,8.70908583,backbone,
matterhorn-gotthard-bahn-fo:R45,5,Dieni,ch:1:sloid:5174,8505174,46.66993195,8.74286249,backbone,
matterhorn-gotthard-bahn-fo:R45,6,Rueras,ch:1:sloid:5175,8505175,46.67822838,8.75490889,backbone,
matterhorn-gotthard-bahn-fo:R45,7,Sedrun,ch:1:sloid:5176,8505176,46.68106958,8.76978499,backbone,
matterhorn-gotthard-bahn-fo:R45,8,Bugnei,ch:1:sloid:5177,8505177,46.6823453,8.78646671,backbone,
matterhorn-gotthard-bahn-fo:R45,9,Mumpé Tujetsch,ch:1:sloid:5178,8505178,46.68211728,8.82655852,backbone,
matterhorn-gotthard-bahn-fo:R45,10,Segnas,ch:1:sloid:5179,8505179,46.69099722,8.82981941,backbone,
matterhorn-gotthard-bahn-fo:R45,11,Acla da Fontauna,ch:1:sloid:5180,8505180,46.69717103,8.84579145,backbone,
matterhorn-gotthard-bahn-fo:R45,12,Disentis/Mustér,ch:1:sloid:9179,8509179,46.70509366,8.85517885,backbone,
matterhorn-gotthard-bahn-fo:R46,1,Dieni,ch:1:sloid:5174,8505174,46.66993195,8.74286249,backbone,
matterhorn-gotthard-bahn-fo:R46,2,Rueras,ch:1:sloid:5175,8505175,46.67822838,8.75490889,backbone,
matterhorn-gotthard-bahn-fo:R46,3,Sedrun,ch:1:sloid:5176,8505176,46.68106958,8.76978499,backbone,
matterhorn-gotthard-bahn-fo:R46,4,Bugnei,ch:1:sloid:5177,8505177,46.6823453,8.78646671,backbone,
matterhorn-gotthard-bahn-fo:R46,5,Mumpé Tujetsch,ch:1:sloid:5178,8505178,46.68211728,8.82655852,backbone,
matterhorn-gotthard-bahn-fo:R46,6,Segnas,ch:1:sloid:5179,8505179,46.69099722,8.82981941,backbone,
matterhorn-gotthard-bahn-fo:R46,7,Acla da Fontauna,ch:1:sloid:5180,8505180,46.69717103,8.84579145,backbone,
matterhorn-gotthard-bahn-fo:R46,8,Disentis/Mustér,ch:1:sloid:9179,8509179,46.70509366,8.85517885,backbone,
montreux-oberland-bernois:R30,1,Montreux,ch:1:sloid:1300,8501300,46.4358827,6.91044304,backbone,
montreux-oberland-bernois:R30,2,Montreux-Collège,ch:1:sloid:1380,8501380,46.43609938,6.91270679,backbone,
montreux-oberland-bernois:R30,3,Vuarennes,ch:1:sloid:1381,8501381,46.43912044,6.91097304,backbone,
montreux-oberland-bernois:R30,4,Belmont-sur-Montreux,ch:1:sloid:1390,8501390,46.44204228,6.90612214,backbone,
montreux-oberland-bernois:R30,5,Châtelard VD,ch:1:sloid:1382,8501382,46.44677757,6.90113649,backbone,
montreux-oberland-bernois:R30,6,Planchamp,ch:1:sloid:1383,8501383,46.45117822,6.90100174,backbone,
montreux-oberland-bernois:R30,7,Fontanivent,ch:1:sloid:1374,8501374,46.45273168,6.90233125,backbone,
montreux-oberland-bernois:R30,8,Chernex,ch:1:sloid:1375,8501375,46.4459172,6.91008371,backbone,
montreux-oberland-bernois:R30,9,Sonzier,ch:1:sloid:1384,8501384,46.43931234,6.92147435,backbone,
montreux-oberland-bernois:R30,10,Chamby,ch:1:sloid:1376,8501376,46.44932145,6.91351527,backbone,
montreux-oberland-bernois:R30,11,Sendy-Sollard,ch:1:sloid:1385,8501385,46.44710562,6.93013411,backbone,
montreux-oberland-bernois:R30,12,Les Avants,ch:1:sloid:1377,8501377,46.45362907,6.94347409,backbone,
montreux-oberland-bernois:R30,13,Jor,ch:1:sloid:1386,8501386,46.45466879,6.96512349,backbone,
montreux-oberland-bernois:R30,14,Les Cases,ch:1:sloid:1387,8501387,46.4559189,6.99771437,backbone,
montreux-oberland-bernois:R30,15,Allières,ch:1:sloid:1378,8501378,46.46982292,7.00789228,backbone,
montreux-oberland-bernois:R30,16,Les Sciernes,ch:1:sloid:1379,8501379,46.49146084,7.0342219,backbone,
montreux-oberland-bernois:R30,17,Montbovon,ch:1:sloid:4070,8504070,46.48542437,7.04213606,backbone,
montreux-oberland-bernois:R30,18,La Tine,ch:1:sloid:1391,8501391,46.46716863,7.04657373,backbone,
montreux-oberland-bernois:R30,19,Rossinière,ch:1:sloid:1392,8501392,46.4648112,7.08324296,backbone,
montreux-oberland-bernois:R30,20,La Chaudanne-Les Moulins,ch:1:sloid:1393,8501393,46.4660549,7.09673566,backbone,
montreux-oberland-bernois:R30,21,Château-dOex,ch:1:sloid:1394,8501394,46.47475995,7.13210233,backbone,
montreux-oberland-bernois:R30,22,Château-dOex La Palaz,ch:1:sloid:1198,8501198,46.47589824,7.14383433,backbone,
montreux-oberland-bernois:R30,23,Les Granges-Gérignoz,ch:1:sloid:1395,8501395,46.47416604,7.15494649,backbone,
montreux-oberland-bernois:R30,24,Les Combes,ch:1:sloid:1388,8501388,46.47746955,7.17182583,backbone,
montreux-oberland-bernois:R30,25,Flendruz,ch:1:sloid:1396,8501396,46.48209041,7.18607312,backbone,
montreux-oberland-bernois:R30,26,Rougemont,ch:1:sloid:1397,8501397,46.48862205,7.20896219,backbone,
montreux-oberland-bernois:R30,27,Saanen,ch:1:sloid:1398,8501398,46.48857257,7.26027396,backbone,
montreux-oberland-bernois:R30,28,Gstaad,ch:1:sloid:1399,8501399,46.47494554,7.28422304,backbone,
montreux-oberland-bernois:R30,29,Gruben,ch:1:sloid:7270,8507270,46.49053933,7.28012673,backbone,
montreux-oberland-bernois:R30,30,Schönried,ch:1:sloid:7271,8507271,46.50453962,7.29110414,backbone,
montreux-oberland-bernois:R30,31,Saanenmöser,ch:1:sloid:7272,8507272,46.51760908,7.31172047,backbone,
montreux-oberland-bernois:R30,32,Oeschseite,ch:1:sloid:7273,8507273,46.53136756,7.35228839,backbone,
montreux-oberland-bernois:R30,33,Zweisimmen,ch:1:sloid:7290,8507290,46.55348137,7.37486306,backbone,
montreux-oberland-bernois:R31,1,Lenk im Simmental,ch:1:sloid:7279,8507279,46.45857994,7.44352129,backbone,
montreux-oberland-bernois:R31,2,Boden,ch:1:sloid:7278,8507278,46.47076953,7.43538256,backbone,
montreux-oberland-bernois:R31,3,Matten i.S.,ch:1:sloid:7277,8507277,46.49371197,7.42163833,backbone,
montreux-oberland-bernois:R31,4,St. Stephan,ch:1:sloid:7276,8507276,46.50512701,7.40051894,backbone,
montreux-oberland-bernois:R31,5,Stöckli,ch:1:sloid:7275,8507275,46.51681164,7.38840067,backbone,
montreux-oberland-bernois:R31,6,Blankenburg,ch:1:sloid:7274,8507274,46.54110023,7.38531945,backbone,
montreux-oberland-bernois:R31,7,Zweisimmen,ch:1:sloid:7290,8507290,46.55348137,7.37486306,backbone,
montreux-oberland-bernois:R32,1,Gstaad,ch:1:sloid:1399,8501399,46.47494554,7.28422304,backbone,
montreux-oberland-bernois:R32,2,Schönried,ch:1:sloid:7271,8507271,46.50453962,7.29110414,backbone,
montreux-oberland-bernois:R32,3,Saanenmöser,ch:1:sloid:7272,8507272,46.51760908,7.31172047,backbone,
montreux-oberland-bernois:R32,4,Zweisimmen,ch:1:sloid:7290,8507290,46.55348137,7.37486306,backbone,
montreux-oberland-bernois:R32,5,Blankenburg,ch:1:sloid:7274,8507274,46.54110023,7.38531945,backbone,
montreux-oberland-bernois:R32,6,Stöckli,ch:1:sloid:7275,8507275,46.51681164,7.38840067,backbone,
montreux-oberland-bernois:R32,7,St. Stephan,ch:1:sloid:7276,8507276,46.50512701,7.40051894,backbone,
montreux-oberland-bernois:R32,8,Matten i.S.,ch:1:sloid:7277,8507277,46.49371197,7.42163833,backbone,
montreux-oberland-bernois:R32,9,Boden,ch:1:sloid:7278,8507278,46.47076953,7.43538256,backbone,
montreux-oberland-bernois:R32,10,Lenk im Simmental,ch:1:sloid:7279,8507279,46.45857994,7.44352129,backbone,
montreux-oberland-bernois:R34,1,Montreux,ch:1:sloid:1300,8501300,46.4358827,6.91044304,backbone,
montreux-oberland-bernois:R34,2,Montreux-Collège,ch:1:sloid:1380,8501380,46.43609938,6.91270679,backbone,
montreux-oberland-bernois:R34,3,Vuarennes,ch:1:sloid:1381,8501381,46.43912044,6.91097304,backbone,
montreux-oberland-bernois:R34,4,Belmont-sur-Montreux,ch:1:sloid:1390,8501390,46.44204228,6.90612214,backbone,
montreux-oberland-bernois:R34,5,Châtelard VD,ch:1:sloid:1382,8501382,46.44677757,6.90113649,backbone,
montreux-oberland-bernois:R34,6,Planchamp,ch:1:sloid:1383,8501383,46.45117822,6.90100174,backbone,
montreux-oberland-bernois:R34,7,Fontanivent,ch:1:sloid:1374,8501374,46.45273168,6.90233125,backbone,
montreux-oberland-bernois:R34,8,Chernex,ch:1:sloid:1375,8501375,46.4459172,6.91008371,backbone,
montreux-oberland-bernois:R34,9,Sonzier,ch:1:sloid:1384,8501384,46.43931234,6.92147435,backbone,
montreux-oberland-bernois:R34,10,Chamby,ch:1:sloid:1376,8501376,46.44932145,6.91351527,backbone,
montreux-oberland-bernois:R34,11,Sendy-Sollard,ch:1:sloid:1385,8501385,46.44710562,6.93013411,backbone,
montreux-oberland-bernois:R34,12,Les Avants,ch:1:sloid:1377,8501377,46.45362907,6.94347409,backbone,
montreux-vevey-riviera-cev:R35,1,Vevey,ch:1:sloid:1200,8501200,46.4630044,6.84344668,backbone,
montreux-vevey-riviera-cev:R35,2,Vevey Vignerons,ch:1:sloid:2476,8502476,46.46908048,6.85282509,backbone,
montreux-vevey-riviera-cev:R35,3,Hauteville,ch:1:sloid:1262,8501262,46.46625908,6.86089197,backbone,
montreux-vevey-riviera-cev:R35,4,Château-dHauteville,ch:1:sloid:1263,8501263,46.46846795,6.86529371,backbone,
montreux-vevey-riviera-cev:R35,5,St-Légier-Gare,ch:1:sloid:1280,8501280,46.47052824,6.87193226,backbone,
montreux-vevey-riviera-cev:R35,6,St-Légier-Village,ch:1:sloid:1264,8501264,46.47101701,6.87656757,backbone,
montreux-vevey-riviera-cev:R35,7,La Chiésaz,ch:1:sloid:1265,8501265,46.46950739,6.88212814,backbone,
montreux-vevey-riviera-cev:R35,8,Château-de-Blonay,ch:1:sloid:1266,8501266,46.46835039,6.8917491,backbone,
montreux-vevey-riviera-cev:R35,9,Blonay,ch:1:sloid:1281,8501281,46.46568983,6.89594423,backbone,
montreux-vevey-riviera-cev:R35,10,Prélaz-sur-Blonay,ch:1:sloid:1282,8501282,46.46779354,6.89788459,backbone,
montreux-vevey-riviera-cev:R35,11,Tusinge,ch:1:sloid:1283,8501283,46.47385053,6.89624966,backbone,
montreux-vevey-riviera-cev:R35,12,Les Chevalleyres,ch:1:sloid:1284,8501284,46.47558893,6.89811815,backbone,
montreux-vevey-riviera-cev:R35,13,Bois-de-Chexbres,ch:1:sloid:30261,8530261,46.47328136,6.90153175,backbone,
montreux-vevey-riviera-cev:R35,14,Fayaux,ch:1:sloid:1285,8501285,46.4699776,6.90763131,backbone,
montreux-vevey-riviera-cev:R35,15,Ondallaz-LAlliaz,ch:1:sloid:1286,8501286,46.47315763,6.91396443,backbone,
montreux-vevey-riviera-cev:R35,16,Lally,ch:1:sloid:1287,8501287,46.47920783,6.91402731,backbone,
montreux-vevey-riviera-cev:R35,17,Les Pléiades,ch:1:sloid:1288,8501288,46.48335845,6.90993998,backbone,
montreux-vevey-riviera-las:FUN-LAS,1,Les Avants (funi),ch:1:sloid:1350,8501350,46.45429746,6.94354595,backbone,
montreux-vevey-riviera-las:FUN-LAS,2,Sonloup,ch:1:sloid:1351,8501351,46.4571628,6.93891065,backbone,
montreux-vevey-riviera-mtgn:FUN-TG,1,Glion (funi),ch:1:sloid:30031,8530031,46.43187086,6.92376505,backbone,
montreux-vevey-riviera-mtgn:FUN-TG,2,Collonge (funi),ch:1:sloid:92618,8592618,46.42827977,6.92351352,backbone,
montreux-vevey-riviera-mtgn:FUN-TG,3,Territet (funi),ch:1:sloid:30673,8530673,46.42683088,6.92344166,backbone,
montreux-vevey-riviera-mtgn:R37,1,Montreux,ch:1:sloid:1300,8501300,46.4358827,6.91044304,backbone,
montreux-vevey-riviera-mtgn:R37,2,Montreux-Les Planches,ch:1:sloid:1360,8501360,46.43310292,6.91755769,backbone,
montreux-vevey-riviera-mtgn:R37,3,Toveyre,ch:1:sloid:1361,8501361,46.42790207,6.92847222,backbone,
montreux-vevey-riviera-mtgn:R37,4,Valmont,ch:1:sloid:1362,8501362,46.4285522,6.92929867,backbone,
montreux-vevey-riviera-mtgn:R37,5,Glion,ch:1:sloid:1370,8501370,46.43180276,6.92418726,backbone,
montreux-vevey-riviera-mtgn:R37,6,Glion-Alpes,ch:1:sloid:1230,8501230,46.43380253,6.92575033,backbone,
montreux-vevey-riviera-mtgn:R37,7,Glion-Collège,ch:1:sloid:1308,8501308,46.43478071,6.92873274,backbone,
montreux-vevey-riviera-mtgn:R37,8,Le Tremblex,ch:1:sloid:1363,8501363,46.43603747,6.93274821,backbone,
montreux-vevey-riviera-mtgn:R37,9,Caux,ch:1:sloid:1371,8501371,46.43114028,6.93852437,backbone,
montreux-vevey-riviera-mtgn:R37,10,Les Echets,ch:1:sloid:1364,8501364,46.43218043,6.94489343,backbone,
montreux-vevey-riviera-mtgn:R37,11,Haut-de-Caux,ch:1:sloid:1357,8501357,46.43437211,6.9479477,backbone,
montreux-vevey-riviera-mtgn:R37,12,Crêt-dy-Bau,ch:1:sloid:1365,8501365,46.43515217,6.95536778,backbone,
montreux-vevey-riviera-mtgn:R37,13,Paccot,ch:1:sloid:1366,8501366,46.43775851,6.96268905,backbone,
montreux-vevey-riviera-mtgn:R37,14,Jaman,ch:1:sloid:1367,8501367,46.44134279,6.9767926,backbone,
montreux-vevey-riviera-mtgn:R37,15,La Perche,ch:1:sloid:1368,8501368,46.43640273,6.97510377,backbone,
montreux-vevey-riviera-mtgn:R37,16,Rochers-de-Naye,ch:1:sloid:1369,8501369,46.43167893,6.97902043,backbone,
montreux-vevey-riviera-vcp:FUN-VCP,1,Vevey (funi),ch:1:sloid:1250,8501250,46.468635,6.83600863,backbone,
montreux-vevey-riviera-vcp:FUN-VCP,2,Corseaux,ch:1:sloid:1251,8501251,46.47166663,6.83573914,backbone,
montreux-vevey-riviera-vcp:FUN-VCP,3,Beau-Site,ch:1:sloid:1252,8501252,46.47385053,6.83512828,backbone,
montreux-vevey-riviera-vcp:FUN-VCP,4,Chardonne-Jongny,ch:1:sloid:1253,8501253,46.47701177,6.83306216,backbone,
montreux-vevey-riviera-vcp:FUN-VCP,5,La Baume,ch:1:sloid:1254,8501254,46.47901607,6.83244232,backbone,
montreux-vevey-riviera-vcp:FUN-VCP,6,Mont-Pèlerin,ch:1:sloid:1255,8501255,46.48188629,6.83158892,backbone,
muehleggbahn-ag:FUN-2710,1,"St. Gallen, Mühlegg Bergstat.",ch:1:sloid:11631,8511631,47.41953044,9.37945361,backbone,
muehleggbahn-ag:FUN-2710,2,"St. Gallen, Mühlegg Talstation",ch:1:sloid:89913,8589913,47.42209539,9.377648,backbone,
niederhornbahn-ag:FUN-2355,1,Beatenbucht (Beatenbergbahn),ch:1:sloid:7190,8507190,46.68550058,7.74708898,backbone,
niederhornbahn-ag:FUN-2355,2,Birchi,ch:1:sloid:7191,8507191,46.6879347,7.76228847,backbone,
niederhornbahn-ag:FUN-2355,3,Beatenberg,ch:1:sloid:7192,8507192,46.6905967,7.76528884,backbone,
niesenbahn:FUN-2405,1,Mülenen (Niesenbahn),ch:1:sloid:7394,8507394,46.63942268,7.69021664,backbone,
niesenbahn:FUN-2405,2,Schwandegg,ch:1:sloid:7458,8507458,46.64225975,7.66717485,backbone,
niesenbahn:FUN-2405,3,Niesen Kulm,ch:1:sloid:7459,8507459,46.64607724,7.65273892,backbone,
parkhotel-giessbach-ag:FUN-2470,1,Giessbach Hotel,ch:1:sloid:8353,8508353,46.73496251,8.02316821,backbone,
parkhotel-giessbach-ag:FUN-2470,2,Giessbach See (Talstation),ch:1:sloid:30340,8530340,46.73455,8.01908088,backbone,
pilatusbahnen:CC-R83,1,Pilatus Kulm,ch:1:sloid:8456,8508456,46.97942895,8.25594865,backbone,
pilatusbahnen:CC-R83,2,Aemsigen,ch:1:sloid:8449,8508449,46.97052299,8.271229,backbone,
pilatusbahnen:CC-R83,3,Alpnachstad PB,ch:1:sloid:8458,8508458,46.95549655,8.27718483,backbone,
poly-bahn-zuerich:FUN-24,1,Zürich Central (Polybahn),ch:1:sloid:3499,8503499,47.37653985,8.54403836,backbone,
poly-bahn-zuerich:FUN-24,2,Zürich Polyterrasse,ch:1:sloid:3500,8503500,47.37685617,8.54640093,backbone,
publikation-nur-kursbuch-plakat:RE3,1,Basel Bad Bf,ch:1:sloid:90,8500090,47.56730906,7.60691586,backbone,
publikation-nur-kursbuch-plakat:RE3,2,Schaffhausen,ch:1:sloid:3424,8503424,47.69828386,8.63275598,backbone,
reichenbachfall-bahn:FUN-2475,1,Willigen (Reichenbachfallbahn),ch:1:sloid:30341,8530341,46.7194882,8.18771262,backbone,
reichenbachfall-bahn:FUN-2475,2,Reichenbachfall,ch:1:sloid:30342,8530342,46.71455495,8.18282579,backbone,
rer-fribourg:R39,1,Zweisimmen,ch:1:sloid:7290,8507290,46.55348137,7.37486306,extension,8504070
rer-fribourg:R39,2,Saanenmöser,ch:1:sloid:7272,8507272,46.51760908,7.31172047,extension,8504070
rer-fribourg:R39,3,Schönried,ch:1:sloid:7271,8507271,46.50453962,7.29110414,extension,8504070
rer-fribourg:R39,4,Gstaad,ch:1:sloid:1399,8501399,46.47494554,7.28422304,extension,8504070
rer-fribourg:R39,5,Saanen,ch:1:sloid:1398,8501398,46.48857257,7.26027396,extension,8504070
rer-fribourg:R39,6,Rougemont,ch:1:sloid:1397,8501397,46.48862205,7.20896219,extension,8504070
rer-fribourg:R39,7,Château-dOex,ch:1:sloid:1394,8501394,46.47475995,7.13210233,extension,8504070
rer-fribourg:R39,8,Rossinière,ch:1:sloid:1392,8501392,46.4648112,7.08324296,extension,8504070
rer-fribourg:R39,9,Montbovon,ch:1:sloid:4070,8504070,46.48542437,7.04213606,backbone,
rer-fribourg:R39,10,Lessoc,ch:1:sloid:4071,8504071,46.50737758,7.05254753,backbone,
rer-fribourg:R39,11,Albeuve,ch:1:sloid:4072,8504072,46.51793052,7.05542214,backbone,
rer-fribourg:R39,12,Neirivue,ch:1:sloid:4073,8504073,46.52828982,7.06155763,backbone,
rer-fribourg:R39,13,Villars-sous-Mont,ch:1:sloid:4074,8504074,46.54380035,7.07293929,backbone,
rer-fribourg:R39,14,Enney,ch:1:sloid:4075,8504075,46.56540265,7.08523722,backbone,
rer-fribourg:R39,15,Gruyères,ch:1:sloid:4077,8504077,46.58261285,7.0732537,backbone,
rer-fribourg:R39,16,Le Pâquier-Montbarry,ch:1:sloid:4078,8504078,46.59468206,7.05968914,backbone,
rer-fribourg:R39,17,La Tour-de-Trême Ronclina,ch:1:sloid:4079,8504079,46.60561919,7.06144085,backbone,
rer-fribourg:R39,18,Bulle,ch:1:sloid:4086,8504086,46.61922579,7.05300567,backbone,
rer-fribourg:R:8504086-8504100,1,Bulle,ch:1:sloid:4086,8504086,46.61922579,7.05300567,backbone,
rer-fribourg:R:8504086-8504100,2,Romont FR,ch:1:sloid:4023,8504023,46.69350503,6.91180848,backbone,
rer-fribourg:R:8504086-8504100,3,Villaz-St-Pierre,ch:1:sloid:4024,8504024,46.72057826,6.96064089,backbone,
rer-fribourg:R:8504086-8504100,4,Avry-Matran,ch:1:sloid:1632,8501632,46.78602761,7.08043124,backbone,
rer-fribourg:R:8504086-8504100,5,Villars-sur-Glâne,ch:1:sloid:4030,8504030,46.78982878,7.11638182,backbone,
rer-fribourg:R:8504086-8504100,6,Fribourg/Freiburg,ch:1:sloid:4100,8504100,46.80314923,7.1510478,backbone,
rer-fribourg:RE-N1,1,Genève-Aéroport,ch:1:sloid:1026,8501026,46.23253659,6.11198448,backbone,
rer-fribourg:RE-N1,2,Genève,ch:1:sloid:1008,8501008,46.21021156,6.14245533,backbone,
rer-fribourg:RE-N1,3,Coppet,ch:1:sloid:1023,8501023,46.31739687,6.18782924,backbone,
rer-fribourg:RE-N1,4,Nyon,ch:1:sloid:1030,8501030,46.38441838,6.23596996,backbone,
rer-fribourg:RE-N1,5,Gland,ch:1:sloid:1031,8501031,46.41998839,6.26913576,backbone,
rer-fribourg:RE-N1,6,Rolle,ch:1:sloid:1033,8501033,46.46274451,6.3364016,backbone,
rer-fribourg:RE-N1,7,Allaman,ch:1:sloid:1035,8501035,46.47575596,6.3996969,backbone,
rer-fribourg:RE-N1,8,Morges,ch:1:sloid:1037,8501037,46.51109947,6.4939661,backbone,
rer-fribourg:RE-N1,9,Renens VD,ch:1:sloid:1118,8501118,46.53704052,6.57893775,backbone,
rer-fribourg:RE-N1,10,Lausanne,ch:1:sloid:1120,8501120,46.5167931,6.62909069,backbone,
rer-fribourg:RE-N1,11,Puidoux,ch:1:sloid:4012,8504012,46.49384184,6.76568851,detour,8501120
rer-fribourg:RE-N1,12,Palézieux,ch:1:sloid:4014,8504014,46.54276233,6.83787713,extension,8501120
rer-fribourg:RE-N1,13,Romont FR,ch:1:sloid:4023,8504023,46.69350503,6.91180848,extension,8501120
rer-fribourg:RE-N1,14,Fribourg/Freiburg,ch:1:sloid:4100,8504100,46.80314923,7.1510478,extension,8501120
rer-fribourg:RE3,1,Broc-Chocolaterie,ch:1:sloid:4089,8504089,46.60541552,7.10933902,backbone,
rer-fribourg:RE3,2,Broc-Village,ch:1:sloid:4088,8504088,46.60405158,7.0987389,backbone,
rer-fribourg:RE3,3,La Tour-de-Trême,ch:1:sloid:4067,8504067,46.60853209,7.0642436,backbone,
rer-fribourg:RE3,4,Bulle,ch:1:sloid:4086,8504086,46.61922579,7.05300567,backbone,
rer-fribourg:RE3,5,Romont FR,ch:1:sloid:4023,8504023,46.69350503,6.91180848,backbone,
rer-fribourg:RE3,6,Villaz-St-Pierre,ch:1:sloid:4024,8504024,46.72057826,6.96064089,backbone,
rer-fribourg:RE3,7,Chénens,ch:1:sloid:4025,8504025,46.74921367,7.00042728,backbone,
rer-fribourg:RE3,8,Cottens FR,ch:1:sloid:4026,8504026,46.75121407,7.03479682,backbone,
rer-fribourg:RE3,9,Neyruz FR,ch:1:sloid:4027,8504027,46.76605164,7.06502513,backbone,
rer-fribourg:RE3,10,Avry-Matran,ch:1:sloid:1632,8501632,46.78602761,7.08043124,backbone,
rer-fribourg:RE3,11,Villars-sur-Glâne,ch:1:sloid:4030,8504030,46.78982878,7.11638182,backbone,
rer-fribourg:RE3,12,Fribourg/Freiburg,ch:1:sloid:4100,8504100,46.80314923,7.1510478,backbone,
rer-fribourg:RE3,13,Düdingen,ch:1:sloid:4101,8504101,46.85105344,7.18975621,extension,8504100
rer-fribourg:RE3,14,Schmitten FR,ch:1:sloid:4102,8504102,46.8629399,7.25392287,extension,8504100
rer-fribourg:RE:8501500-8501579,1,Le Châble VS,ch:1:sloid:1579,8501579,46.07934225,7.21486412,backbone,
rer-fribourg:RE:8501500-8501579,2,Etiez,ch:1:sloid:1580,8501580,46.08295003,7.16057893,backbone,
rer-fribourg:RE:8501500-8501579,3,Sembrancher,ch:1:sloid:1576,8501576,46.07693069,7.14582859,backbone,
rer-fribourg:RE:8501500-8501579,4,Bovernier,ch:1:sloid:1575,8501575,46.07869419,7.082156,backbone,
rer-fribourg:RE:8501500-8501579,5,Martigny-Croix,ch:1:sloid:1573,8501573,46.08670711,7.05850336,backbone,
rer-fribourg:RE:8501500-8501579,6,Martigny-Bourg,ch:1:sloid:1572,8501572,46.0930431,7.0697323,backbone,
rer-fribourg:RE:8501500-8501579,7,Martigny-Expo,ch:1:sloid:94466,8594466,46.09729161,7.07557135,backbone,
rer-fribourg:RE:8501500-8501579,8,Martigny,ch:1:sloid:1500,8501500,46.10583124,7.0791197,backbone,
rer-fribourg:RE:8501500-8501579,9,St-Maurice,ch:1:sloid:1403,8501403,46.21637174,7.00204425,detour,8501500
rer-fribourg:RE:8501500-8501579,10,Bex,ch:1:sloid:1402,8501402,46.25146721,7.00066982,backbone,
rer-fribourg:RE:8501500-8501579,11,Aigle,ch:1:sloid:1400,8501400,46.31685709,6.96368618,backbone,
rer-fribourg:RE:8501500-8501579,12,Vevey,ch:1:sloid:1200,8501200,46.4630044,6.84344668,backbone,
rer-fribourg:RE:8501500-8501579,13,Palézieux,ch:1:sloid:4014,8504014,46.54276233,6.83787713,backbone,
rer-fribourg:RE:8501500-8501579,14,Romont FR,ch:1:sloid:4023,8504023,46.69350503,6.91180848,backbone,
rer-fribourg:RE:8501500-8501579,15,Fribourg/Freiburg,ch:1:sloid:4100,8504100,46.80314923,7.1510478,backbone,
rer-fribourg:RE:8504023-8504100,1,Romont FR,ch:1:sloid:4023,8504023,46.69350503,6.91180848,backbone,
rer-fribourg:RE:8504023-8504100,2,Villaz-St-Pierre,ch:1:sloid:4024,8504024,46.72057826,6.96064089,backbone,
rer-fribourg:RE:8504023-8504100,3,Avry-Matran,ch:1:sloid:1632,8501632,46.78602761,7.08043124,backbone,
rer-fribourg:RE:8504023-8504100,4,Villars-sur-Glâne,ch:1:sloid:4030,8504030,46.78982878,7.11638182,backbone,
rer-fribourg:RE:8504023-8504100,5,Fribourg/Freiburg,ch:1:sloid:4100,8504100,46.80314923,7.1510478,backbone,
rer-fribourg:S20,1,Fribourg/Freiburg,ch:1:sloid:4100,8504100,46.80314923,7.1510478,backbone,
rer-fribourg:S20,2,Givisiez,ch:1:sloid:4181,8504181,46.81675532,7.12996434,backbone,
rer-fribourg:S20,3,Belfaux-Village,ch:1:sloid:4182,8504182,46.8226996,7.11022836,backbone,
rer-fribourg:S20,4,Pensier,ch:1:sloid:4183,8504183,46.84160997,7.13529135,backbone,
rer-fribourg:S20,5,Courtepin,ch:1:sloid:4184,8504184,46.86712257,7.12270596,backbone,
rer-fribourg:S20,6,Cressier FR,ch:1:sloid:4185,8504185,46.90017938,7.1497183,backbone,
rer-fribourg:S20,7,Münchenwiler-Courgevaux,ch:1:sloid:4186,8504186,46.91090128,7.1162291,backbone,
rer-fribourg:S20,8,Murten/Morat,ch:1:sloid:4128,8504128,46.92534513,7.11528587,backbone,
rer-fribourg:S20,9,Muntelier-Löwenberg,ch:1:sloid:4140,8504140,46.93797571,7.13326116,detour,8504128
rer-fribourg:S20,10,Sugiez,ch:1:sloid:4188,8504188,46.96412914,7.11934626,backbone,
rer-fribourg:S20,11,Ins,ch:1:sloid:4483,8504483,46.99982801,7.09956535,backbone,
rer-fribourg:S20,12,Gampelen,ch:1:sloid:4482,8504482,47.00936615,7.05644622,backbone,
rer-fribourg:S20,13,Marin-Epagnier,ch:1:sloid:4481,8504481,47.00910888,7.01059621,backbone,
rer-fribourg:S20,14,St-Blaise-Lac,ch:1:sloid:4480,8504480,47.01210414,6.98468879,backbone,
rer-fribourg:S20,15,Neuchâtel,ch:1:sloid:4221,8504221,46.99672791,6.93570366,backbone,
rer-fribourg:S21,1,Fribourg/Freiburg,ch:1:sloid:4100,8504100,46.80314923,7.1510478,backbone,
rer-fribourg:S21,2,Givisiez,ch:1:sloid:4181,8504181,46.81675532,7.12996434,backbone,
rer-fribourg:S21,3,Belfaux-Village,ch:1:sloid:4182,8504182,46.8226996,7.11022836,backbone,
rer-fribourg:S21,4,Pensier,ch:1:sloid:4183,8504183,46.84160997,7.13529135,backbone,
rer-fribourg:S21,5,Courtepin,ch:1:sloid:4184,8504184,46.86712257,7.12270596,backbone,
rer-fribourg:S21,6,Cressier FR,ch:1:sloid:4185,8504185,46.90017938,7.1497183,backbone,
rer-fribourg:S21,7,Münchenwiler-Courgevaux,ch:1:sloid:4186,8504186,46.91090128,7.1162291,backbone,
rer-fribourg:S21,8,Murten/Morat,ch:1:sloid:4128,8504128,46.92534513,7.11528587,backbone,
rer-fribourg:S21,9,Muntelier-Löwenberg,ch:1:sloid:4140,8504140,46.93797571,7.13326116,backbone,
rer-fribourg:S21,10,Sugiez,ch:1:sloid:4188,8504188,46.96412914,7.11934626,backbone,
rer-fribourg:S21,11,Ins,ch:1:sloid:4483,8504483,46.99982801,7.09956535,backbone,
rer-fribourg:S21,12,Marin-Epagnier,ch:1:sloid:4481,8504481,47.00910888,7.01059621,backbone,
rer-fribourg:S21,13,Neuchâtel,ch:1:sloid:4221,8504221,46.99672791,6.93570366,backbone,
rer-fribourg:S30,1,Fribourg/Freiburg,ch:1:sloid:4100,8504100,46.80314923,7.1510478,backbone,
rer-fribourg:S30,2,Givisiez,ch:1:sloid:4181,8504181,46.81675532,7.12996434,backbone,
rer-fribourg:S30,3,Belfaux CFF,ch:1:sloid:4139,8504139,46.81692745,7.10623085,backbone,
rer-fribourg:S30,4,Grolley,ch:1:sloid:4138,8504138,46.83198046,7.06604921,backbone,
rer-fribourg:S30,5,Léchelles,ch:1:sloid:4137,8504137,46.82845884,7.01162927,backbone,
rer-fribourg:S30,6,Cousset,ch:1:sloid:4136,8504136,46.81860568,6.97749329,backbone,
rer-fribourg:S30,7,Corcelles-Sud,ch:1:sloid:4135,8504135,46.82884605,6.95719136,backbone,
rer-fribourg:S30,8,Payerne,ch:1:sloid:4134,8504134,46.8196507,6.93988083,backbone,
rer-fribourg:S30,9,Cugy FR,ch:1:sloid:4133,8504133,46.81602991,6.88916195,backbone,
rer-fribourg:S30,10,Estavayer-le-Lac,ch:1:sloid:4132,8504132,46.84449787,6.84297058,backbone,
rer-fribourg:S30,11,Cheyres,ch:1:sloid:4131,8504131,46.81694589,6.78639468,backbone,
rer-fribourg:S30,12,Yvonand,ch:1:sloid:4130,8504130,46.80087404,6.74668914,backbone,
rer-fribourg:S30,13,Yverdon-les-Bains,ch:1:sloid:4200,8504200,46.78154335,6.64094845,backbone,
rer-fribourg:S40,1,Lausanne,ch:1:sloid:1120,8501120,46.5167931,6.62909069,backbone,
rer-fribourg:S40,2,Pully-Nord,ch:1:sloid:4000,8504000,46.51467892,6.65798949,backbone,
rer-fribourg:S40,3,La Conversion,ch:1:sloid:4010,8504010,46.51308396,6.67832735,backbone,
rer-fribourg:S40,4,Bossière,ch:1:sloid:4003,8504003,46.50975171,6.69932098,detour,8504010
rer-fribourg:S40,5,Grandvaux,ch:1:sloid:4011,8504011,46.49694627,6.72265023,backbone,
rer-fribourg:S40,6,Puidoux,ch:1:sloid:4012,8504012,46.49384184,6.76568851,backbone,
rer-fribourg:S40,7,Moreillon,ch:1:sloid:4007,8504007,46.50839772,6.78564908,detour,8504012
rer-fribourg:S40,8,Palézieux,ch:1:sloid:4014,8504014,46.54276233,6.83787713,backbone,
rer-fribourg:S40,9,Oron,ch:1:sloid:4020,8504020,46.57254799,6.83710458,detour,8504014
rer-fribourg:S40,10,Vauderens,ch:1:sloid:4021,8504021,46.62145313,6.85004032,backbone,
rer-fribourg:S40,11,Romont FR,ch:1:sloid:4023,8504023,46.69350503,6.91180848,backbone,
rer-fribourg:S40,12,Villaz-St-Pierre,ch:1:sloid:4024,8504024,46.72057826,6.96064089,backbone,
rer-fribourg:S40,13,Chénens,ch:1:sloid:4025,8504025,46.74921367,7.00042728,backbone,
rer-fribourg:S40,14,Cottens FR,ch:1:sloid:4026,8504026,46.75121407,7.03479682,backbone,
rer-fribourg:S40,15,Neyruz FR,ch:1:sloid:4027,8504027,46.76605164,7.06502513,backbone,
rer-fribourg:S40,16,Avry-Matran,ch:1:sloid:1632,8501632,46.78602761,7.08043124,backbone,
rer-fribourg:S40,17,Villars-sur-Glâne,ch:1:sloid:4030,8504030,46.78982878,7.11638182,backbone,
rer-fribourg:S40,18,Fribourg/Freiburg,ch:1:sloid:4100,8504100,46.80314923,7.1510478,backbone,
rer-fribourg:S41,1,Lausanne,ch:1:sloid:1120,8501120,46.5167931,6.62909069,backbone,
rer-fribourg:S41,2,Pully-Nord,ch:1:sloid:4000,8504000,46.51467892,6.65798949,backbone,
rer-fribourg:S41,3,La Conversion,ch:1:sloid:4010,8504010,46.51308396,6.67832735,backbone,
rer-fribourg:S41,4,Bossière,ch:1:sloid:4003,8504003,46.50975171,6.69932098,backbone,
rer-fribourg:S41,5,Grandvaux,ch:1:sloid:4011,8504011,46.49694627,6.72265023,backbone,
rer-fribourg:S41,6,Puidoux,ch:1:sloid:4012,8504012,46.49384184,6.76568851,backbone,
rer-fribourg:S41,7,Moreillon,ch:1:sloid:4007,8504007,46.50839772,6.78564908,backbone,
rer-fribourg:S41,8,Palézieux,ch:1:sloid:4014,8504014,46.54276233,6.83787713,backbone,
rer-fribourg:S41,9,Oron,ch:1:sloid:4020,8504020,46.57254799,6.83710458,backbone,
rer-fribourg:S41,10,Vauderens,ch:1:sloid:4021,8504021,46.62145313,6.85004032,backbone,
rer-fribourg:S41,11,Romont FR,ch:1:sloid:4023,8504023,46.69350503,6.91180848,backbone,
rer-fribourg:S41,12,Villaz-St-Pierre,ch:1:sloid:4024,8504024,46.72057826,6.96064089,backbone,
rer-fribourg:S41,13,Chénens,ch:1:sloid:4025,8504025,46.74921367,7.00042728,backbone,
rer-fribourg:S41,14,Cottens FR,ch:1:sloid:4026,8504026,46.75121407,7.03479682,backbone,
rer-fribourg:S41,15,Neyruz FR,ch:1:sloid:4027,8504027,46.76605164,7.06502513,backbone,
rer-fribourg:S41,16,Avry-Matran,ch:1:sloid:1632,8501632,46.78602761,7.08043124,backbone,
rer-fribourg:S41,17,Villars-sur-Glâne,ch:1:sloid:4030,8504030,46.78982878,7.11638182,backbone,
rer-fribourg:S41,18,Fribourg/Freiburg,ch:1:sloid:4100,8504100,46.80314923,7.1510478,backbone,
rer-fribourg:S50,1,Palézieux,ch:1:sloid:4014,8504014,46.54276233,6.83787713,backbone,
rer-fribourg:S50,2,Bossonnens,ch:1:sloid:4060,8504060,46.52570636,6.85323832,backbone,
rer-fribourg:S50,3,Remaufens,ch:1:sloid:4061,8504061,46.52374087,6.87651367,backbone,
rer-fribourg:S50,4,Châtel-St-Denis,ch:1:sloid:4062,8504062,46.52780774,6.89579151,backbone,
rer-fribourg:S50,5,Semsales,ch:1:sloid:4063,8504063,46.57335077,6.92692712,backbone,
rer-fribourg:S50,6,La Verrerie,ch:1:sloid:4064,8504064,46.58752112,6.92487896,backbone,
rer-fribourg:S50,7,Vaulruz-Sud,ch:1:sloid:4065,8504065,46.61920728,6.98997089,backbone,
rer-fribourg:S50,8,Vuadens-Sud,ch:1:sloid:4066,8504066,46.61796092,7.02017225,backbone,
rer-fribourg:S50,9,Bulle,ch:1:sloid:4086,8504086,46.61922579,7.05300567,backbone,
rer-fribourg:S50,10,La Tour-de-Trême Ronclina,ch:1:sloid:4079,8504079,46.60561919,7.06144085,backbone,
rer-fribourg:S50,11,Le Pâquier-Montbarry,ch:1:sloid:4078,8504078,46.59468206,7.05968914,backbone,
rer-fribourg:S50,12,Gruyères,ch:1:sloid:4077,8504077,46.58261285,7.0732537,backbone,
rer-fribourg:S50,13,Enney,ch:1:sloid:4075,8504075,46.56540265,7.08523722,backbone,
rer-fribourg:S50,14,Villars-sous-Mont,ch:1:sloid:4074,8504074,46.54380035,7.07293929,backbone,
rer-fribourg:S50,15,Neirivue,ch:1:sloid:4073,8504073,46.52828982,7.06155763,backbone,
rer-fribourg:S50,16,Albeuve,ch:1:sloid:4072,8504072,46.51793052,7.05542214,backbone,
rer-fribourg:S50,17,Lessoc,ch:1:sloid:4071,8504071,46.50737758,7.05254753,backbone,
rer-fribourg:S50,18,Montbovon,ch:1:sloid:4070,8504070,46.48542437,7.04213606,backbone,
rer-fribourg:S50,19,Les Sciernes,ch:1:sloid:1379,8501379,46.49146084,7.0342219,extension,8504070
rer-fribourg:S50,20,Allières,ch:1:sloid:1378,8501378,46.46982292,7.00789228,extension,8504070
rer-fribourg:S50,21,La Tine,ch:1:sloid:1391,8501391,46.46716863,7.04657373,branch,8504070
rer-fribourg:S50,22,Rossinière,ch:1:sloid:1392,8501392,46.4648112,7.08324296,branch,8504070
rer-fribourg:S50,23,La Chaudanne-Les Moulins,ch:1:sloid:1393,8501393,46.4660549,7.09673566,branch,8504070
rer-fribourg:S50,24,Château-dOex,ch:1:sloid:1394,8501394,46.47475995,7.13210233,branch,8504070
rer-fribourg:S50,25,Rougemont,ch:1:sloid:1397,8501397,46.48862205,7.20896219,branch,8504070
rer-fribourg:S50,26,Saanen,ch:1:sloid:1398,8501398,46.48857257,7.26027396,branch,8504070
rer-fribourg:S50,27,Gstaad,ch:1:sloid:1399,8501399,46.47494554,7.28422304,branch,8504070
rer-fribourg:S51,1,Palézieux,ch:1:sloid:4014,8504014,46.54276233,6.83787713,backbone,
rer-fribourg:S51,2,Bossonnens,ch:1:sloid:4060,8504060,46.52570636,6.85323832,backbone,
rer-fribourg:S51,3,Remaufens,ch:1:sloid:4061,8504061,46.52374087,6.87651367,backbone,
rer-fribourg:S51,4,Châtel-St-Denis,ch:1:sloid:4062,8504062,46.52780774,6.89579151,backbone,
rer-fribourg:S51,5,Semsales,ch:1:sloid:4063,8504063,46.57335077,6.92692712,backbone,
rer-fribourg:S51,6,La Verrerie,ch:1:sloid:4064,8504064,46.58752112,6.92487896,backbone,
rer-fribourg:S51,7,Vaulruz-Sud,ch:1:sloid:4065,8504065,46.61920728,6.98997089,backbone,
rer-fribourg:S51,8,Vuadens-Sud,ch:1:sloid:4066,8504066,46.61796092,7.02017225,backbone,
rer-fribourg:S51,9,Bulle,ch:1:sloid:4086,8504086,46.61922579,7.05300567,backbone,
rer-fribourg:S51,10,La Tour-de-Trême Ronclina,ch:1:sloid:4079,8504079,46.60561919,7.06144085,backbone,
rer-fribourg:S51,11,Le Pâquier-Montbarry,ch:1:sloid:4078,8504078,46.59468206,7.05968914,backbone,
rer-fribourg:S51,12,Gruyères,ch:1:sloid:4077,8504077,46.58261285,7.0732537,backbone,
rer-fribourg:S:8501120-8504023,1,Lausanne,ch:1:sloid:1120,8501120,46.5167931,6.62909069,backbone,
rer-fribourg:S:8501120-8504023,2,Pully-Nord,ch:1:sloid:4000,8504000,46.51467892,6.65798949,backbone,
rer-fribourg:S:8501120-8504023,3,La Conversion,ch:1:sloid:4010,8504010,46.51308396,6.67832735,backbone,
rer-fribourg:S:8501120-8504023,4,Bossière,ch:1:sloid:4003,8504003,46.50975171,6.69932098,backbone,
rer-fribourg:S:8501120-8504023,5,Grandvaux,ch:1:sloid:4011,8504011,46.49694627,6.72265023,backbone,
rer-fribourg:S:8501120-8504023,6,Puidoux,ch:1:sloid:4012,8504012,46.49384184,6.76568851,backbone,
rer-fribourg:S:8501120-8504023,7,Moreillon,ch:1:sloid:4007,8504007,46.50839772,6.78564908,backbone,
rer-fribourg:S:8501120-8504023,8,Palézieux,ch:1:sloid:4014,8504014,46.54276233,6.83787713,backbone,
rer-fribourg:S:8501120-8504023,9,Oron,ch:1:sloid:4020,8504020,46.57254799,6.83710458,backbone,
rer-fribourg:S:8501120-8504023,10,Vauderens,ch:1:sloid:4021,8504021,46.62145313,6.85004032,backbone,
rer-fribourg:S:8501120-8504023,11,Romont FR,ch:1:sloid:4023,8504023,46.69350503,6.91180848,backbone,
rer-fribourg:S:8501120-8504023,12,Villaz-St-Pierre,ch:1:sloid:4024,8504024,46.72057826,6.96064089,backbone,
rer-fribourg:S:8501120-8504023,13,Chénens,ch:1:sloid:4025,8504025,46.74921367,7.00042728,backbone,
rer-fribourg:S:8501120-8504023,14,Cottens FR,ch:1:sloid:4026,8504026,46.75121407,7.03479682,backbone,
rer-fribourg:S:8501120-8504023,15,Neyruz FR,ch:1:sloid:4027,8504027,46.76605164,7.06502513,backbone,
rer-fribourg:S:8501120-8504023,16,Rosé,ch:1:sloid:4028,8504028,46.78263216,7.06197086,backbone,
rer-fribourg:S:8501120-8504023,17,Villars-sur-Glâne,ch:1:sloid:4030,8504030,46.78982878,7.11638182,backbone,
rer-fribourg:S:8501120-8504023,18,Fribourg/Freiburg,ch:1:sloid:4100,8504100,46.80314923,7.1510478,backbone,
rer-fribourg:SN:8501120-8504100,1,Lausanne,ch:1:sloid:1120,8501120,46.5167931,6.62909069,backbone,
rer-fribourg:SN:8501120-8504100,2,Pully-Nord,ch:1:sloid:4000,8504000,46.51467892,6.65798949,backbone,
rer-fribourg:SN:8501120-8504100,3,La Conversion,ch:1:sloid:4010,8504010,46.51308396,6.67832735,backbone,
rer-fribourg:SN:8501120-8504100,4,Bossière,ch:1:sloid:4003,8504003,46.50975171,6.69932098,backbone,
rer-fribourg:SN:8501120-8504100,5,Grandvaux,ch:1:sloid:4011,8504011,46.49694627,6.72265023,backbone,
rer-fribourg:SN:8501120-8504100,6,Puidoux,ch:1:sloid:4012,8504012,46.49384184,6.76568851,backbone,
rer-fribourg:SN:8501120-8504100,7,Moreillon,ch:1:sloid:4007,8504007,46.50839772,6.78564908,backbone,
rer-fribourg:SN:8501120-8504100,8,Palézieux,ch:1:sloid:4014,8504014,46.54276233,6.83787713,backbone,
rer-fribourg:SN:8501120-8504100,9,Oron,ch:1:sloid:4020,8504020,46.57254799,6.83710458,backbone,
rer-fribourg:SN:8501120-8504100,10,Vauderens,ch:1:sloid:4021,8504021,46.62145313,6.85004032,backbone,
rer-fribourg:SN:8501120-8504100,11,Romont FR,ch:1:sloid:4023,8504023,46.69350503,6.91180848,backbone,
rer-fribourg:SN:8501120-8504100,12,Villaz-St-Pierre,ch:1:sloid:4024,8504024,46.72057826,6.96064089,backbone,
rer-fribourg:SN:8501120-8504100,13,Chénens,ch:1:sloid:4025,8504025,46.74921367,7.00042728,backbone,
rer-fribourg:SN:8501120-8504100,14,Cottens FR,ch:1:sloid:4026,8504026,46.75121407,7.03479682,backbone,
rer-fribourg:SN:8501120-8504100,15,Neyruz FR,ch:1:sloid:4027,8504027,46.76605164,7.06502513,backbone,
rer-fribourg:SN:8501120-8504100,16,Avry-Matran,ch:1:sloid:1632,8501632,46.78602761,7.08043124,backbone,
rer-fribourg:SN:8501120-8504100,17,Villars-sur-Glâne,ch:1:sloid:4030,8504030,46.78982878,7.11638182,backbone,
rer-fribourg:SN:8501120-8504100,18,Fribourg/Freiburg,ch:1:sloid:4100,8504100,46.80314923,7.1510478,backbone,
rer-vaud:R1,1,St-Maurice,ch:1:sloid:1403,8501403,46.21637174,7.00204425,backbone,
rer-vaud:R1,2,Bex,ch:1:sloid:1402,8501402,46.25146721,7.00066982,backbone,
rer-vaud:R1,3,Aigle,ch:1:sloid:1400,8501400,46.31685709,6.96368618,backbone,
rer-vaud:R1,4,Roche VD,ch:1:sloid:1304,8501304,46.35869591,6.92705289,backbone,
rer-vaud:R1,5,Villeneuve VD,ch:1:sloid:1303,8501303,46.39837162,6.92699899,backbone,
rer-vaud:R1,6,Veytaux-Chillon,ch:1:sloid:1302,8501302,46.41762273,6.92786137,backbone,
rer-vaud:R1,7,Territet,ch:1:sloid:1301,8501301,46.42638506,6.92270504,backbone,
rer-vaud:R1,8,Montreux,ch:1:sloid:1300,8501300,46.4358827,6.91044304,backbone,
rer-vaud:R1,9,Clarens,ch:1:sloid:1203,8501203,46.44273558,6.89578253,backbone,
rer-vaud:R1,10,Burier,ch:1:sloid:1202,8501202,46.4478855,6.87712452,backbone,
rer-vaud:R1,11,La Tour-de-Peilz,ch:1:sloid:1201,8501201,46.45545476,6.85953551,backbone,
rer-vaud:R1,12,Vevey,ch:1:sloid:1200,8501200,46.4630044,6.84344668,backbone,
rer-vaud:R1,13,St-Saphorin,ch:1:sloid:1127,8501127,46.47259464,6.79703073,backbone,
rer-vaud:R1,14,Rivaz,ch:1:sloid:1126,8501126,46.47420935,6.78459805,backbone,
rer-vaud:R1,15,Epesses,ch:1:sloid:1125,8501125,46.48932712,6.74516201,backbone,
rer-vaud:R1,16,Cully,ch:1:sloid:1124,8501124,46.4885602,6.72715079,backbone,
rer-vaud:R1,17,Villette VD,ch:1:sloid:1123,8501123,46.495425,6.70737887,detour,8501124
rer-vaud:R1,18,Lutry,ch:1:sloid:1122,8501122,46.50378528,6.69060732,backbone,
rer-vaud:R1,19,Pully,ch:1:sloid:1121,8501121,46.51092636,6.65947171,backbone,
rer-vaud:R1,20,Lausanne,ch:1:sloid:1120,8501120,46.5167931,6.62909069,backbone,
rer-vaud:R1,21,Prilly-Malley,ch:1:sloid:18452,8518452,46.52668907,6.60262632,backbone,
rer-vaud:R1,22,Renens VD,ch:1:sloid:1118,8501118,46.53704052,6.57893775,backbone,
rer-vaud:R1,23,Bussigny,ch:1:sloid:1117,8501117,46.5475877,6.55182659,backbone,
rer-vaud:R1,24,Vufflens-la-Ville,ch:1:sloid:1116,8501116,46.57624689,6.53077008,backbone,
rer-vaud:R1,25,Cossonay-Penthalaz,ch:1:sloid:1115,8501115,46.60600799,6.52369136,backbone,
rer-vaud:R1,26,Eclépens,ch:1:sloid:1114,8501114,46.65718896,6.55241948,backbone,
rer-vaud:R1,27,Bavois,ch:1:sloid:1113,8501113,46.68768205,6.55933651,backbone,
rer-vaud:R1,28,Chavornay,ch:1:sloid:1112,8501112,46.71008322,6.56816695,backbone,
rer-vaud:R1,29,Essert-Pittet,ch:1:sloid:1111,8501111,46.72767234,6.58065353,backbone,
rer-vaud:R1,30,Ependes VD,ch:1:sloid:1110,8501110,46.74641298,6.60766587,backbone,
rer-vaud:R1,31,Yverdon-les-Bains,ch:1:sloid:4200,8504200,46.78154335,6.64094845,backbone,
rer-vaud:R1,32,Grandson,ch:1:sloid:4201,8504201,46.80628515,6.64194558,backbone,
rer-vaud:R2,1,Martigny,ch:1:sloid:1500,8501500,46.10583124,7.0791197,extension,8501403
rer-vaud:R2,2,St-Maurice,ch:1:sloid:1403,8501403,46.21637174,7.00204425,backbone,
rer-vaud:R2,3,Bex,ch:1:sloid:1402,8501402,46.25146721,7.00066982,backbone,
rer-vaud:R2,4,Aigle,ch:1:sloid:1400,8501400,46.31685709,6.96368618,backbone,
rer-vaud:R2,5,Roche VD,ch:1:sloid:1304,8501304,46.35869591,6.92705289,backbone,
rer-vaud:R2,6,Villeneuve VD,ch:1:sloid:1303,8501303,46.39837162,6.92699899,backbone,
rer-vaud:R2,7,Veytaux-Chillon,ch:1:sloid:1302,8501302,46.41762273,6.92786137,backbone,
rer-vaud:R2,8,Territet,ch:1:sloid:1301,8501301,46.42638506,6.92270504,backbone,
rer-vaud:R2,9,Montreux,ch:1:sloid:1300,8501300,46.4358827,6.91044304,backbone,
rer-vaud:R2,10,Clarens,ch:1:sloid:1203,8501203,46.44273558,6.89578253,backbone,
rer-vaud:R2,11,Burier,ch:1:sloid:1202,8501202,46.4478855,6.87712452,backbone,
rer-vaud:R2,12,La Tour-de-Peilz,ch:1:sloid:1201,8501201,46.45545476,6.85953551,backbone,
rer-vaud:R2,13,Vevey,ch:1:sloid:1200,8501200,46.4630044,6.84344668,backbone,
rer-vaud:R2,14,St-Saphorin,ch:1:sloid:1127,8501127,46.47259464,6.79703073,backbone,
rer-vaud:R2,15,Rivaz,ch:1:sloid:1126,8501126,46.47420935,6.78459805,backbone,
rer-vaud:R2,16,Epesses,ch:1:sloid:1125,8501125,46.48932712,6.74516201,backbone,
rer-vaud:R2,17,Cully,ch:1:sloid:1124,8501124,46.4885602,6.72715079,backbone,
rer-vaud:R2,18,Villette VD,ch:1:sloid:1123,8501123,46.495425,6.70737887,backbone,
rer-vaud:R2,19,Lutry,ch:1:sloid:1122,8501122,46.50378528,6.69060732,backbone,
rer-vaud:R2,20,Pully,ch:1:sloid:1121,8501121,46.51092636,6.65947171,backbone,
rer-vaud:R2,21,Lausanne,ch:1:sloid:1120,8501120,46.5167931,6.62909069,backbone,
rer-vaud:R2,22,Prilly-Malley,ch:1:sloid:18452,8518452,46.52668907,6.60262632,backbone,
rer-vaud:R2,23,Renens VD,ch:1:sloid:1118,8501118,46.53704052,6.57893775,backbone,
rer-vaud:R2,24,Bussigny,ch:1:sloid:1117,8501117,46.5475877,6.55182659,backbone,
rer-vaud:R2,25,Vufflens-la-Ville,ch:1:sloid:1116,8501116,46.57624689,6.53077008,backbone,
rer-vaud:R2,26,Cossonay-Penthalaz,ch:1:sloid:1115,8501115,46.60600799,6.52369136,backbone,
rer-vaud:R2,27,Eclépens,ch:1:sloid:1114,8501114,46.65718896,6.55241948,backbone,
rer-vaud:R2,28,Bavois,ch:1:sloid:1113,8501113,46.68768205,6.55933651,backbone,
rer-vaud:R2,29,Chavornay,ch:1:sloid:1112,8501112,46.71008322,6.56816695,backbone,
rer-vaud:R2,30,Essert-Pittet,ch:1:sloid:1111,8501111,46.72767234,6.58065353,detour,8501112
rer-vaud:R2,31,Ependes VD,ch:1:sloid:1110,8501110,46.74641298,6.60766587,backbone,
rer-vaud:R2,32,Yverdon-les-Bains,ch:1:sloid:4200,8504200,46.78154335,6.64094845,backbone,
rer-vaud:R2,33,Grandson,ch:1:sloid:4201,8504201,46.80628515,6.64194558,backbone,
rer-vaud:R3,1,Vallorbe,ch:1:sloid:1103,8501103,46.71240536,6.37056453,backbone,
rer-vaud:R3,2,Le Day,ch:1:sloid:1104,8501104,46.72003015,6.39902316,backbone,
rer-vaud:R3,3,Bretonnières,ch:1:sloid:1105,8501105,46.71505384,6.47473317,backbone,
rer-vaud:R3,4,Croy-Romainmôtier,ch:1:sloid:1106,8501106,46.69670894,6.47811982,backbone,
rer-vaud:R3,5,Arnex,ch:1:sloid:1107,8501107,46.69807671,6.51890334,backbone,
rer-vaud:R3,6,La Sarraz,ch:1:sloid:1108,8501108,46.65878585,6.51735823,backbone,
rer-vaud:R3,7,Cossonay-Penthalaz,ch:1:sloid:1115,8501115,46.60600799,6.52369136,backbone,
rer-vaud:R3,8,Vufflens-la-Ville,ch:1:sloid:1116,8501116,46.57624689,6.53077008,backbone,
rer-vaud:R3,9,Bussigny,ch:1:sloid:1117,8501117,46.5475877,6.55182659,backbone,
rer-vaud:R3,10,Renens VD,ch:1:sloid:1118,8501118,46.53704052,6.57893775,backbone,
rer-vaud:R3,11,Prilly-Malley,ch:1:sloid:18452,8518452,46.52668907,6.60262632,backbone,
rer-vaud:R3,12,Lausanne,ch:1:sloid:1120,8501120,46.5167931,6.62909069,backbone,
rer-vaud:R3,13,Pully,ch:1:sloid:1121,8501121,46.51092636,6.65947171,backbone,
rer-vaud:R3,14,Lutry,ch:1:sloid:1122,8501122,46.50378528,6.69060732,backbone,
rer-vaud:R3,15,Villette VD,ch:1:sloid:1123,8501123,46.495425,6.70737887,backbone,
rer-vaud:R3,16,Cully,ch:1:sloid:1124,8501124,46.4885602,6.72715079,backbone,
rer-vaud:R3,17,Epesses,ch:1:sloid:1125,8501125,46.48932712,6.74516201,backbone,
rer-vaud:R3,18,Rivaz,ch:1:sloid:1126,8501126,46.47420935,6.78459805,backbone,
rer-vaud:R3,19,St-Saphorin,ch:1:sloid:1127,8501127,46.47259464,6.79703073,backbone,
rer-vaud:R3,20,Vevey,ch:1:sloid:1200,8501200,46.4630044,6.84344668,backbone,
rer-vaud:R4,1,Vallorbe,ch:1:sloid:1103,8501103,46.71240536,6.37056453,extension,8501104
rer-vaud:R4,2,Le Day,ch:1:sloid:1104,8501104,46.72003015,6.39902316,backbone,
rer-vaud:R4,3,Bretonnières,ch:1:sloid:1105,8501105,46.71505384,6.47473317,backbone,
rer-vaud:R4,4,Croy-Romainmôtier,ch:1:sloid:1106,8501106,46.69670894,6.47811982,backbone,
rer-vaud:R4,5,Arnex,ch:1:sloid:1107,8501107,46.69807671,6.51890334,backbone,
rer-vaud:R4,6,La Sarraz,ch:1:sloid:1108,8501108,46.65878585,6.51735823,backbone,
rer-vaud:R4,7,Cossonay-Penthalaz,ch:1:sloid:1115,8501115,46.60600799,6.52369136,backbone,
rer-vaud:R4,8,Vufflens-la-Ville,ch:1:sloid:1116,8501116,46.57624689,6.53077008,detour,8501115
rer-vaud:R4,9,Bussigny,ch:1:sloid:1117,8501117,46.5475877,6.55182659,backbone,
rer-vaud:R4,10,Renens VD,ch:1:sloid:1118,8501118,46.53704052,6.57893775,backbone,
rer-vaud:R4,11,Prilly-Malley,ch:1:sloid:18452,8518452,46.52668907,6.60262632,backbone,
rer-vaud:R4,12,Lausanne,ch:1:sloid:1120,8501120,46.5167931,6.62909069,backbone,
rer-vaud:R4,13,Pully,ch:1:sloid:1121,8501121,46.51092636,6.65947171,backbone,
rer-vaud:R4,14,Lutry,ch:1:sloid:1122,8501122,46.50378528,6.69060732,backbone,
rer-vaud:R4,15,Villette VD,ch:1:sloid:1123,8501123,46.495425,6.70737887,backbone,
rer-vaud:R4,16,Cully,ch:1:sloid:1124,8501124,46.4885602,6.72715079,backbone,
rer-vaud:R4,17,Epesses,ch:1:sloid:1125,8501125,46.48932712,6.74516201,backbone,
rer-vaud:R4,18,Rivaz,ch:1:sloid:1126,8501126,46.47420935,6.78459805,backbone,
rer-vaud:R4,19,St-Saphorin,ch:1:sloid:1127,8501127,46.47259464,6.79703073,backbone,
rer-vaud:R4,20,Vevey,ch:1:sloid:1200,8501200,46.4630044,6.84344668,backbone,
rer-vaud:R4,21,Le Pont,ch:1:sloid:1100,8501100,46.66866826,6.32472351,branch,8501104
rer-vaud:R4,22,Les Charbonnières,ch:1:sloid:1151,8501151,46.66429754,6.31704291,branch,8501104
rer-vaud:R4,23,Le Séchey,ch:1:sloid:1152,8501152,46.65847757,6.3060116,branch,8501104
rer-vaud:R4,24,Le Lieu,ch:1:sloid:1153,8501153,46.64689744,6.28340999,branch,8501104
rer-vaud:R4,25,Les Esserts-de-Rive,ch:1:sloid:1154,8501154,46.63198389,6.2603682,branch,8501104
rer-vaud:R4,26,Le Rocheray,ch:1:sloid:1155,8501155,46.62445772,6.25026215,branch,8501104
rer-vaud:R4,27,Le Solliat-La Golisse,ch:1:sloid:1156,8501156,46.61440679,6.23902423,branch,8501104
rer-vaud:R4,28,Le Sentier-LOrient,ch:1:sloid:1157,8501157,46.60579199,6.23142448,branch,8501104
rer-vaud:R4,29,Chez-le-Maître-Ecoles,ch:1:sloid:30783,8530783,46.59945961,6.22215387,branch,8501104
rer-vaud:R4,30,Le Brassus,ch:1:sloid:1159,8501159,46.58554552,6.21394326,branch,8501104
rer-vaud:R7,1,Vevey,ch:1:sloid:1200,8501200,46.4630044,6.84344668,backbone,
rer-vaud:R7,2,Corseaux-Cornalles,ch:1:sloid:4040,8504040,46.470454,6.82477969,detour,8501200
rer-vaud:R7,3,Chexbres-Village,ch:1:sloid:4013,8504013,46.4810574,6.77853442,backbone,
rer-vaud:R7,4,Puidoux,ch:1:sloid:4012,8504012,46.49384184,6.76568851,backbone,
rer-vaud:R7,5,Moreillon,ch:1:sloid:4007,8504007,46.50839772,6.78564908,backbone,
rer-vaud:R7,6,Palézieux,ch:1:sloid:4014,8504014,46.54276233,6.83787713,backbone,
rer-vaud:R7,7,Oron,ch:1:sloid:4020,8504020,46.57254799,6.83710458,backbone,
rer-vaud:R7,8,Vauderens,ch:1:sloid:4021,8504021,46.62145313,6.85004032,backbone,
rer-vaud:R7,9,Romont FR,ch:1:sloid:4023,8504023,46.69350503,6.91180848,backbone,
rer-vaud:R8,1,Allaman,ch:1:sloid:1035,8501035,46.47575596,6.3996969,backbone,
rer-vaud:R8,2,Etoy,ch:1:sloid:1042,8501042,46.47517444,6.42713145,backbone,
rer-vaud:R8,3,St-Prex,ch:1:sloid:1036,8501036,46.48231928,6.45590449,backbone,
rer-vaud:R8,4,Morges,ch:1:sloid:1037,8501037,46.51109947,6.4939661,backbone,
rer-vaud:R8,5,Morges-St-Jean,ch:1:sloid:1047,8501047,46.51819632,6.50804271,backbone,
rer-vaud:R8,6,Lonay-Préverenges,ch:1:sloid:1048,8501048,46.52313514,6.51954114,backbone,
rer-vaud:R8,7,Denges-Echandens,ch:1:sloid:1045,8501045,46.52912416,6.54050782,backbone,
rer-vaud:R8,8,Renens VD,ch:1:sloid:1118,8501118,46.53704052,6.57893775,backbone,
rer-vaud:R8,9,Prilly-Malley,ch:1:sloid:18452,8518452,46.52668907,6.60262632,detour,8501118
rer-vaud:R8,10,Lausanne,ch:1:sloid:1120,8501120,46.5167931,6.62909069,backbone,
rer-vaud:R8,11,Pully-Nord,ch:1:sloid:4000,8504000,46.51467892,6.65798949,detour,8501120
rer-vaud:R8,12,La Conversion,ch:1:sloid:4010,8504010,46.51308396,6.67832735,detour,8501120
rer-vaud:R8,13,Bossière,ch:1:sloid:4003,8504003,46.50975171,6.69932098,detour,8504010
rer-vaud:R8,14,Grandvaux,ch:1:sloid:4011,8504011,46.49694627,6.72265023,detour,8501120
rer-vaud:R8,15,Puidoux,ch:1:sloid:4012,8504012,46.49384184,6.76568851,backbone,
rer-vaud:R8,16,Moreillon,ch:1:sloid:4007,8504007,46.50839772,6.78564908,detour,8504012
rer-vaud:R8,17,Palézieux,ch:1:sloid:4014,8504014,46.54276233,6.83787713,backbone,
rer-vaud:R8,18,Palézieux-Village,ch:1:sloid:4016,8504016,46.55711362,6.82887601,backbone,
rer-vaud:R8,19,Châtillens,ch:1:sloid:4017,8504017,46.57053479,6.81548213,backbone,
rer-vaud:R8,20,Ecublens-Rue,ch:1:sloid:4018,8504018,46.6104328,6.81105343,backbone,
rer-vaud:R8,21,Moudon,ch:1:sloid:4120,8504120,46.66805799,6.80251046,backbone,
rer-vaud:R8,22,Lucens,ch:1:sloid:4121,8504121,46.7077733,6.84215311,backbone,
rer-vaud:R8,23,Granges-Marnand,ch:1:sloid:4122,8504122,46.75884568,6.89429133,backbone,
rer-vaud:R8,24,Payerne,ch:1:sloid:4134,8504134,46.8196507,6.93988083,backbone,
rer-vaud:R9,1,Allaman,ch:1:sloid:1035,8501035,46.47575596,6.3996969,backbone,
rer-vaud:R9,2,Etoy,ch:1:sloid:1042,8501042,46.47517444,6.42713145,backbone,
rer-vaud:R9,3,St-Prex,ch:1:sloid:1036,8501036,46.48231928,6.45590449,backbone,
rer-vaud:R9,4,Morges,ch:1:sloid:1037,8501037,46.51109947,6.4939661,backbone,
rer-vaud:R9,5,Morges-St-Jean,ch:1:sloid:1047,8501047,46.51819632,6.50804271,backbone,
rer-vaud:R9,6,Lonay-Préverenges,ch:1:sloid:1048,8501048,46.52313514,6.51954114,backbone,
rer-vaud:R9,7,Denges-Echandens,ch:1:sloid:1045,8501045,46.52912416,6.54050782,backbone,
rer-vaud:R9,8,Renens VD,ch:1:sloid:1118,8501118,46.53704052,6.57893775,backbone,
rer-vaud:R9,9,Prilly-Malley,ch:1:sloid:18452,8518452,46.52668907,6.60262632,backbone,
rer-vaud:R9,10,Lausanne,ch:1:sloid:1120,8501120,46.5167931,6.62909069,backbone,
rer-vaud:R9,11,Pully-Nord,ch:1:sloid:4000,8504000,46.51467892,6.65798949,detour,8501120
rer-vaud:R9,12,La Conversion,ch:1:sloid:4010,8504010,46.51308396,6.67832735,detour,8501120
rer-vaud:R9,13,Bossière,ch:1:sloid:4003,8504003,46.50975171,6.69932098,detour,8501120
rer-vaud:R9,14,Grandvaux,ch:1:sloid:4011,8504011,46.49694627,6.72265023,detour,8501120
rer-vaud:R9,15,Puidoux,ch:1:sloid:4012,8504012,46.49384184,6.76568851,backbone,
rer-vaud:R9,16,Moreillon,ch:1:sloid:4007,8504007,46.50839772,6.78564908,detour,8501120
rer-vaud:R9,17,Palézieux,ch:1:sloid:4014,8504014,46.54276233,6.83787713,backbone,
rer-vaud:R9,18,Palézieux-Village,ch:1:sloid:4016,8504016,46.55711362,6.82887601,backbone,
rer-vaud:R9,19,Châtillens,ch:1:sloid:4017,8504017,46.57053479,6.81548213,backbone,
rer-vaud:R9,20,Ecublens-Rue,ch:1:sloid:4018,8504018,46.6104328,6.81105343,backbone,
rer-vaud:R9,21,Moudon,ch:1:sloid:4120,8504120,46.66805799,6.80251046,backbone,
rer-vaud:R9,22,Lucens,ch:1:sloid:4121,8504121,46.7077733,6.84215311,backbone,
rer-vaud:R9,23,Henniez,ch:1:sloid:4141,8504141,46.73499945,6.87010868,backbone,
rer-vaud:R9,24,Granges-Marnand,ch:1:sloid:4122,8504122,46.75884568,6.89429133,backbone,
rer-vaud:R9,25,Payerne,ch:1:sloid:4134,8504134,46.8196507,6.93988083,backbone,
rer-vaud:R9,26,Corcelles-Nord,ch:1:sloid:4123,8504123,46.83526218,6.96029055,backbone,
rer-vaud:R9,27,Dompierre FR,ch:1:sloid:4124,8504124,46.85440157,6.98537151,backbone,
rer-vaud:R9,28,Domdidier,ch:1:sloid:4125,8504125,46.86851058,7.01138673,backbone,
rer-vaud:R9,29,Avenches,ch:1:sloid:4126,8504126,46.88459905,7.04092333,backbone,
rer-vaud:R9,30,Faoug,ch:1:sloid:4127,8504127,46.90831153,7.07454727,backbone,
rer-vaud:R9,31,Murten/Morat,ch:1:sloid:4128,8504128,46.92534513,7.11528587,backbone,
rer-vaud:R:8501120-8501402,1,Lausanne,ch:1:sloid:1120,8501120,46.5167931,6.62909069,backbone,
rer-vaud:R:8501120-8501402,2,Pully,ch:1:sloid:1121,8501121,46.51092636,6.65947171,backbone,
rer-vaud:R:8501120-8501402,3,Lutry,ch:1:sloid:1122,8501122,46.50378528,6.69060732,backbone,
rer-vaud:R:8501120-8501402,4,Villette VD,ch:1:sloid:1123,8501123,46.495425,6.70737887,backbone,
rer-vaud:R:8501120-8501402,5,Cully,ch:1:sloid:1124,8501124,46.4885602,6.72715079,backbone,
rer-vaud:R:8501120-8501402,6,Vevey,ch:1:sloid:1200,8501200,46.4630044,6.84344668,backbone,
rer-vaud:R:8501120-8501402,7,La Tour-de-Peilz,ch:1:sloid:1201,8501201,46.45545476,6.85953551,backbone,
rer-vaud:R:8501120-8501402,8,Burier,ch:1:sloid:1202,8501202,46.4478855,6.87712452,backbone,
rer-vaud:R:8501120-8501402,9,Clarens,ch:1:sloid:1203,8501203,46.44273558,6.89578253,backbone,
rer-vaud:R:8501120-8501402,10,Montreux,ch:1:sloid:1300,8501300,46.4358827,6.91044304,backbone,
rer-vaud:R:8501120-8501402,11,Villeneuve VD,ch:1:sloid:1303,8501303,46.39837162,6.92699899,backbone,
rer-vaud:R:8501120-8501402,12,Roche VD,ch:1:sloid:1304,8501304,46.35869591,6.92705289,backbone,
rer-vaud:R:8501120-8501402,13,Aigle,ch:1:sloid:1400,8501400,46.31685709,6.96368618,backbone,
rer-vaud:R:8501120-8501402,14,Bex,ch:1:sloid:1402,8501402,46.25146721,7.00066982,backbone,
rer-vaud:RE-N9,1,Lausanne,ch:1:sloid:1120,8501120,46.5167931,6.62909069,backbone,
rer-vaud:RE-N9,2,Cully,ch:1:sloid:1124,8501124,46.4885602,6.72715079,backbone,
rer-vaud:RE-N9,3,Vevey,ch:1:sloid:1200,8501200,46.4630044,6.84344668,backbone,
rer-vaud:RE-N9,4,Montreux,ch:1:sloid:1300,8501300,46.4358827,6.91044304,backbone,
rer-vaud:RE-N9,5,Aigle,ch:1:sloid:1400,8501400,46.31685709,6.96368618,backbone,
rer-vaud:RE-N9,6,Bex,ch:1:sloid:1402,8501402,46.25146721,7.00066982,backbone,
rer-vaud:RE-N9,7,St-Maurice,ch:1:sloid:1403,8501403,46.21637174,7.00204425,backbone,
rer-vaud:RE-N9,8,Martigny,ch:1:sloid:1500,8501500,46.10583124,7.0791197,backbone,
rer-vaud:RE-N9,9,Sion,ch:1:sloid:1506,8501506,46.22755278,7.35919644,backbone,
rer-vaud:SN:8501035-8501120,1,Allaman,ch:1:sloid:1035,8501035,46.47575596,6.3996969,backbone,
rer-vaud:SN:8501035-8501120,2,Etoy,ch:1:sloid:1042,8501042,46.47517444,6.42713145,backbone,
rer-vaud:SN:8501035-8501120,3,St-Prex,ch:1:sloid:1036,8501036,46.48231928,6.45590449,backbone,
rer-vaud:SN:8501035-8501120,4,Morges,ch:1:sloid:1037,8501037,46.51109947,6.4939661,backbone,
rer-vaud:SN:8501035-8501120,5,Morges-St-Jean,ch:1:sloid:1047,8501047,46.51819632,6.50804271,backbone,
rer-vaud:SN:8501035-8501120,6,Lonay-Préverenges,ch:1:sloid:1048,8501048,46.52313514,6.51954114,backbone,
rer-vaud:SN:8501035-8501120,7,Denges-Echandens,ch:1:sloid:1045,8501045,46.52912416,6.54050782,backbone,
rer-vaud:SN:8501035-8501120,8,Renens VD,ch:1:sloid:1118,8501118,46.53704052,6.57893775,backbone,
rer-vaud:SN:8501035-8501120,9,Prilly-Malley,ch:1:sloid:18452,8518452,46.52668907,6.60262632,backbone,
rer-vaud:SN:8501035-8501120,10,Lausanne,ch:1:sloid:1120,8501120,46.5167931,6.62909069,backbone,
rer-vaud:SN:8501103-8501403,1,Vallorbe,ch:1:sloid:1103,8501103,46.71240536,6.37056453,backbone,
rer-vaud:SN:8501103-8501403,2,Le Day,ch:1:sloid:1104,8501104,46.72003015,6.39902316,backbone,
rer-vaud:SN:8501103-8501403,3,Bretonnières,ch:1:sloid:1105,8501105,46.71505384,6.47473317,backbone,
rer-vaud:SN:8501103-8501403,4,Croy-Romainmôtier,ch:1:sloid:1106,8501106,46.69670894,6.47811982,backbone,
rer-vaud:SN:8501103-8501403,5,Arnex,ch:1:sloid:1107,8501107,46.69807671,6.51890334,backbone,
rer-vaud:SN:8501103-8501403,6,La Sarraz,ch:1:sloid:1108,8501108,46.65878585,6.51735823,backbone,
rer-vaud:SN:8501103-8501403,7,Cossonay-Penthalaz,ch:1:sloid:1115,8501115,46.60600799,6.52369136,backbone,
rer-vaud:SN:8501103-8501403,8,Bussigny,ch:1:sloid:1117,8501117,46.5475877,6.55182659,backbone,
rer-vaud:SN:8501103-8501403,9,Renens VD,ch:1:sloid:1118,8501118,46.53704052,6.57893775,backbone,
rer-vaud:SN:8501103-8501403,10,Prilly-Malley,ch:1:sloid:18452,8518452,46.52668907,6.60262632,backbone,
rer-vaud:SN:8501103-8501403,11,Lausanne,ch:1:sloid:1120,8501120,46.5167931,6.62909069,backbone,
rer-vaud:SN:8501103-8501403,12,Pully,ch:1:sloid:1121,8501121,46.51092636,6.65947171,backbone,
rer-vaud:SN:8501103-8501403,13,Lutry,ch:1:sloid:1122,8501122,46.50378528,6.69060732,backbone,
rer-vaud:SN:8501103-8501403,14,Villette VD,ch:1:sloid:1123,8501123,46.495425,6.70737887,backbone,
rer-vaud:SN:8501103-8501403,15,Cully,ch:1:sloid:1124,8501124,46.4885602,6.72715079,backbone,
rer-vaud:SN:8501103-8501403,16,Epesses,ch:1:sloid:1125,8501125,46.48932712,6.74516201,backbone,
rer-vaud:SN:8501103-8501403,17,Rivaz,ch:1:sloid:1126,8501126,46.47420935,6.78459805,backbone,
rer-vaud:SN:8501103-8501403,18,St-Saphorin,ch:1:sloid:1127,8501127,46.47259464,6.79703073,backbone,
rer-vaud:SN:8501103-8501403,19,Vevey,ch:1:sloid:1200,8501200,46.4630044,6.84344668,backbone,
rer-vaud:SN:8501103-8501403,20,La Tour-de-Peilz,ch:1:sloid:1201,8501201,46.45545476,6.85953551,backbone,
rer-vaud:SN:8501103-8501403,21,Burier,ch:1:sloid:1202,8501202,46.4478855,6.87712452,backbone,
rer-vaud:SN:8501103-8501403,22,Clarens,ch:1:sloid:1203,8501203,46.44273558,6.89578253,backbone,
rer-vaud:SN:8501103-8501403,23,Montreux,ch:1:sloid:1300,8501300,46.4358827,6.91044304,backbone,
rer-vaud:SN:8501103-8501403,24,Territet,ch:1:sloid:1301,8501301,46.42638506,6.92270504,backbone,
rer-vaud:SN:8501103-8501403,25,Veytaux-Chillon,ch:1:sloid:1302,8501302,46.41762273,6.92786137,backbone,
rer-vaud:SN:8501103-8501403,26,Villeneuve VD,ch:1:sloid:1303,8501303,46.39837162,6.92699899,backbone,
rer-vaud:SN:8501103-8501403,27,Roche VD,ch:1:sloid:1304,8501304,46.35869591,6.92705289,backbone,
rer-vaud:SN:8501103-8501403,28,Aigle,ch:1:sloid:1400,8501400,46.31685709,6.96368618,backbone,
rer-vaud:SN:8501103-8501403,29,Bex,ch:1:sloid:1402,8501402,46.25146721,7.00066982,backbone,
rer-vaud:SN:8501103-8501403,30,St-Maurice,ch:1:sloid:1403,8501403,46.21637174,7.00204425,backbone,
rer-vaud:SN:8501103-8501403,31,Martigny,ch:1:sloid:1500,8501500,46.10583124,7.0791197,backbone,
rer-vaud:SN:8501103-8501403,32,Sion,ch:1:sloid:1506,8501506,46.22755278,7.35919644,backbone,
rer-vaud:SN:8501120-8504014,1,Lausanne,ch:1:sloid:1120,8501120,46.5167931,6.62909069,backbone,
rer-vaud:SN:8501120-8504014,2,Pully-Nord,ch:1:sloid:4000,8504000,46.51467892,6.65798949,backbone,
rer-vaud:SN:8501120-8504014,3,La Conversion,ch:1:sloid:4010,8504010,46.51308396,6.67832735,backbone,
rer-vaud:SN:8501120-8504014,4,Bossière,ch:1:sloid:4003,8504003,46.50975171,6.69932098,backbone,
rer-vaud:SN:8501120-8504014,5,Grandvaux,ch:1:sloid:4011,8504011,46.49694627,6.72265023,backbone,
rer-vaud:SN:8501120-8504014,6,Puidoux,ch:1:sloid:4012,8504012,46.49384184,6.76568851,backbone,
rer-vaud:SN:8501120-8504014,7,Moreillon,ch:1:sloid:4007,8504007,46.50839772,6.78564908,backbone,
rer-vaud:SN:8501120-8504014,8,Palézieux,ch:1:sloid:4014,8504014,46.54276233,6.83787713,backbone,
rer-vaud:SN:8501120-8504014,9,Palézieux-Village,ch:1:sloid:4016,8504016,46.55711362,6.82887601,backbone,
rer-vaud:SN:8501120-8504014,10,Châtillens,ch:1:sloid:4017,8504017,46.57053479,6.81548213,backbone,
rer-vaud:SN:8501120-8504014,11,Ecublens-Rue,ch:1:sloid:4018,8504018,46.6104328,6.81105343,backbone,
rer-vaud:SN:8501120-8504014,12,Moudon,ch:1:sloid:4120,8504120,46.66805799,6.80251046,backbone,
rer-vaud:SN:8501120-8504014,13,Lucens,ch:1:sloid:4121,8504121,46.7077733,6.84215311,backbone,
rer-vaud:SN:8501120-8504014,14,Henniez,ch:1:sloid:4141,8504141,46.73499945,6.87010868,backbone,
rer-vaud:SN:8501120-8504014,15,Granges-Marnand,ch:1:sloid:4122,8504122,46.75884568,6.89429133,backbone,
rer-vaud:SN:8501120-8504014,16,Payerne,ch:1:sloid:4134,8504134,46.8196507,6.93988083,backbone,
rer-vaud:SN:8501120-8504014,17,Corcelles-Nord,ch:1:sloid:4123,8504123,46.83526218,6.96029055,backbone,
rer-vaud:SN:8501120-8504014,18,Dompierre FR,ch:1:sloid:4124,8504124,46.85440157,6.98537151,backbone,
rer-vaud:SN:8501120-8504014,19,Domdidier,ch:1:sloid:4125,8504125,46.86851058,7.01138673,backbone,
rer-vaud:SN:8501120-8504014,20,Avenches,ch:1:sloid:4126,8504126,46.88459905,7.04092333,backbone,
rer-vaud:SN:8501120-8504014,21,Faoug,ch:1:sloid:4127,8504127,46.90831153,7.07454727,backbone,
rer-vaud:SN:8501120-8504014,22,Murten/Morat,ch:1:sloid:4128,8504128,46.92534513,7.11528587,backbone,
rer-vaud:SN:8501120-8504201,1,Lausanne,ch:1:sloid:1120,8501120,46.5167931,6.62909069,backbone,
rer-vaud:SN:8501120-8504201,2,Prilly-Malley,ch:1:sloid:18452,8518452,46.52668907,6.60262632,backbone,
rer-vaud:SN:8501120-8504201,3,Renens VD,ch:1:sloid:1118,8501118,46.53704052,6.57893775,backbone,
rer-vaud:SN:8501120-8504201,4,Bussigny,ch:1:sloid:1117,8501117,46.5475877,6.55182659,backbone,
rer-vaud:SN:8501120-8504201,5,Vufflens-la-Ville,ch:1:sloid:1116,8501116,46.57624689,6.53077008,backbone,
rer-vaud:SN:8501120-8504201,6,Cossonay-Penthalaz,ch:1:sloid:1115,8501115,46.60600799,6.52369136,backbone,
rer-vaud:SN:8501120-8504201,7,Eclépens,ch:1:sloid:1114,8501114,46.65718896,6.55241948,backbone,
rer-vaud:SN:8501120-8504201,8,Bavois,ch:1:sloid:1113,8501113,46.68768205,6.55933651,backbone,
rer-vaud:SN:8501120-8504201,9,Chavornay,ch:1:sloid:1112,8501112,46.71008322,6.56816695,backbone,
rer-vaud:SN:8501120-8504201,10,Essert-Pittet,ch:1:sloid:1111,8501111,46.72767234,6.58065353,backbone,
rer-vaud:SN:8501120-8504201,11,Ependes VD,ch:1:sloid:1110,8501110,46.74641298,6.60766587,backbone,
rer-vaud:SN:8501120-8504201,12,Yverdon-les-Bains,ch:1:sloid:4200,8504200,46.78154335,6.64094845,backbone,
rer-vaud:SN:8501120-8504201,13,Grandson,ch:1:sloid:4201,8504201,46.80628515,6.64194558,backbone,
rhaetische-bahn:R1,1,Davos Platz,ch:1:sloid:9073,8509073,46.79177232,9.82101151,backbone,
rhaetische-bahn:R1,2,Davos Frauenkirch,ch:1:sloid:9075,8509075,46.76671004,9.79933516,backbone,
rhaetische-bahn:R1,3,Davos Glaris,ch:1:sloid:9076,8509076,46.74529267,9.77981477,backbone,
rhaetische-bahn:R1,4,Davos Monstein,ch:1:sloid:9077,8509077,46.71589762,9.75984522,backbone,
rhaetische-bahn:R1,5,Davos Wiesen,ch:1:sloid:9078,8509078,46.6956492,9.71605235,backbone,
rhaetische-bahn:R1,6,Filisur,ch:1:sloid:9195,8509195,46.67517746,9.68234756,backbone,
rhaetische-bahn:R11,1,Davos Platz,ch:1:sloid:9073,8509073,46.79177232,9.82101151,backbone,
rhaetische-bahn:R11,2,Davos Frauenkirch,ch:1:sloid:9075,8509075,46.76671004,9.79933516,backbone,
rhaetische-bahn:R11,3,Davos Glaris,ch:1:sloid:9076,8509076,46.74529267,9.77981477,backbone,
rhaetische-bahn:R11,4,Davos Monstein,ch:1:sloid:9077,8509077,46.71589762,9.75984522,backbone,
rhaetische-bahn:R11,5,Davos Wiesen,ch:1:sloid:9078,8509078,46.6956492,9.71605235,backbone,
rhaetische-bahn:R11,6,Filisur,ch:1:sloid:9195,8509195,46.67517746,9.68234756,backbone,
rhaetische-bahn:R15,1,Pontresina,ch:1:sloid:9255,8509255,46.49075579,9.89631728,backbone,
rhaetische-bahn:R15,2,Punt Muragl,ch:1:sloid:9254,8509254,46.50979498,9.88115371,backbone,
rhaetische-bahn:R15,3,Samedan,ch:1:sloid:9251,8509251,46.53375917,9.87318566,backbone,
rhaetische-bahn:R15,4,Bever,ch:1:sloid:9250,8509250,46.54954615,9.88818752,backbone,
rhaetische-bahn:R15,5,La Punt Chamues-ch,ch:1:sloid:9256,8509256,46.57884647,9.92390454,backbone,
rhaetische-bahn:R15,6,Madulain,ch:1:sloid:9257,8509257,46.58698401,9.93833148,backbone,
rhaetische-bahn:R15,7,Zuoz,ch:1:sloid:9258,8509258,46.60002128,9.96129242,backbone,
rhaetische-bahn:R15,8,S-chanf,ch:1:sloid:9259,8509259,46.6119817,9.98203452,backbone,
rhaetische-bahn:R15,9,Cinuos-chel-Brail,ch:1:sloid:9260,8509260,46.63774503,10.02164124,backbone,
rhaetische-bahn:R15,10,Zernez,ch:1:sloid:9262,8509262,46.69783642,10.0900749,backbone,
rhaetische-bahn:R15,11,Susch,ch:1:sloid:9263,8509263,46.75205729,10.07945681,backbone,
rhaetische-bahn:R15,12,Sagliains,ch:1:sloid:9269,8509269,46.76482713,10.10305556,backbone,
rhaetische-bahn:R15,13,Lavin,ch:1:sloid:9264,8509264,46.76962042,10.11101463,backbone,
rhaetische-bahn:R15,14,Guarda,ch:1:sloid:9265,8509265,46.77152162,10.1504866,backbone,
rhaetische-bahn:R15,15,Ardez,ch:1:sloid:9266,8509266,46.77355811,10.20096294,backbone,
rhaetische-bahn:R15,16,Ftan Baraigla,ch:1:sloid:9267,8509267,46.78772525,10.25797901,backbone,
rhaetische-bahn:R15,17,Scuol-Tarasp,ch:1:sloid:9268,8509268,46.79380189,10.28680595,backbone,
rhaetische-bahn:R15,18,Celerina,ch:1:sloid:9252,8509252,46.51385672,9.85846227,branch,8509251
rhaetische-bahn:R15,19,St. Moritz,ch:1:sloid:9253,8509253,46.49799135,9.84584992,branch,8509251
rhaetische-bahn:R16,1,Chur,ch:1:sloid:9000,8509000,46.85308692,9.52893328,backbone,
rhaetische-bahn:R16,2,Chur Altstadt,ch:1:sloid:9150,8509150,46.84752692,9.5309455,backbone,
rhaetische-bahn:R16,3,Lüen-Castiel,ch:1:sloid:9152,8509152,46.83183296,9.61326711,backbone,
rhaetische-bahn:R16,4,St. Peter-Molinis,ch:1:sloid:9153,8509153,46.82909803,9.65400571,backbone,
rhaetische-bahn:R16,5,Peist,ch:1:sloid:9154,8509154,46.82971878,9.67183727,backbone,
rhaetische-bahn:R16,6,Langwies GR,ch:1:sloid:9155,8509155,46.81960153,9.70717699,backbone,
rhaetische-bahn:R16,7,Litzirüti,ch:1:sloid:9156,8509156,46.79809449,9.70321542,backbone,
rhaetische-bahn:R16,8,Arosa,ch:1:sloid:9157,8509157,46.78392393,9.67945498,backbone,
rhaetische-bahn:R19,1,St. Moritz,ch:1:sloid:9253,8509253,46.49799135,9.84584992,backbone,
rhaetische-bahn:R19,2,Celerina Staz,ch:1:sloid:9350,8509350,46.50975171,9.86502896,backbone,
rhaetische-bahn:R19,3,Punt Muragl Staz,ch:1:sloid:9351,8509351,46.50755688,9.88011167,backbone,
rhaetische-bahn:R19,4,Pontresina,ch:1:sloid:9255,8509255,46.49075579,9.89631728,backbone,
rhaetische-bahn:R19,5,Surovas,ch:1:sloid:9352,8509352,46.48550477,9.90610891,backbone,
rhaetische-bahn:R19,6,Morteratsch,ch:1:sloid:9353,8509353,46.45069547,9.94032574,backbone,
rhaetische-bahn:R19,7,Bernina Suot,ch:1:sloid:9354,8509354,46.44501968,9.96969167,backbone,
rhaetische-bahn:R19,8,Bernina Diavolezza,ch:1:sloid:19370,8519370,46.44174515,9.98227707,backbone,
rhaetische-bahn:R19,9,Bernina Lagalb,ch:1:sloid:9373,8509373,46.43632844,9.9915387,backbone,
rhaetische-bahn:R19,10,Ospizio Bernina,ch:1:sloid:9356,8509356,46.40877228,10.01986258,backbone,
rhaetische-bahn:R19,11,Alp Grüm,ch:1:sloid:9357,8509357,46.37450891,10.03123525,backbone,
rhaetische-bahn:R19,12,Cavaglia,ch:1:sloid:9358,8509358,46.36423811,10.04395539,backbone,
rhaetische-bahn:R19,13,Cadera,ch:1:sloid:9359,8509359,46.34524722,10.05142039,backbone,
rhaetische-bahn:R19,14,Poschiavo,ch:1:sloid:9361,8509361,46.32467406,10.05447467,backbone,
rhaetische-bahn:R19,15,Li Curt,ch:1:sloid:9363,8509363,46.31119839,10.06325121,backbone,
rhaetische-bahn:R19,16,Le Prese,ch:1:sloid:9364,8509364,46.29108419,10.07819019,backbone,
rhaetische-bahn:R19,17,Miralago,ch:1:sloid:9365,8509365,46.27321042,10.09967789,backbone,
rhaetische-bahn:R19,18,Brusio,ch:1:sloid:9366,8509366,46.25915688,10.12499242,backbone,
rhaetische-bahn:R19,19,Campascio,ch:1:sloid:9367,8509367,46.24459653,10.13158605,backbone,
rhaetische-bahn:R19,20,Campocologno,ch:1:sloid:9368,8509368,46.23372965,10.14165616,backbone,
rhaetische-bahn:R19,21,Tirano,ch:1:sloid:9369,8509369,46.21573772,10.16669221,backbone,
rhaetische-bahn:R2,1,Landquart,ch:1:sloid:9002,8509002,46.96743957,9.55404119,backbone,
rhaetische-bahn:R2,2,Malans GR,ch:1:sloid:9057,8509057,46.9777251,9.57368734,backbone,
rhaetische-bahn:R2,3,Seewis-Pardisla,ch:1:sloid:9058,8509058,46.97697735,9.6323653,backbone,
rhaetische-bahn:R2,4,Grüsch,ch:1:sloid:9059,8509059,46.98056278,9.64591189,backbone,
rhaetische-bahn:R2,5,Schiers,ch:1:sloid:9060,8509060,46.96800968,9.68804288,backbone,
rhaetische-bahn:R2,6,Furna,ch:1:sloid:9061,8509061,46.93955203,9.70898261,backbone,
rhaetische-bahn:R2,7,Jenaz,ch:1:sloid:9062,8509062,46.92959656,9.71856763,backbone,
rhaetische-bahn:R2,8,Fideris,ch:1:sloid:9063,8509063,46.92223457,9.73382103,backbone,
rhaetische-bahn:R2,9,Küblis,ch:1:sloid:9064,8509064,46.91423954,9.77186468,backbone,
rhaetische-bahn:R2,10,Saas im Prättigau,ch:1:sloid:9065,8509065,46.9075444,9.81015986,backbone,
rhaetische-bahn:R2,11,Klosters Dorf,ch:1:sloid:9067,8509067,46.88361668,9.87522483,backbone,
rhaetische-bahn:R2,12,Klosters Platz,ch:1:sloid:9068,8509068,46.86955464,9.88084829,backbone,
rhaetische-bahn:R2,13,Cavadürli,ch:1:sloid:9069,8509069,46.87060481,9.8678317,backbone,
rhaetische-bahn:R2,14,Davos Laret,ch:1:sloid:9070,8509070,46.84819661,9.87339227,backbone,
rhaetische-bahn:R2,15,Davos Wolfgang,ch:1:sloid:9071,8509071,46.83183296,9.85484206,backbone,
rhaetische-bahn:R2,16,Davos Dorf,ch:1:sloid:9072,8509072,46.80955614,9.84182547,backbone,
rhaetische-bahn:R2,17,Davos Platz,ch:1:sloid:9073,8509073,46.79177232,9.82101151,backbone,
rhaetische-bahn:R24,1,Landquart,ch:1:sloid:9002,8509002,46.96743957,9.55404119,backbone,
rhaetische-bahn:R24,2,Malans GR,ch:1:sloid:9057,8509057,46.9777251,9.57368734,backbone,
rhaetische-bahn:R24,3,Seewis-Pardisla,ch:1:sloid:9058,8509058,46.97697735,9.6323653,backbone,
rhaetische-bahn:R24,4,Grüsch,ch:1:sloid:9059,8509059,46.98056278,9.64591189,backbone,
rhaetische-bahn:R24,5,Schiers,ch:1:sloid:9060,8509060,46.96800968,9.68804288,backbone,
rhaetische-bahn:R24,6,Furna,ch:1:sloid:9061,8509061,46.93955203,9.70898261,backbone,
rhaetische-bahn:R24,7,Jenaz,ch:1:sloid:9062,8509062,46.92959656,9.71856763,backbone,
rhaetische-bahn:R24,8,Fideris,ch:1:sloid:9063,8509063,46.92223457,9.73382103,backbone,
rhaetische-bahn:R24,9,Küblis,ch:1:sloid:9064,8509064,46.91423954,9.77186468,backbone,
rhaetische-bahn:R24,10,Saas im Prättigau,ch:1:sloid:9065,8509065,46.9075444,9.81015986,backbone,
rhaetische-bahn:R24,11,Klosters Dorf,ch:1:sloid:9067,8509067,46.88361668,9.87522483,backbone,
rhaetische-bahn:R24,12,Klosters Platz,ch:1:sloid:9068,8509068,46.86955464,9.88084829,backbone,
rhaetische-bahn:R28,1,Surava,ch:1:sloid:9193,8509193,46.66701618,9.62032787,extension,8509194
rhaetische-bahn:R28,2,Alvaneu,ch:1:sloid:9194,8509194,46.67105999,9.65136467,backbone,
rhaetische-bahn:R28,3,Schmitten GR Landwasserviadukt,ch:1:sloid:10456,8510456,46.68028688,9.67223253,backbone,
rhaetische-bahn:R28,4,Filisur,ch:1:sloid:9195,8509195,46.67517746,9.68234756,backbone,
rhaetische-bahn:R38,1,Chur,ch:1:sloid:9000,8509000,46.85308692,9.52893328,backbone,
rhaetische-bahn:R38,2,Chur West,ch:1:sloid:9050,8509050,46.85039607,9.51477583,backbone,
rhaetische-bahn:R38,3,Felsberg,ch:1:sloid:9180,8509180,46.8431461,9.48145731,backbone,
rhaetische-bahn:R38,4,Domat/Ems,ch:1:sloid:9181,8509181,46.83333865,9.45314241,backbone,
rhaetische-bahn:R38,5,Domat/Ems Werk,ch:1:sloid:9182,8509182,46.82863093,9.43062165,backbone,
rhaetische-bahn:R38,6,Reichenau-Tamins,ch:1:sloid:9183,8509183,46.82395968,9.41308654,backbone,
rhaetische-bahn:R38,7,Bonaduz,ch:1:sloid:9184,8509184,46.81035542,9.39789602,backbone,
rhaetische-bahn:R38,8,Rhäzüns,ch:1:sloid:9185,8509185,46.79982251,9.3991896,backbone,
rhaetische-bahn:R38,9,Rothenbrunnen,ch:1:sloid:9186,8509186,46.76792836,9.41949152,backbone,
rhaetische-bahn:R38,10,Rodels-Realta,ch:1:sloid:9187,8509187,46.73562129,9.43333456,backbone,
rhaetische-bahn:R38,11,Cazis,ch:1:sloid:9188,8509188,46.71991314,9.43273269,backbone,
rhaetische-bahn:R38,12,Thusis,ch:1:sloid:9189,8509189,46.69803974,9.44061092,backbone,
rhaetische-bahn:R38,13,Tiefencastel,ch:1:sloid:9192,8509192,46.66399546,9.57244767,backbone,
rhaetische-bahn:R38,14,Surava,ch:1:sloid:9193,8509193,46.66701618,9.62032787,backbone,
rhaetische-bahn:R38,15,Filisur,ch:1:sloid:9195,8509195,46.67517746,9.68234756,backbone,
rhaetische-bahn:R38,16,Bergün/Bravuogn,ch:1:sloid:9197,8509197,46.63154592,9.74641541,backbone,
rhaetische-bahn:R38,17,Preda,ch:1:sloid:9198,8509198,46.58823725,9.77742525,backbone,
rhaetische-bahn:R38,18,Spinas,ch:1:sloid:9199,8509199,46.55980677,9.8452211,backbone,
rhaetische-bahn:R38,19,Bever,ch:1:sloid:9250,8509250,46.54954615,9.88818752,backbone,
rhaetische-bahn:R38,20,Samedan,ch:1:sloid:9251,8509251,46.53375917,9.87318566,backbone,
rhaetische-bahn:R38,21,Celerina,ch:1:sloid:9252,8509252,46.51385672,9.85846227,backbone,
rhaetische-bahn:R38,22,St. Moritz,ch:1:sloid:9253,8509253,46.49799135,9.84584992,backbone,
rhaetische-bahn:R4,1,Klosters Platz,ch:1:sloid:9068,8509068,46.86955464,9.88084829,backbone,
rhaetische-bahn:R4,2,Sagliains,ch:1:sloid:9269,8509269,46.76482713,10.10305556,backbone,
rhaetische-bahn:R4,3,Lavin,ch:1:sloid:9264,8509264,46.76962042,10.11101463,backbone,
rhaetische-bahn:R4,4,Guarda,ch:1:sloid:9265,8509265,46.77152162,10.1504866,backbone,
rhaetische-bahn:R4,5,Ardez,ch:1:sloid:9266,8509266,46.77355811,10.20096294,backbone,
rhaetische-bahn:R4,6,Ftan Baraigla,ch:1:sloid:9267,8509267,46.78772525,10.25797901,backbone,
rhaetische-bahn:R4,7,Scuol-Tarasp,ch:1:sloid:9268,8509268,46.79380189,10.28680595,backbone,
rhaetische-bahn:R4,8,Susch,ch:1:sloid:9263,8509263,46.75205729,10.07945681,branch,8509264
rhaetische-bahn:R7,1,Chur,ch:1:sloid:9000,8509000,46.85308692,9.52893328,backbone,
rhaetische-bahn:R7,2,Chur West,ch:1:sloid:9050,8509050,46.85039607,9.51477583,backbone,
rhaetische-bahn:R7,3,Felsberg,ch:1:sloid:9180,8509180,46.8431461,9.48145731,backbone,
rhaetische-bahn:R7,4,Domat/Ems,ch:1:sloid:9181,8509181,46.83333865,9.45314241,backbone,
rhaetische-bahn:R7,5,Domat/Ems Werk,ch:1:sloid:9182,8509182,46.82863093,9.43062165,backbone,
rhaetische-bahn:R7,6,Reichenau-Tamins,ch:1:sloid:9183,8509183,46.82395968,9.41308654,backbone,
rhaetische-bahn:R7,7,Trin,ch:1:sloid:9167,8509167,46.81661393,9.35933135,backbone,
rhaetische-bahn:R7,8,Versam-Safien,ch:1:sloid:9168,8509168,46.80728737,9.3103013,backbone,
rhaetische-bahn:R7,9,Valendas-Sagogn,ch:1:sloid:9169,8509169,46.79168007,9.27555447,backbone,
rhaetische-bahn:R7,10,Castrisch,ch:1:sloid:9170,8509170,46.77840599,9.23282161,backbone,
rhaetische-bahn:R7,11,Ilanz,ch:1:sloid:9171,8509171,46.77525,9.2077137,backbone,
rhaetische-bahn:R7,12,Rueun,ch:1:sloid:9173,8509173,46.77484395,9.14546045,backbone,
rhaetische-bahn:R7,13,Waltensburg/Vuorz,ch:1:sloid:9174,8509174,46.76958351,9.11996626,backbone,
rhaetische-bahn:R7,14,Tavanasa-Breil/Brigels,ch:1:sloid:9175,8509175,46.75467305,9.06271663,backbone,
rhaetische-bahn:R7,15,Trun,ch:1:sloid:9176,8509176,46.74264567,8.99058191,backbone,
rhaetische-bahn:R7,16,Rabius-Surrein,ch:1:sloid:9177,8509177,46.73256745,8.95716458,backbone,
rhaetische-bahn:R7,17,Sumvitg-Cumpadials,ch:1:sloid:9178,8509178,46.72408231,8.93102361,backbone,
rhaetische-bahn:R7,18,Disentis/Mustér,ch:1:sloid:9179,8509179,46.70509366,8.85517885,backbone,
rhaetische-bahn:RE1,1,Landquart,ch:1:sloid:9002,8509002,46.96743957,9.55404119,backbone,
rhaetische-bahn:RE1,2,Malans GR,ch:1:sloid:9057,8509057,46.9777251,9.57368734,backbone,
rhaetische-bahn:RE1,3,Seewis-Pardisla,ch:1:sloid:9058,8509058,46.97697735,9.6323653,backbone,
rhaetische-bahn:RE1,4,Grüsch,ch:1:sloid:9059,8509059,46.98056278,9.64591189,backbone,
rhaetische-bahn:RE1,5,Schiers,ch:1:sloid:9060,8509060,46.96800968,9.68804288,backbone,
rhaetische-bahn:RE1,6,Furna,ch:1:sloid:9061,8509061,46.93955203,9.70898261,backbone,
rhaetische-bahn:RE1,7,Jenaz,ch:1:sloid:9062,8509062,46.92959656,9.71856763,backbone,
rhaetische-bahn:RE1,8,Fideris,ch:1:sloid:9063,8509063,46.92223457,9.73382103,backbone,
rhaetische-bahn:RE1,9,Küblis,ch:1:sloid:9064,8509064,46.91423954,9.77186468,backbone,
rhaetische-bahn:RE1,10,Saas im Prättigau,ch:1:sloid:9065,8509065,46.9075444,9.81015986,backbone,
rhaetische-bahn:RE1,11,Klosters Dorf,ch:1:sloid:9067,8509067,46.88361668,9.87522483,backbone,
rhaetische-bahn:RE1,12,Klosters Platz,ch:1:sloid:9068,8509068,46.86955464,9.88084829,backbone,
rhaetische-bahn:RE1,13,Cavadürli,ch:1:sloid:9069,8509069,46.87060481,9.8678317,detour,8509068
rhaetische-bahn:RE1,14,Davos Laret,ch:1:sloid:9070,8509070,46.84819661,9.87339227,detour,8509068
rhaetische-bahn:RE1,15,Davos Wolfgang,ch:1:sloid:9071,8509071,46.83183296,9.85484206,backbone,
rhaetische-bahn:RE1,16,Davos Dorf,ch:1:sloid:9072,8509072,46.80955614,9.84182547,backbone,
rhaetische-bahn:RE1,17,Davos Platz,ch:1:sloid:9073,8509073,46.79177232,9.82101151,backbone,
rhaetische-bahn:RE13,1,Landquart,ch:1:sloid:9002,8509002,46.96743957,9.55404119,backbone,
rhaetische-bahn:RE13,2,Malans GR,ch:1:sloid:9057,8509057,46.9777251,9.57368734,backbone,
rhaetische-bahn:RE13,3,Seewis-Pardisla,ch:1:sloid:9058,8509058,46.97697735,9.6323653,backbone,
rhaetische-bahn:RE13,4,Grüsch,ch:1:sloid:9059,8509059,46.98056278,9.64591189,backbone,
rhaetische-bahn:RE13,5,Schiers,ch:1:sloid:9060,8509060,46.96800968,9.68804288,backbone,
rhaetische-bahn:RE13,6,Furna,ch:1:sloid:9061,8509061,46.93955203,9.70898261,detour,8509060
rhaetische-bahn:RE13,7,Jenaz,ch:1:sloid:9062,8509062,46.92959656,9.71856763,detour,8509060
rhaetische-bahn:RE13,8,Küblis,ch:1:sloid:9064,8509064,46.91423954,9.77186468,backbone,
rhaetische-bahn:RE13,9,Saas im Prättigau,ch:1:sloid:9065,8509065,46.9075444,9.81015986,backbone,
rhaetische-bahn:RE13,10,Klosters Dorf,ch:1:sloid:9067,8509067,46.88361668,9.87522483,backbone,
rhaetische-bahn:RE13,11,Klosters Platz,ch:1:sloid:9068,8509068,46.86955464,9.88084829,backbone,
rhaetische-bahn:RE2,1,Landquart,ch:1:sloid:9002,8509002,46.96743957,9.55404119,backbone,
rhaetische-bahn:RE2,2,Malans GR,ch:1:sloid:9057,8509057,46.9777251,9.57368734,backbone,
rhaetische-bahn:RE2,3,Seewis-Pardisla,ch:1:sloid:9058,8509058,46.97697735,9.6323653,backbone,
rhaetische-bahn:RE2,4,Grüsch,ch:1:sloid:9059,8509059,46.98056278,9.64591189,backbone,
rhaetische-bahn:RE2,5,Schiers,ch:1:sloid:9060,8509060,46.96800968,9.68804288,backbone,
rhaetische-bahn:RE2,6,Furna,ch:1:sloid:9061,8509061,46.93955203,9.70898261,backbone,
rhaetische-bahn:RE2,7,Jenaz,ch:1:sloid:9062,8509062,46.92959656,9.71856763,backbone,
rhaetische-bahn:RE2,8,Fideris,ch:1:sloid:9063,8509063,46.92223457,9.73382103,backbone,
rhaetische-bahn:RE2,9,Küblis,ch:1:sloid:9064,8509064,46.91423954,9.77186468,backbone,
rhaetische-bahn:RE2,10,Saas im Prättigau,ch:1:sloid:9065,8509065,46.9075444,9.81015986,backbone,
rhaetische-bahn:RE2,11,Klosters Dorf,ch:1:sloid:9067,8509067,46.88361668,9.87522483,backbone,
rhaetische-bahn:RE2,12,Klosters Platz,ch:1:sloid:9068,8509068,46.86955464,9.88084829,backbone,
rhaetische-bahn:RE2,13,Cavadürli,ch:1:sloid:9069,8509069,46.87060481,9.8678317,detour,8509068
rhaetische-bahn:RE2,14,Davos Laret,ch:1:sloid:9070,8509070,46.84819661,9.87339227,backbone,
rhaetische-bahn:RE2,15,Davos Wolfgang,ch:1:sloid:9071,8509071,46.83183296,9.85484206,backbone,
rhaetische-bahn:RE2,16,Davos Dorf,ch:1:sloid:9072,8509072,46.80955614,9.84182547,backbone,
rhaetische-bahn:RE2,17,Davos Platz,ch:1:sloid:9073,8509073,46.79177232,9.82101151,backbone,
rhaetische-bahn:RE24,1,Landquart,ch:1:sloid:9002,8509002,46.96743957,9.55404119,backbone,
rhaetische-bahn:RE24,2,Malans GR,ch:1:sloid:9057,8509057,46.9777251,9.57368734,backbone,
rhaetische-bahn:RE24,3,Seewis-Pardisla,ch:1:sloid:9058,8509058,46.97697735,9.6323653,backbone,
rhaetische-bahn:RE24,4,Grüsch,ch:1:sloid:9059,8509059,46.98056278,9.64591189,backbone,
rhaetische-bahn:RE24,5,Schiers,ch:1:sloid:9060,8509060,46.96800968,9.68804288,backbone,
rhaetische-bahn:RE24,6,Furna,ch:1:sloid:9061,8509061,46.93955203,9.70898261,backbone,
rhaetische-bahn:RE24,7,Jenaz,ch:1:sloid:9062,8509062,46.92959656,9.71856763,backbone,
rhaetische-bahn:RE24,8,Fideris,ch:1:sloid:9063,8509063,46.92223457,9.73382103,backbone,
rhaetische-bahn:RE24,9,Küblis,ch:1:sloid:9064,8509064,46.91423954,9.77186468,backbone,
rhaetische-bahn:RE24,10,Saas im Prättigau,ch:1:sloid:9065,8509065,46.9075444,9.81015986,backbone,
rhaetische-bahn:RE24,11,Klosters Dorf,ch:1:sloid:9067,8509067,46.88361668,9.87522483,backbone,
rhaetische-bahn:RE24,12,Klosters Platz,ch:1:sloid:9068,8509068,46.86955464,9.88084829,backbone,
rhaetische-bahn:RE3,1,Landquart,ch:1:sloid:9002,8509002,46.96743957,9.55404119,backbone,
rhaetische-bahn:RE3,2,Malans GR,ch:1:sloid:9057,8509057,46.9777251,9.57368734,backbone,
rhaetische-bahn:RE3,3,Seewis-Pardisla,ch:1:sloid:9058,8509058,46.97697735,9.6323653,backbone,
rhaetische-bahn:RE3,4,Grüsch,ch:1:sloid:9059,8509059,46.98056278,9.64591189,backbone,
rhaetische-bahn:RE3,5,Schiers,ch:1:sloid:9060,8509060,46.96800968,9.68804288,backbone,
rhaetische-bahn:RE3,6,Jenaz,ch:1:sloid:9062,8509062,46.92959656,9.71856763,backbone,
rhaetische-bahn:RE3,7,Küblis,ch:1:sloid:9064,8509064,46.91423954,9.77186468,backbone,
rhaetische-bahn:RE3,8,Saas im Prättigau,ch:1:sloid:9065,8509065,46.9075444,9.81015986,backbone,
rhaetische-bahn:RE3,9,Klosters Dorf,ch:1:sloid:9067,8509067,46.88361668,9.87522483,backbone,
rhaetische-bahn:RE3,10,Klosters Platz,ch:1:sloid:9068,8509068,46.86955464,9.88084829,backbone,
rhaetische-bahn:RE3,11,Susch,ch:1:sloid:9263,8509263,46.75205729,10.07945681,backbone,
rhaetische-bahn:RE3,12,Zernez,ch:1:sloid:9262,8509262,46.69783642,10.0900749,backbone,
rhaetische-bahn:RE3,13,Cinuos-chel-Brail,ch:1:sloid:9260,8509260,46.63774503,10.02164124,backbone,
rhaetische-bahn:RE3,14,S-chanf,ch:1:sloid:9259,8509259,46.6119817,9.98203452,backbone,
rhaetische-bahn:RE3,15,Zuoz,ch:1:sloid:9258,8509258,46.60002128,9.96129242,backbone,
rhaetische-bahn:RE3,16,Madulain,ch:1:sloid:9257,8509257,46.58698401,9.93833148,backbone,
rhaetische-bahn:RE3,17,La Punt Chamues-ch,ch:1:sloid:9256,8509256,46.57884647,9.92390454,backbone,
rhaetische-bahn:RE3,18,Bever,ch:1:sloid:9250,8509250,46.54954615,9.88818752,backbone,
rhaetische-bahn:RE3,19,Samedan,ch:1:sloid:9251,8509251,46.53375917,9.87318566,backbone,
rhaetische-bahn:RE3,20,Celerina,ch:1:sloid:9252,8509252,46.51385672,9.85846227,backbone,
rhaetische-bahn:RE3,21,St. Moritz,ch:1:sloid:9253,8509253,46.49799135,9.84584992,backbone,
rhaetische-bahn:RE38,1,Chur,ch:1:sloid:9000,8509000,46.85308692,9.52893328,backbone,
rhaetische-bahn:RE38,2,Felsberg,ch:1:sloid:9180,8509180,46.8431461,9.48145731,backbone,
rhaetische-bahn:RE38,3,Domat/Ems,ch:1:sloid:9181,8509181,46.83333865,9.45314241,backbone,
rhaetische-bahn:RE38,4,Domat/Ems Werk,ch:1:sloid:9182,8509182,46.82863093,9.43062165,backbone,
rhaetische-bahn:RE38,5,Reichenau-Tamins,ch:1:sloid:9183,8509183,46.82395968,9.41308654,backbone,
rhaetische-bahn:RE38,6,Bonaduz,ch:1:sloid:9184,8509184,46.81035542,9.39789602,backbone,
rhaetische-bahn:RE38,7,Rhäzüns,ch:1:sloid:9185,8509185,46.79982251,9.3991896,backbone,
rhaetische-bahn:RE38,8,Rothenbrunnen,ch:1:sloid:9186,8509186,46.76792836,9.41949152,backbone,
rhaetische-bahn:RE38,9,Rodels-Realta,ch:1:sloid:9187,8509187,46.73562129,9.43333456,backbone,
rhaetische-bahn:RE38,10,Cazis,ch:1:sloid:9188,8509188,46.71991314,9.43273269,backbone,
rhaetische-bahn:RE38,11,Thusis,ch:1:sloid:9189,8509189,46.69803974,9.44061092,backbone,
rhaetische-bahn:RE38,12,Tiefencastel,ch:1:sloid:9192,8509192,46.66399546,9.57244767,backbone,
rhaetische-bahn:RE38,13,Surava,ch:1:sloid:9193,8509193,46.66701618,9.62032787,backbone,
rhaetische-bahn:RE38,14,Filisur,ch:1:sloid:9195,8509195,46.67517746,9.68234756,backbone,
rhaetische-bahn:RE38,15,Bergün/Bravuogn,ch:1:sloid:9197,8509197,46.63154592,9.74641541,backbone,
rhaetische-bahn:RE38,16,Preda,ch:1:sloid:9198,8509198,46.58823725,9.77742525,backbone,
rhaetische-bahn:RE38,17,Spinas,ch:1:sloid:9199,8509199,46.55980677,9.8452211,backbone,
rhaetische-bahn:RE38,18,Bever,ch:1:sloid:9250,8509250,46.54954615,9.88818752,backbone,
rhaetische-bahn:RE38,19,Samedan,ch:1:sloid:9251,8509251,46.53375917,9.87318566,backbone,
rhaetische-bahn:RE38,20,Celerina,ch:1:sloid:9252,8509252,46.51385672,9.85846227,backbone,
rhaetische-bahn:RE38,21,St. Moritz,ch:1:sloid:9253,8509253,46.49799135,9.84584992,backbone,
rhaetische-bahn:RE4,1,Landquart,ch:1:sloid:9002,8509002,46.96743957,9.55404119,backbone,
rhaetische-bahn:RE4,2,Malans GR,ch:1:sloid:9057,8509057,46.9777251,9.57368734,backbone,
rhaetische-bahn:RE4,3,Seewis-Pardisla,ch:1:sloid:9058,8509058,46.97697735,9.6323653,backbone,
rhaetische-bahn:RE4,4,Grüsch,ch:1:sloid:9059,8509059,46.98056278,9.64591189,backbone,
rhaetische-bahn:RE4,5,Schiers,ch:1:sloid:9060,8509060,46.96800968,9.68804288,backbone,
rhaetische-bahn:RE4,6,Furna,ch:1:sloid:9061,8509061,46.93955203,9.70898261,backbone,
rhaetische-bahn:RE4,7,Jenaz,ch:1:sloid:9062,8509062,46.92959656,9.71856763,backbone,
rhaetische-bahn:RE4,8,Küblis,ch:1:sloid:9064,8509064,46.91423954,9.77186468,backbone,
rhaetische-bahn:RE4,9,Saas im Prättigau,ch:1:sloid:9065,8509065,46.9075444,9.81015986,backbone,
rhaetische-bahn:RE4,10,Klosters Dorf,ch:1:sloid:9067,8509067,46.88361668,9.87522483,backbone,
rhaetische-bahn:RE4,11,Klosters Platz,ch:1:sloid:9068,8509068,46.86955464,9.88084829,backbone,
rhaetische-bahn:RE4,12,Sagliains,ch:1:sloid:9269,8509269,46.76482713,10.10305556,backbone,
rhaetische-bahn:RE4,13,Lavin,ch:1:sloid:9264,8509264,46.76962042,10.11101463,backbone,
rhaetische-bahn:RE4,14,Guarda,ch:1:sloid:9265,8509265,46.77152162,10.1504866,backbone,
rhaetische-bahn:RE4,15,Ardez,ch:1:sloid:9266,8509266,46.77355811,10.20096294,backbone,
rhaetische-bahn:RE4,16,Ftan Baraigla,ch:1:sloid:9267,8509267,46.78772525,10.25797901,detour,8509266
rhaetische-bahn:RE4,17,Scuol-Tarasp,ch:1:sloid:9268,8509268,46.79380189,10.28680595,backbone,
rhaetische-bahn:RE4,18,Susch,ch:1:sloid:9263,8509263,46.75205729,10.07945681,branch,8509264
rhaetische-bahn:RE5,1,Chur,ch:1:sloid:9000,8509000,46.85308692,9.52893328,backbone,
rhaetische-bahn:RE5,2,Trin,ch:1:sloid:9167,8509167,46.81661393,9.35933135,backbone,
rhaetische-bahn:RE5,3,Valendas-Sagogn,ch:1:sloid:9169,8509169,46.79168007,9.27555447,backbone,
rhaetische-bahn:RE5,4,Ilanz,ch:1:sloid:9171,8509171,46.77525,9.2077137,backbone,
rhaetische-bahn:RE5,5,Rueun,ch:1:sloid:9173,8509173,46.77484395,9.14546045,backbone,
rhaetische-bahn:RE5,6,Tavanasa-Breil/Brigels,ch:1:sloid:9175,8509175,46.75467305,9.06271663,backbone,
rhaetische-bahn:RE5,7,Trun,ch:1:sloid:9176,8509176,46.74264567,8.99058191,backbone,
rhaetische-bahn:RE5,8,Rabius-Surrein,ch:1:sloid:9177,8509177,46.73256745,8.95716458,backbone,
rhaetische-bahn:RE5,9,Sumvitg-Cumpadials,ch:1:sloid:9178,8509178,46.72408231,8.93102361,backbone,
rhaetische-bahn:RE5,10,Disentis/Mustér,ch:1:sloid:9179,8509179,46.70509366,8.85517885,backbone,
rhaetische-bahn:RE6,1,Chur,ch:1:sloid:9000,8509000,46.85308692,9.52893328,backbone,
rhaetische-bahn:RE6,2,Chur Altstadt,ch:1:sloid:9150,8509150,46.84752692,9.5309455,backbone,
rhaetische-bahn:RE6,3,Langwies GR,ch:1:sloid:9155,8509155,46.81960153,9.70717699,backbone,
rhaetische-bahn:RE6,4,Litzirüti,ch:1:sloid:9156,8509156,46.79809449,9.70321542,backbone,
rhaetische-bahn:RE6,5,Arosa,ch:1:sloid:9157,8509157,46.78392393,9.67945498,backbone,
rhaetische-bahn:RE7,1,Landquart,ch:1:sloid:9002,8509002,46.96743957,9.55404119,extension,8509000
rhaetische-bahn:RE7,2,Landquart Ried,ch:1:sloid:9056,8509056,46.95724403,9.56095822,extension,8509000
rhaetische-bahn:RE7,3,Igis,ch:1:sloid:9055,8509055,46.94966509,9.56479402,extension,8509000
rhaetische-bahn:RE7,4,Zizers,ch:1:sloid:9054,8509054,46.93489656,9.55962871,extension,8509000
rhaetische-bahn:RE7,5,Untervaz-Trimmis,ch:1:sloid:9053,8509053,46.91905634,9.55921548,extension,8509000
rhaetische-bahn:RE7,6,Chur Wiesental,ch:1:sloid:9006,8509006,46.861908,9.53145754,extension,8509000
rhaetische-bahn:RE7,7,Chur,ch:1:sloid:9000,8509000,46.85308692,9.52893328,backbone,
rhaetische-bahn:RE7,8,Chur West,ch:1:sloid:9050,8509050,46.85039607,9.51477583,backbone,
rhaetische-bahn:RE7,9,Felsberg,ch:1:sloid:9180,8509180,46.8431461,9.48145731,detour,8509050
rhaetische-bahn:RE7,10,Domat/Ems,ch:1:sloid:9181,8509181,46.83333865,9.45314241,backbone,
rhaetische-bahn:RE7,11,Domat/Ems Werk,ch:1:sloid:9182,8509182,46.82863093,9.43062165,backbone,
rhaetische-bahn:RE7,12,Reichenau-Tamins,ch:1:sloid:9183,8509183,46.82395968,9.41308654,backbone,
rhaetische-bahn:RE7,13,Trin,ch:1:sloid:9167,8509167,46.81661393,9.35933135,backbone,
rhaetische-bahn:RE7,14,Versam-Safien,ch:1:sloid:9168,8509168,46.80728737,9.3103013,backbone,
rhaetische-bahn:RE7,15,Valendas-Sagogn,ch:1:sloid:9169,8509169,46.79168007,9.27555447,backbone,
rhaetische-bahn:RE7,16,Castrisch,ch:1:sloid:9170,8509170,46.77840599,9.23282161,backbone,
rhaetische-bahn:RE7,17,Ilanz,ch:1:sloid:9171,8509171,46.77525,9.2077137,backbone,
rhaetische-bahn:RE7,18,Rueun,ch:1:sloid:9173,8509173,46.77484395,9.14546045,backbone,
rhaetische-bahn:RE7,19,Waltensburg/Vuorz,ch:1:sloid:9174,8509174,46.76958351,9.11996626,backbone,
rhaetische-bahn:RE7,20,Tavanasa-Breil/Brigels,ch:1:sloid:9175,8509175,46.75467305,9.06271663,backbone,
rhaetische-bahn:RE7,21,Trun,ch:1:sloid:9176,8509176,46.74264567,8.99058191,backbone,
rhaetische-bahn:RE7,22,Rabius-Surrein,ch:1:sloid:9177,8509177,46.73256745,8.95716458,backbone,
rhaetische-bahn:RE7,23,Sumvitg-Cumpadials,ch:1:sloid:9178,8509178,46.72408231,8.93102361,backbone,
rhaetische-bahn:RE7,24,Disentis/Mustér,ch:1:sloid:9179,8509179,46.70509366,8.85517885,backbone,
rhaetische-bahn:RE8,1,Chur,ch:1:sloid:9000,8509000,46.85308692,9.52893328,backbone,
rhaetische-bahn:RE8,2,Domat/Ems,ch:1:sloid:9181,8509181,46.83333865,9.45314241,backbone,
rhaetische-bahn:RE8,3,Bonaduz,ch:1:sloid:9184,8509184,46.81035542,9.39789602,backbone,
rhaetische-bahn:RE8,4,Rhäzüns,ch:1:sloid:9185,8509185,46.79982251,9.3991896,backbone,
rhaetische-bahn:RE8,5,Cazis,ch:1:sloid:9188,8509188,46.71991314,9.43273269,backbone,
rhaetische-bahn:RE8,6,Thusis,ch:1:sloid:9189,8509189,46.69803974,9.44061092,backbone,
rhaetische-bahn:RE9,1,St. Moritz,ch:1:sloid:9253,8509253,46.49799135,9.84584992,backbone,
rhaetische-bahn:RE9,2,Celerina Staz,ch:1:sloid:9350,8509350,46.50975171,9.86502896,backbone,
rhaetische-bahn:RE9,3,Punt Muragl Staz,ch:1:sloid:9351,8509351,46.50755688,9.88011167,backbone,
rhaetische-bahn:RE9,4,Pontresina,ch:1:sloid:9255,8509255,46.49075579,9.89631728,backbone,
rhaetische-bahn:RE9,5,Surovas,ch:1:sloid:9352,8509352,46.48550477,9.90610891,backbone,
rhaetische-bahn:RE9,6,Morteratsch,ch:1:sloid:9353,8509353,46.45069547,9.94032574,backbone,
rhaetische-bahn:RE9,7,Bernina Suot,ch:1:sloid:9354,8509354,46.44501968,9.96969167,backbone,
rhaetische-bahn:RE9,8,Bernina Diavolezza,ch:1:sloid:19370,8519370,46.44174515,9.98227707,backbone,
rhaetische-bahn:RE9,9,Bernina Lagalb,ch:1:sloid:9373,8509373,46.43632844,9.9915387,backbone,
rhaetische-bahn:RE9,10,Ospizio Bernina,ch:1:sloid:9356,8509356,46.40877228,10.01986258,backbone,
rhaetische-bahn:RE9,11,Alp Grüm,ch:1:sloid:9357,8509357,46.37450891,10.03123525,backbone,
rhaetische-bahn:RE9,12,Cavaglia,ch:1:sloid:9358,8509358,46.36423811,10.04395539,backbone,
rhaetische-bahn:RE9,13,Poschiavo,ch:1:sloid:9361,8509361,46.32467406,10.05447467,backbone,
rhaetische-bahn:RE9,14,Li Curt,ch:1:sloid:9363,8509363,46.31119839,10.06325121,backbone,
rhaetische-bahn:RE9,15,Le Prese,ch:1:sloid:9364,8509364,46.29108419,10.07819019,backbone,
rhaetische-bahn:RE9,16,Miralago,ch:1:sloid:9365,8509365,46.27321042,10.09967789,backbone,
rhaetische-bahn:RE9,17,Brusio,ch:1:sloid:9366,8509366,46.25915688,10.12499242,backbone,
rhaetische-bahn:RE9,18,Campocologno,ch:1:sloid:9368,8509368,46.23372965,10.14165616,backbone,
rhaetische-bahn:RE9,19,Tirano,ch:1:sloid:9369,8509369,46.21573772,10.16669221,backbone,
rhaetische-bahn:S1,1,Schiers,ch:1:sloid:9060,8509060,46.96800968,9.68804288,backbone,
rhaetische-bahn:S1,2,Grüsch,ch:1:sloid:9059,8509059,46.98056278,9.64591189,backbone,
rhaetische-bahn:S1,3,Malans GR,ch:1:sloid:9057,8509057,46.9777251,9.57368734,backbone,
rhaetische-bahn:S1,4,Landquart,ch:1:sloid:9002,8509002,46.96743957,9.55404119,backbone,
rhaetische-bahn:S1,5,Landquart Ried,ch:1:sloid:9056,8509056,46.95724403,9.56095822,backbone,
rhaetische-bahn:S1,6,Igis,ch:1:sloid:9055,8509055,46.94966509,9.56479402,backbone,
rhaetische-bahn:S1,7,Zizers,ch:1:sloid:9054,8509054,46.93489656,9.55962871,backbone,
rhaetische-bahn:S1,8,Untervaz-Trimmis,ch:1:sloid:9053,8509053,46.91905634,9.55921548,backbone,
rhaetische-bahn:S1,9,Chur Wiesental,ch:1:sloid:9006,8509006,46.861908,9.53145754,backbone,
rhaetische-bahn:S1,10,Chur,ch:1:sloid:9000,8509000,46.85308692,9.52893328,backbone,
rhaetische-bahn:S1,11,Chur West,ch:1:sloid:9050,8509050,46.85039607,9.51477583,backbone,
rhaetische-bahn:S1,12,Felsberg,ch:1:sloid:9180,8509180,46.8431461,9.48145731,backbone,
rhaetische-bahn:S1,13,Domat/Ems,ch:1:sloid:9181,8509181,46.83333865,9.45314241,backbone,
rhaetische-bahn:S1,14,Domat/Ems Werk,ch:1:sloid:9182,8509182,46.82863093,9.43062165,backbone,
rhaetische-bahn:S1,15,Reichenau-Tamins,ch:1:sloid:9183,8509183,46.82395968,9.41308654,backbone,
rhaetische-bahn:S1,16,Bonaduz,ch:1:sloid:9184,8509184,46.81035542,9.39789602,backbone,
rhaetische-bahn:S1,17,Rhäzüns,ch:1:sloid:9185,8509185,46.79982251,9.3991896,backbone,
rhaetische-bahn:S1,18,Rothenbrunnen,ch:1:sloid:9186,8509186,46.76792836,9.41949152,backbone,
rhaetische-bahn:S1,19,Rodels-Realta,ch:1:sloid:9187,8509187,46.73562129,9.43333456,backbone,
rhaetische-bahn:S1,20,Cazis,ch:1:sloid:9188,8509188,46.71991314,9.43273269,backbone,
rhaetische-bahn:S1,21,Thusis,ch:1:sloid:9189,8509189,46.69803974,9.44061092,backbone,
rhaetische-bahn:S2,1,Schiers,ch:1:sloid:9060,8509060,46.96800968,9.68804288,backbone,
rhaetische-bahn:S2,2,Grüsch,ch:1:sloid:9059,8509059,46.98056278,9.64591189,backbone,
rhaetische-bahn:S2,3,Seewis-Pardisla,ch:1:sloid:9058,8509058,46.97697735,9.6323653,backbone,
rhaetische-bahn:S2,4,Malans GR,ch:1:sloid:9057,8509057,46.9777251,9.57368734,backbone,
rhaetische-bahn:S2,5,Landquart,ch:1:sloid:9002,8509002,46.96743957,9.55404119,backbone,
rhaetische-bahn:S2,6,Landquart Ried,ch:1:sloid:9056,8509056,46.95724403,9.56095822,backbone,
rhaetische-bahn:S2,7,Igis,ch:1:sloid:9055,8509055,46.94966509,9.56479402,backbone,
rhaetische-bahn:S2,8,Zizers,ch:1:sloid:9054,8509054,46.93489656,9.55962871,backbone,
rhaetische-bahn:S2,9,Untervaz-Trimmis,ch:1:sloid:9053,8509053,46.91905634,9.55921548,backbone,
rhaetische-bahn:S2,10,Chur Wiesental,ch:1:sloid:9006,8509006,46.861908,9.53145754,backbone,
rhaetische-bahn:S2,11,Chur,ch:1:sloid:9000,8509000,46.85308692,9.52893328,backbone,
rhaetische-bahn:S2,12,Chur West,ch:1:sloid:9050,8509050,46.85039607,9.51477583,backbone,
rhaetische-bahn:S2,13,Felsberg,ch:1:sloid:9180,8509180,46.8431461,9.48145731,backbone,
rhaetische-bahn:S2,14,Domat/Ems,ch:1:sloid:9181,8509181,46.83333865,9.45314241,backbone,
rhaetische-bahn:S2,15,Domat/Ems Werk,ch:1:sloid:9182,8509182,46.82863093,9.43062165,backbone,
rhaetische-bahn:S2,16,Reichenau-Tamins,ch:1:sloid:9183,8509183,46.82395968,9.41308654,backbone,
rhaetische-bahn:S2,17,Bonaduz,ch:1:sloid:9184,8509184,46.81035542,9.39789602,backbone,
rhaetische-bahn:S2,18,Rhäzüns,ch:1:sloid:9185,8509185,46.79982251,9.3991896,backbone,
rhaetische-bahn:S:8509000-8509002,1,Schiers,ch:1:sloid:9060,8509060,46.96800968,9.68804288,backbone,
rhaetische-bahn:S:8509000-8509002,2,Grüsch,ch:1:sloid:9059,8509059,46.98056278,9.64591189,backbone,
rhaetische-bahn:S:8509000-8509002,3,Seewis-Pardisla,ch:1:sloid:9058,8509058,46.97697735,9.6323653,backbone,
rhaetische-bahn:S:8509000-8509002,4,Malans GR,ch:1:sloid:9057,8509057,46.9777251,9.57368734,backbone,
rhaetische-bahn:S:8509000-8509002,5,Landquart,ch:1:sloid:9002,8509002,46.96743957,9.55404119,backbone,
rhaetische-bahn:S:8509000-8509002,6,Landquart Ried,ch:1:sloid:9056,8509056,46.95724403,9.56095822,backbone,
rhaetische-bahn:S:8509000-8509002,7,Igis,ch:1:sloid:9055,8509055,46.94966509,9.56479402,backbone,
rhaetische-bahn:S:8509000-8509002,8,Zizers,ch:1:sloid:9054,8509054,46.93489656,9.55962871,backbone,
rhaetische-bahn:S:8509000-8509002,9,Untervaz-Trimmis,ch:1:sloid:9053,8509053,46.91905634,9.55921548,backbone,
rhaetische-bahn:S:8509000-8509002,10,Haldenstein,ch:1:sloid:9051,8509051,46.87697912,9.53306553,detour,8509053
rhaetische-bahn:S:8509000-8509002,11,Chur Wiesental,ch:1:sloid:9006,8509006,46.861908,9.53145754,backbone,
rhaetische-bahn:S:8509000-8509002,12,Chur,ch:1:sloid:9000,8509000,46.85308692,9.52893328,backbone,
rhaetische-bahn:S:8509000-8509002,13,Chur West,ch:1:sloid:9050,8509050,46.85039607,9.51477583,backbone,
rhaetische-bahn:S:8509000-8509002,14,Felsberg,ch:1:sloid:9180,8509180,46.8431461,9.48145731,backbone,
rhaetische-bahn:S:8509000-8509002,15,Domat/Ems,ch:1:sloid:9181,8509181,46.83333865,9.45314241,backbone,
rhaetische-bahn:S:8509000-8509002,16,Domat/Ems Werk,ch:1:sloid:9182,8509182,46.82863093,9.43062165,backbone,
rhaetische-bahn:S:8509000-8509002,17,Reichenau-Tamins,ch:1:sloid:9183,8509183,46.82395968,9.41308654,backbone,
rhaetische-bahn:S:8509000-8509002,18,Bonaduz,ch:1:sloid:9184,8509184,46.81035542,9.39789602,backbone,
rhaetische-bahn:S:8509000-8509002,19,Rhäzüns,ch:1:sloid:9185,8509185,46.79982251,9.3991896,backbone,
rhaetische-bahn:S:8509000-8509002,20,Rothenbrunnen,ch:1:sloid:9186,8509186,46.76792836,9.41949152,backbone,
rhaetische-bahn:S:8509000-8509002,21,Rodels-Realta,ch:1:sloid:9187,8509187,46.73562129,9.43333456,backbone,
rhaetische-bahn:S:8509000-8509002,22,Cazis,ch:1:sloid:9188,8509188,46.71991314,9.43273269,backbone,
rhaetische-bahn:S:8509000-8509002,23,Thusis,ch:1:sloid:9189,8509189,46.69803974,9.44061092,backbone,
rigi-bahnen-ag:CC-81,1,Arth-Goldau RB,ch:1:sloid:5063,8505063,47.04888499,8.54777536,backbone,
rigi-bahnen-ag:CC-81,2,Goldau A4,ch:1:sloid:5062,8505062,47.04358403,8.54725433,backbone,
rigi-bahnen-ag:CC-81,3,Kräbel,ch:1:sloid:5064,8505064,47.04021098,8.53078821,backbone,
rigi-bahnen-ag:CC-81,4,Fruttli,ch:1:sloid:5065,8505065,47.03839888,8.50497063,backbone,
rigi-bahnen-ag:CC-81,5,Rigi Klösterli,ch:1:sloid:5066,8505066,47.04254337,8.48713009,backbone,
rigi-bahnen-ag:CC-81,6,Rigi Wölfertschen-First,ch:1:sloid:5067,8505067,47.04725068,8.476512,backbone,
rigi-bahnen-ag:CC-81,7,Rigi Staffel,ch:1:sloid:5068,8505068,47.05368355,8.47423927,backbone,
rigi-bahnen-ag:CC-81,8,Rigi Kulm,ch:1:sloid:5069,8505069,47.05517689,8.48523465,backbone,
rigi-bahnen-ag:CC-82,1,Rigi Kulm,ch:1:sloid:5069,8505069,47.05517689,8.48523465,backbone,
rigi-bahnen-ag:CC-82,2,Rigi Staffel,ch:1:sloid:5068,8505068,47.05368355,8.47423927,backbone,
rigi-bahnen-ag:CC-82,3,Rigi Staffelhöhe,ch:1:sloid:5075,8505075,47.04809539,8.46450153,backbone,
rigi-bahnen-ag:CC-82,4,Rigi Kaltbad-First,ch:1:sloid:5074,8505074,47.04400642,8.4667024,backbone,
rigi-bahnen-ag:CC-82,5,Romiti Felsentor,ch:1:sloid:5073,8505073,47.03643977,8.47591912,backbone,
rigi-bahnen-ag:CC-82,6,Freibergen,ch:1:sloid:5072,8505072,47.03004769,8.47973696,backbone,
rigi-bahnen-ag:CC-82,7,Grubisbalm,ch:1:sloid:5071,8505071,47.0262084,8.48313259,backbone,
rigi-bahnen-ag:CC-82,8,Mittlerschwanden,ch:1:sloid:5079,8505079,47.01919042,8.48246783,backbone,
rigi-bahnen-ag:CC-82,9,Vitznau,ch:1:sloid:8464,8508464,47.00936002,8.48238699,backbone,
rigi-bahnen-ag:CC-88,1,Rigi Kulm,ch:1:sloid:5069,8505069,47.05517689,8.48523465,backbone,
rigi-bahnen-ag:CC-88,2,Rigi Staffel,ch:1:sloid:5068,8505068,47.05368355,8.47423927,backbone,
rigi-bahnen-ag:CC-88,3,Rigi Staffelhöhe,ch:1:sloid:5075,8505075,47.04809539,8.46450153,backbone,
rigi-bahnen-ag:CC-88,4,Rigi Kaltbad-First,ch:1:sloid:5074,8505074,47.04400642,8.4667024,backbone,
rigi-bahnen-ag:CC-88,5,Romiti Felsentor,ch:1:sloid:5073,8505073,47.03643977,8.47591912,backbone,
rigi-bahnen-ag:CC-88,6,Freibergen,ch:1:sloid:5072,8505072,47.03004769,8.47973696,backbone,
rigi-bahnen-ag:CC-88,7,Grubisbalm,ch:1:sloid:5071,8505071,47.0262084,8.48313259,backbone,
rigi-bahnen-ag:CC-88,8,Mittlerschwanden,ch:1:sloid:5079,8505079,47.01919042,8.48246783,backbone,
rigi-bahnen-ag:CC-88,9,Vitznau,ch:1:sloid:8464,8508464,47.00936002,8.48238699,backbone,
s-bahn-aargau:S14,1,Schöftland,ch:1:sloid:2199,8502199,47.30587892,8.05001886,extension,8502113
s-bahn-aargau:S14,2,Schöftland Nordweg,ch:1:sloid:2177,8502177,47.31110503,8.0512226,extension,8502113
s-bahn-aargau:S14,3,Hirschthal,ch:1:sloid:2197,8502197,47.31988714,8.0528216,extension,8502113
s-bahn-aargau:S14,4,Obermuhen,ch:1:sloid:2178,8502178,47.32940451,8.05448348,extension,8502113
s-bahn-aargau:S14,5,Mittelmuhen,ch:1:sloid:2179,8502179,47.33453088,8.0543128,extension,8502113
s-bahn-aargau:S14,6,Muhen,ch:1:sloid:2195,8502195,47.33878016,8.05326177,extension,8502113
s-bahn-aargau:S14,7,Muhen Nord,ch:1:sloid:2180,8502180,47.34348562,8.05267787,extension,8502113
s-bahn-aargau:S14,8,Oberentfelden Engelplatz,ch:1:sloid:2194,8502194,47.3561694,8.04662322,extension,8502113
s-bahn-aargau:S14,9,Oberentfelden Uerkenbrücke,ch:1:sloid:2181,8502181,47.36107412,8.04567101,extension,8502113
s-bahn-aargau:S14,10,Unterentfelden Oberdorf,ch:1:sloid:2182,8502182,47.36473714,8.04202385,extension,8502113
s-bahn-aargau:S14,11,Unterentfelden Post,ch:1:sloid:2196,8502196,47.3686737,8.0444493,extension,8502113
s-bahn-aargau:S14,12,Distelberg,ch:1:sloid:2192,8502192,47.37599844,8.04936309,extension,8502113
s-bahn-aargau:S14,13,Binzenhof,ch:1:sloid:2191,8502191,47.38321268,8.0505848,extension,8502113
s-bahn-aargau:S14,14,Aarau,ch:1:sloid:2113,8502113,47.39136249,8.0512765,backbone,
s-bahn-aargau:S14,15,Aarau Torfeld,ch:1:sloid:19685,8519685,47.39356394,8.06264019,backbone,
s-bahn-aargau:S14,16,Buchs AG,ch:1:sloid:2123,8502123,47.38973871,8.06958416,backbone,
s-bahn-aargau:S14,17,Suhr,ch:1:sloid:2103,8502103,47.37163657,8.08229532,backbone,
s-bahn-aargau:S14,18,Gränichen Töndler,ch:1:sloid:2189,8502189,47.36398874,8.09204205,backbone,
s-bahn-aargau:S14,19,Gränichen,ch:1:sloid:2160,8502160,47.36166436,8.09878839,backbone,
s-bahn-aargau:S14,20,Gränichen Oberdorf,ch:1:sloid:2184,8502184,47.35654062,8.10648696,backbone,
s-bahn-aargau:S14,21,Bleien Liebegg,ch:1:sloid:2174,8502174,47.34352823,8.11354771,backbone,
s-bahn-aargau:S14,22,Teufenthal AG,ch:1:sloid:2161,8502161,47.3294106,8.11448196,backbone,
s-bahn-aargau:S14,23,Unterkulm Nord,ch:1:sloid:16450,8516450,47.31476543,8.11305364,backbone,
s-bahn-aargau:S14,24,Unterkulm,ch:1:sloid:2162,8502162,47.3101305,8.11512875,backbone,
s-bahn-aargau:S14,25,Oberkulm,ch:1:sloid:2163,8502163,47.30148689,8.12190205,backbone,
s-bahn-aargau:S14,26,Gontenschwil,ch:1:sloid:2164,8502164,47.28035616,8.14445874,backbone,
s-bahn-aargau:S14,27,Zetzwil,ch:1:sloid:2165,8502165,47.28222098,8.15325325,backbone,
s-bahn-aargau:S14,28,Leimbach AG,ch:1:sloid:2166,8502166,47.27271339,8.16786884,backbone,
s-bahn-aargau:S14,29,Reinach AG Nord,ch:1:sloid:2167,8502167,47.25706481,8.18165798,backbone,
s-bahn-aargau:S14,30,Reinach AG Mitte,ch:1:sloid:2176,8502176,47.25450403,8.18339173,backbone,
s-bahn-aargau:S14,31,Reinach AG,ch:1:sloid:2168,8502168,47.25006505,8.18453259,backbone,
s-bahn-aargau:S14,32,Menziken,ch:1:sloid:2169,8502169,47.24092371,8.18932061,backbone,
s-bahn-aargau:S23,1,Baden,ch:1:sloid:3504,8503504,47.47642226,8.30770958,backbone,
s-bahn-aargau:S23,2,Turgi,ch:1:sloid:3503,8503503,47.49175702,8.25346032,backbone,
s-bahn-aargau:S23,3,Brugg AG,ch:1:sloid:309,8500309,47.48086045,8.208841,backbone,
s-bahn-aargau:S23,4,Lupfig,ch:1:sloid:2237,8502237,47.44518646,8.21499446,backbone,
s-bahn-aargau:S23,5,Birr,ch:1:sloid:2247,8502247,47.43584795,8.21766245,backbone,
s-bahn-aargau:S23,6,Othmarsingen,ch:1:sloid:2105,8502105,47.40743338,8.21480581,backbone,
s-bahn-aargau:S23,7,Hendschiken,ch:1:sloid:2211,8502211,47.38942855,8.20738573,backbone,
s-bahn-aargau:S23,8,Lenzburg,ch:1:sloid:2119,8502119,47.39119829,8.1703931,backbone,
s-bahn-aargau:S23,9,Rupperswil,ch:1:sloid:2114,8502114,47.403293,8.12695956,backbone,
s-bahn-aargau:S23,10,Aarau,ch:1:sloid:2113,8502113,47.39136249,8.0512765,backbone,
s-bahn-aargau:S23,11,Schönenwerd SO,ch:1:sloid:2112,8502112,47.37142364,8.00016236,backbone,
s-bahn-aargau:S23,12,Däniken SO,ch:1:sloid:2111,8502111,47.35638848,7.97877347,backbone,
s-bahn-aargau:S23,13,Dulliken,ch:1:sloid:2110,8502110,47.35427677,7.946497,backbone,
s-bahn-aargau:S23,14,Olten,ch:1:sloid:218,8500218,47.3519337,7.90769877,backbone,
s-bahn-aargau:S23,15,Aarburg-Oftringen,ch:1:sloid:2000,8502000,47.32027079,7.90821979,backbone,
s-bahn-aargau:S23,16,Rothrist,ch:1:sloid:8103,8508103,47.3064576,7.87939285,backbone,
s-bahn-aargau:S23,17,Murgenthal,ch:1:sloid:8102,8508102,47.26538041,7.83210554,backbone,
s-bahn-aargau:S23,18,Roggwil-Wynau,ch:1:sloid:8101,8508101,47.25163824,7.81491178,backbone,
s-bahn-aargau:S23,19,Langenthal,ch:1:sloid:8100,8508100,47.21730383,7.7847194,backbone,
s-bahn-aargau:S25,1,Brugg AG,ch:1:sloid:309,8500309,47.48086045,8.208841,backbone,
s-bahn-aargau:S25,2,Lupfig,ch:1:sloid:2237,8502237,47.44518646,8.21499446,backbone,
s-bahn-aargau:S25,3,Birr,ch:1:sloid:2247,8502247,47.43584795,8.21766245,backbone,
s-bahn-aargau:S25,4,Othmarsingen,ch:1:sloid:2105,8502105,47.40743338,8.21480581,backbone,
s-bahn-aargau:S25,5,Hendschiken,ch:1:sloid:2211,8502211,47.38942855,8.20738573,backbone,
s-bahn-aargau:S25,6,Dottikon-Dintikon,ch:1:sloid:2212,8502212,47.37364417,8.23471248,backbone,
s-bahn-aargau:S25,7,Wohlen AG,ch:1:sloid:2213,8502213,47.34846455,8.26979169,backbone,
s-bahn-aargau:S25,8,Muri AG,ch:1:sloid:2215,8502215,47.276669,8.33982435,backbone,
s-bahn-aargau:S26,1,Olten,ch:1:sloid:218,8500218,47.3519337,7.90769877,backbone,
s-bahn-aargau:S26,2,Dulliken,ch:1:sloid:2110,8502110,47.35427677,7.946497,backbone,
s-bahn-aargau:S26,3,Däniken SO,ch:1:sloid:2111,8502111,47.35638848,7.97877347,backbone,
s-bahn-aargau:S26,4,Schönenwerd SO,ch:1:sloid:2112,8502112,47.37142364,8.00016236,backbone,
s-bahn-aargau:S26,5,Aarau,ch:1:sloid:2113,8502113,47.39136249,8.0512765,backbone,
s-bahn-aargau:S26,6,Rupperswil,ch:1:sloid:2114,8502114,47.403293,8.12695956,backbone,
s-bahn-aargau:S26,7,Lenzburg,ch:1:sloid:2119,8502119,47.39119829,8.1703931,backbone,
s-bahn-aargau:S26,8,Hendschiken,ch:1:sloid:2211,8502211,47.38942855,8.20738573,backbone,
s-bahn-aargau:S26,9,Dottikon-Dintikon,ch:1:sloid:2212,8502212,47.37364417,8.23471248,backbone,
s-bahn-aargau:S26,10,Wohlen AG,ch:1:sloid:2213,8502213,47.34846455,8.26979169,backbone,
s-bahn-aargau:S26,11,Boswil-Bünzen,ch:1:sloid:2214,8502214,47.30518451,8.31528238,backbone,
s-bahn-aargau:S26,12,Muri AG,ch:1:sloid:2215,8502215,47.276669,8.33982435,backbone,
s-bahn-aargau:S26,13,Benzenschwil,ch:1:sloid:2216,8502216,47.24685143,8.36561498,backbone,
s-bahn-aargau:S26,14,Mühlau,ch:1:sloid:2217,8502217,47.22502171,8.38852202,backbone,
s-bahn-aargau:S26,15,Sins,ch:1:sloid:2218,8502218,47.18831362,8.39782857,backbone,
s-bahn-aargau:S26,16,Oberrüti,ch:1:sloid:2219,8502219,47.16592845,8.40478153,backbone,
s-bahn-aargau:S26,17,Rotkreuz,ch:1:sloid:2202,8502202,47.14176191,8.43049131,backbone,
s-bahn-aargau:S26,18,Othmarsingen,ch:1:sloid:2105,8502105,47.40743338,8.21480581,branch,8502211
s-bahn-aargau:S26,19,Birr,ch:1:sloid:2247,8502247,47.43584795,8.21766245,branch,8502211
s-bahn-aargau:S26,20,Lupfig,ch:1:sloid:2237,8502237,47.44518646,8.21499446,branch,8502211
s-bahn-aargau:S26,21,Brugg AG,ch:1:sloid:309,8500309,47.48086045,8.208841,branch,8502211
s-bahn-aargau:S27,1,Rekingen AG,ch:1:sloid:3408,8503408,47.56996984,8.32712217,extension,8503409
s-bahn-aargau:S27,2,Bad Zurzach,ch:1:sloid:3409,8503409,47.58831278,8.29559131,backbone,
s-bahn-aargau:S27,3,Rietheim,ch:1:sloid:3410,8503410,47.60074984,8.27732856,backbone,
s-bahn-aargau:S27,4,Koblenz Dorf,ch:1:sloid:3411,8503411,47.6093868,8.24016525,backbone,
s-bahn-aargau:S27,5,Koblenz,ch:1:sloid:329,8500329,47.60033795,8.22704985,backbone,
s-bahn-aargau:S27,6,Klingnau,ch:1:sloid:16176,8516176,47.58155688,8.25029825,backbone,
s-bahn-aargau:S27,7,Döttingen,ch:1:sloid:3501,8503501,47.5752728,8.25636188,backbone,
s-bahn-aargau:S27,8,Siggenthal-Würenlingen,ch:1:sloid:3502,8503502,47.52069025,8.24065933,backbone,
s-bahn-aargau:S27,9,Turgi,ch:1:sloid:3503,8503503,47.49175702,8.25346032,backbone,
s-bahn-aargau:S27,10,Baden,ch:1:sloid:3504,8503504,47.47642226,8.30770958,backbone,
s-bahn-aargau:S27,11,Wettingen,ch:1:sloid:3505,8503505,47.45963752,8.31601001,backbone,
s-bahn-aargau:S28,1,Olten,ch:1:sloid:218,8500218,47.3519337,7.90769877,extension,8502001
s-bahn-aargau:S28,2,Aarburg-Oftringen,ch:1:sloid:2000,8502000,47.32027079,7.90821979,extension,8502001
s-bahn-aargau:S28,3,Zofingen,ch:1:sloid:2001,8502001,47.28805267,7.94311934,backbone,
s-bahn-aargau:S28,4,Küngoldingen,ch:1:sloid:2120,8502120,47.3021448,7.94179881,backbone,
s-bahn-aargau:S28,5,Walterswil-Striegel,ch:1:sloid:2121,8502121,47.31992367,7.96320567,backbone,
s-bahn-aargau:S28,6,Safenwil,ch:1:sloid:2100,8502100,47.32175665,7.98351658,backbone,
s-bahn-aargau:S28,7,Kölliken Oberdorf,ch:1:sloid:2122,8502122,47.32468562,8.01908986,backbone,
s-bahn-aargau:S28,8,Kölliken,ch:1:sloid:2101,8502101,47.33730087,8.02646503,backbone,
s-bahn-aargau:S28,9,Oberentfelden,ch:1:sloid:2102,8502102,47.35648585,8.04838392,backbone,
s-bahn-aargau:S28,10,Suhr,ch:1:sloid:2103,8502103,47.37163657,8.08229532,backbone,
s-bahn-aargau:S28,11,Hunzenschwil,ch:1:sloid:2104,8502104,47.38828517,8.12569294,backbone,
s-bahn-aargau:S28,12,Lenzburg,ch:1:sloid:2119,8502119,47.39119829,8.1703931,backbone,
s-bahn-aargau:S29,1,Sursee,ch:1:sloid:2007,8502007,47.17079586,8.09789008,backbone,
s-bahn-aargau:S29,2,St. Erhard-Knutwil,ch:1:sloid:2010,8502010,47.18008362,8.0745788,backbone,
s-bahn-aargau:S29,3,Wauwil,ch:1:sloid:2006,8502006,47.18385688,8.019018,backbone,
s-bahn-aargau:S29,4,Nebikon,ch:1:sloid:2005,8502005,47.19237931,7.97745295,backbone,
s-bahn-aargau:S29,5,Dagmersellen,ch:1:sloid:2004,8502004,47.2175601,7.979025,backbone,
s-bahn-aargau:S29,6,Reiden,ch:1:sloid:2003,8502003,47.2414665,7.96877522,backbone,
s-bahn-aargau:S29,7,Brittnau-Wikon,ch:1:sloid:2002,8502002,47.26266762,7.95704322,backbone,
s-bahn-aargau:S29,8,Zofingen,ch:1:sloid:2001,8502001,47.28805267,7.94311934,backbone,
s-bahn-aargau:S29,9,Aarburg-Oftringen,ch:1:sloid:2000,8502000,47.32027079,7.90821979,backbone,
s-bahn-aargau:S29,10,Olten,ch:1:sloid:218,8500218,47.3519337,7.90769877,backbone,
s-bahn-aargau:S29,11,Dulliken,ch:1:sloid:2110,8502110,47.35427677,7.946497,detour,8500218
s-bahn-aargau:S29,12,Däniken SO,ch:1:sloid:2111,8502111,47.35638848,7.97877347,backbone,
s-bahn-aargau:S29,13,Schönenwerd SO,ch:1:sloid:2112,8502112,47.37142364,8.00016236,backbone,
s-bahn-aargau:S29,14,Aarau,ch:1:sloid:2113,8502113,47.39136249,8.0512765,backbone,
s-bahn-aargau:S29,15,Rupperswil,ch:1:sloid:2114,8502114,47.403293,8.12695956,backbone,
s-bahn-aargau:S29,16,Wildegg,ch:1:sloid:2115,8502115,47.41527551,8.16301794,backbone,
s-bahn-aargau:S29,17,Holderbank AG,ch:1:sloid:2128,8502128,47.42864091,8.16662018,backbone,
s-bahn-aargau:S29,18,Schinznach Bad,ch:1:sloid:2116,8502116,47.45178378,8.16695256,backbone,
s-bahn-aargau:S29,19,Brugg AG,ch:1:sloid:309,8500309,47.48086045,8.208841,backbone,
s-bahn-aargau:S29,20,Turgi,ch:1:sloid:3503,8503503,47.49175702,8.25346032,backbone,
s-bahn-aargau:S29,21,Baden,ch:1:sloid:3504,8503504,47.47642226,8.30770958,extension,8503503
s-bahn-aargau:S:8500305-8500309,1,Frick,ch:1:sloid:305,8500305,47.50734824,8.01308912,backbone,
s-bahn-aargau:S:8500305-8500309,2,Brugg AG,ch:1:sloid:309,8500309,47.48086045,8.208841,backbone,
s-bahn-aargau:S:8500309-8502106,1,Baden,ch:1:sloid:3504,8503504,47.47642226,8.30770958,extension,8500309
s-bahn-aargau:S:8500309-8502106,2,Turgi,ch:1:sloid:3503,8503503,47.49175702,8.25346032,extension,8500309
s-bahn-aargau:S:8500309-8502106,3,Brugg AG,ch:1:sloid:309,8500309,47.48086045,8.208841,backbone,
s-bahn-aargau:S:8500309-8502106,4,Lupfig,ch:1:sloid:2237,8502237,47.44518646,8.21499446,backbone,
s-bahn-aargau:S:8500309-8502106,5,Birr,ch:1:sloid:2247,8502247,47.43584795,8.21766245,backbone,
s-bahn-aargau:S:8500309-8502106,6,Othmarsingen,ch:1:sloid:2105,8502105,47.40743338,8.21480581,backbone,
s-bahn-aargau:S:8500309-8502106,7,Hendschiken,ch:1:sloid:2211,8502211,47.38942855,8.20738573,backbone,
s-bahn-aargau:S:8500309-8502106,8,Dottikon-Dintikon,ch:1:sloid:2212,8502212,47.37364417,8.23471248,backbone,
s-bahn-aargau:S:8500309-8502106,9,Wohlen AG,ch:1:sloid:2213,8502213,47.34846455,8.26979169,backbone,
s-bahn-aargau:S:8500309-8502106,10,Boswil-Bünzen,ch:1:sloid:2214,8502214,47.30518451,8.31528238,backbone,
s-bahn-aargau:S:8500309-8502106,11,Muri AG,ch:1:sloid:2215,8502215,47.276669,8.33982435,backbone,
s-bahn-aargau:S:8500309-8502106,12,Benzenschwil,ch:1:sloid:2216,8502216,47.24685143,8.36561498,backbone,
s-bahn-aargau:S:8500309-8502106,13,Mühlau,ch:1:sloid:2217,8502217,47.22502171,8.38852202,backbone,
s-bahn-aargau:S:8500309-8502106,14,Sins,ch:1:sloid:2218,8502218,47.18831362,8.39782857,backbone,
s-bahn-aargau:S:8500309-8502106,15,Oberrüti,ch:1:sloid:2219,8502219,47.16592845,8.40478153,backbone,
s-bahn-aargau:S:8500309-8502106,16,Rotkreuz,ch:1:sloid:2202,8502202,47.14176191,8.43049131,backbone,
s-bahn-aargau:S:8500309-8502106,17,Mägenwil,ch:1:sloid:2106,8502106,47.41450959,8.23515265,branch,8502247
s-bahn-aargau:S:8500309-8502106,18,Lenzburg,ch:1:sloid:2119,8502119,47.39119829,8.1703931,branch,8502211
s-bahn-aargau:S:8502115-8508100,1,Wildegg,ch:1:sloid:2115,8502115,47.41527551,8.16301794,backbone,
s-bahn-aargau:S:8502115-8508100,2,Rupperswil,ch:1:sloid:2114,8502114,47.403293,8.12695956,backbone,
s-bahn-aargau:S:8502115-8508100,3,Aarau,ch:1:sloid:2113,8502113,47.39136249,8.0512765,backbone,
s-bahn-aargau:S:8502115-8508100,4,Schönenwerd SO,ch:1:sloid:2112,8502112,47.37142364,8.00016236,backbone,
s-bahn-aargau:S:8502115-8508100,5,Däniken SO,ch:1:sloid:2111,8502111,47.35638848,7.97877347,backbone,
s-bahn-aargau:S:8502115-8508100,6,Dulliken,ch:1:sloid:2110,8502110,47.35427677,7.946497,backbone,
s-bahn-aargau:S:8502115-8508100,7,Olten,ch:1:sloid:218,8500218,47.3519337,7.90769877,backbone,
s-bahn-aargau:S:8502115-8508100,8,Aarburg-Oftringen,ch:1:sloid:2000,8502000,47.32027079,7.90821979,backbone,
s-bahn-aargau:S:8502115-8508100,9,Rothrist,ch:1:sloid:8103,8508103,47.3064576,7.87939285,backbone,
s-bahn-aargau:S:8502115-8508100,10,Murgenthal,ch:1:sloid:8102,8508102,47.26538041,7.83210554,backbone,
s-bahn-aargau:S:8502115-8508100,11,Roggwil-Wynau,ch:1:sloid:8101,8508101,47.25163824,7.81491178,backbone,
s-bahn-aargau:S:8502115-8508100,12,Langenthal,ch:1:sloid:8100,8508100,47.21730383,7.7847194,backbone,
s-bahn-basel:RB-27,1,Basel SBB,ch:1:sloid:10,8500010,47.54741261,7.58956041,backbone,
s-bahn-basel:RB-27,2,Basel Bad Bf,ch:1:sloid:90,8500090,47.56730906,7.60691586,backbone,
s-bahn-basel:RE26,1,Basel SBB,ch:1:sloid:10,8500010,47.54741261,7.58956041,backbone,
s-bahn-basel:RE26,2,Liestal,ch:1:sloid:23,8500023,47.48446052,7.73136846,backbone,
s-bahn-basel:RE26,3,Olten,ch:1:sloid:218,8500218,47.3519337,7.90769877,backbone,
s-bahn-basel:RE26,4,Zofingen,ch:1:sloid:2001,8502001,47.28805267,7.94311934,backbone,
s-bahn-basel:RE26,5,Sursee,ch:1:sloid:2007,8502007,47.17079586,8.09789008,backbone,
s-bahn-basel:RE26,6,Luzern,ch:1:sloid:5000,8505000,47.05017648,8.31017995,backbone,
s-bahn-basel:RE36,1,Basel SBB,ch:1:sloid:10,8500010,47.54741261,7.58956041,backbone,
s-bahn-basel:RE36,2,Rheinfelden,ch:1:sloid:301,8500301,47.55121425,7.79216644,backbone,
s-bahn-basel:RE36,3,Möhlin,ch:1:sloid:302,8500302,47.56185981,7.83386623,backbone,
s-bahn-basel:RE36,4,Stein-Säckingen,ch:1:sloid:320,8500320,47.54160957,7.94884161,backbone,
s-bahn-basel:RE36,5,Frick,ch:1:sloid:305,8500305,47.50734824,8.01308912,backbone,
s-bahn-basel:RE36,6,Brugg AG,ch:1:sloid:309,8500309,47.48086045,8.208841,backbone,
s-bahn-basel:RE36,7,Baden,ch:1:sloid:3504,8503504,47.47642226,8.30770958,backbone,
s-bahn-basel:RE36,8,Dietikon,ch:1:sloid:3508,8503508,47.40578578,8.40498814,backbone,
s-bahn-basel:RE36,9,Zürich Altstetten,ch:1:sloid:3001,8503001,47.39148412,8.48896265,backbone,
s-bahn-basel:RE36,10,Zürich HB,ch:1:sloid:3000,8503000,47.3781762,8.54021154,backbone,
s-bahn-basel:RE7,1,Basel SBB,ch:1:sloid:10,8500010,47.54741261,7.58956041,backbone,
s-bahn-basel:RE7,2,Basel Bad Bf,ch:1:sloid:90,8500090,47.56730906,7.60691586,backbone,
s-bahn-basel:RE:8500010-8502021,1,Basel SBB,ch:1:sloid:10,8500010,47.54741261,7.58956041,backbone,
s-bahn-basel:RE:8500010-8502021,2,Liestal,ch:1:sloid:23,8500023,47.48446052,7.73136846,backbone,
s-bahn-basel:RE:8500010-8502021,3,Olten,ch:1:sloid:218,8500218,47.3519337,7.90769877,backbone,
s-bahn-basel:RE:8500010-8502021,4,Zofingen,ch:1:sloid:2001,8502001,47.28805267,7.94311934,backbone,
s-bahn-basel:RE:8500010-8502021,5,Sursee,ch:1:sloid:2007,8502007,47.17079586,8.09789008,backbone,
s-bahn-basel:RE:8500010-8502021,6,Emmenbrücke,ch:1:sloid:2021,8502021,47.07060359,8.28256573,backbone,
s-bahn-basel:S1,1,Basel SBB,ch:1:sloid:10,8500010,47.54741261,7.58956041,backbone,
s-bahn-basel:S1,2,Muttenz,ch:1:sloid:20,8500020,47.53359219,7.647897,backbone,
s-bahn-basel:S1,3,Pratteln,ch:1:sloid:21,8500021,47.5226679,7.69081851,backbone,
s-bahn-basel:S1,4,Pratteln Salina Raurica,ch:1:sloid:17131,8517131,47.5305899,7.70988974,backbone,
s-bahn-basel:S1,5,Kaiseraugst,ch:1:sloid:300,8500300,47.53849858,7.72413702,backbone,
s-bahn-basel:S1,6,Rheinfelden Augarten,ch:1:sloid:313,8500313,47.54587853,7.76802871,backbone,
s-bahn-basel:S1,7,Rheinfelden,ch:1:sloid:301,8500301,47.55121425,7.79216644,backbone,
s-bahn-basel:S1,8,Möhlin,ch:1:sloid:302,8500302,47.56185981,7.83386623,backbone,
s-bahn-basel:S1,9,Mumpf,ch:1:sloid:303,8500303,47.54762483,7.90962116,backbone,
s-bahn-basel:S1,10,Stein-Säckingen,ch:1:sloid:320,8500320,47.54160957,7.94884161,backbone,
s-bahn-basel:S1,11,Eiken,ch:1:sloid:304,8500304,47.53304633,7.9897958,backbone,
s-bahn-basel:S1,12,Frick,ch:1:sloid:305,8500305,47.50734824,8.01308912,backbone,
s-bahn-basel:S1,13,Brugg AG,ch:1:sloid:309,8500309,47.48086045,8.208841,backbone,
s-bahn-basel:S1,14,Laufenburg,ch:1:sloid:322,8500322,47.55976846,8.06129271,branch,8500320
s-bahn-basel:S11,1,Basel SBB,ch:1:sloid:10,8500010,47.54741261,7.58956041,backbone,
s-bahn-basel:S11,2,Muttenz,ch:1:sloid:20,8500020,47.53359219,7.647897,backbone,
s-bahn-basel:S11,3,Pratteln,ch:1:sloid:21,8500021,47.5226679,7.69081851,backbone,
s-bahn-basel:S11,4,Kaiseraugst,ch:1:sloid:300,8500300,47.53849858,7.72413702,backbone,
s-bahn-basel:S11,5,Rheinfelden,ch:1:sloid:301,8500301,47.55121425,7.79216644,backbone,
s-bahn-basel:S11,6,Möhlin,ch:1:sloid:302,8500302,47.56185981,7.83386623,backbone,
s-bahn-basel:S11,7,Stein-Säckingen,ch:1:sloid:320,8500320,47.54160957,7.94884161,backbone,
s-bahn-basel:S3,1,Porrentruy,ch:1:sloid:126,8500126,47.42091626,7.08008089,extension,8500109
s-bahn-basel:S3,2,Courgenay,ch:1:sloid:125,8500125,47.40522643,7.12420614,extension,8500109
s-bahn-basel:S3,3,St-Ursanne,ch:1:sloid:124,8500124,47.36770023,7.16595984,extension,8500109
s-bahn-basel:S3,4,Glovelier,ch:1:sloid:123,8500123,47.33521274,7.20931253,extension,8500109
s-bahn-basel:S3,5,Bassecourt,ch:1:sloid:122,8500122,47.336686,7.24684414,extension,8500109
s-bahn-basel:S3,6,Courfaivre,ch:1:sloid:121,8500121,47.33508489,7.29116702,extension,8500109
s-bahn-basel:S3,7,Courtételle,ch:1:sloid:120,8500120,47.34282822,7.3179458,extension,8500109
s-bahn-basel:S3,8,Delémont,ch:1:sloid:109,8500109,47.36201119,7.35006057,backbone,
s-bahn-basel:S3,9,Laufen,ch:1:sloid:113,8500113,47.4193481,7.50263942,backbone,
s-bahn-basel:S3,10,Zwingen,ch:1:sloid:114,8500114,47.43380018,7.53046025,backbone,
s-bahn-basel:S3,11,Grellingen,ch:1:sloid:115,8500115,47.44129207,7.59198586,backbone,
s-bahn-basel:S3,12,Duggingen,ch:1:sloid:116,8500116,47.45344209,7.60345735,backbone,
s-bahn-basel:S3,13,Aesch BL,ch:1:sloid:117,8500117,47.46774515,7.60307107,backbone,
s-bahn-basel:S3,14,Dornach-Arlesheim,ch:1:sloid:118,8500118,47.4886188,7.61111998,backbone,
s-bahn-basel:S3,15,Münchenstein,ch:1:sloid:119,8500119,47.51339776,7.61759683,backbone,
s-bahn-basel:S3,16,Basel Dreispitz,ch:1:sloid:136,8500136,47.53743729,7.60959284,backbone,
s-bahn-basel:S3,17,Basel SBB,ch:1:sloid:10,8500010,47.54741261,7.58956041,backbone,
s-bahn-basel:S3,18,Basel St. Jakob,ch:1:sloid:38,8500038,47.54261014,7.61952821,detour,8500010
s-bahn-basel:S3,19,Muttenz,ch:1:sloid:20,8500020,47.53359219,7.647897,backbone,
s-bahn-basel:S3,20,Pratteln,ch:1:sloid:21,8500021,47.5226679,7.69081851,backbone,
s-bahn-basel:S3,21,Frenkendorf-Füllinsdorf,ch:1:sloid:22,8500022,47.50146794,7.71911544,backbone,
s-bahn-basel:S3,22,Liestal,ch:1:sloid:23,8500023,47.48446052,7.73136846,backbone,
s-bahn-basel:S3,23,Lausen,ch:1:sloid:24,8500024,47.47034418,7.75976421,backbone,
s-bahn-basel:S3,24,Itingen,ch:1:sloid:25,8500025,47.46727755,7.7872257,backbone,
s-bahn-basel:S3,25,Sissach,ch:1:sloid:26,8500026,47.46275319,7.81202819,backbone,
s-bahn-basel:S3,26,Gelterkinden,ch:1:sloid:27,8500027,47.46589295,7.84766436,backbone,
s-bahn-basel:S3,27,Tecknau,ch:1:sloid:28,8500028,47.44575753,7.88762142,backbone,
s-bahn-basel:S3,28,Olten,ch:1:sloid:218,8500218,47.3519337,7.90769877,backbone,
s-bahn-basel:S31,1,Basel SBB,ch:1:sloid:10,8500010,47.54741261,7.58956041,backbone,
s-bahn-basel:S31,2,Basel Dreispitz,ch:1:sloid:136,8500136,47.53743729,7.60959284,backbone,
s-bahn-basel:S31,3,Münchenstein,ch:1:sloid:119,8500119,47.51339776,7.61759683,backbone,
s-bahn-basel:S31,4,Dornach-Arlesheim,ch:1:sloid:118,8500118,47.4886188,7.61111998,backbone,
s-bahn-basel:S31,5,Aesch BL,ch:1:sloid:117,8500117,47.46774515,7.60307107,backbone,
s-bahn-basel:S31,6,Grellingen,ch:1:sloid:115,8500115,47.44129207,7.59198586,backbone,
s-bahn-basel:S31,7,Zwingen,ch:1:sloid:114,8500114,47.43380018,7.53046025,backbone,
s-bahn-basel:S31,8,Laufen,ch:1:sloid:113,8500113,47.4193481,7.50263942,backbone,
s-bahn-basel:S32,1,Basel SBB,ch:1:sloid:10,8500010,47.54741261,7.58956041,backbone,
s-bahn-basel:S32,2,Muttenz,ch:1:sloid:20,8500020,47.53359219,7.647897,backbone,
s-bahn-basel:S32,3,Liestal,ch:1:sloid:23,8500023,47.48446052,7.73136846,backbone,
s-bahn-basel:S32,4,Itingen,ch:1:sloid:25,8500025,47.46727755,7.7872257,backbone,
s-bahn-basel:S32,5,Sissach,ch:1:sloid:26,8500026,47.46275319,7.81202819,backbone,
s-bahn-basel:S33,1,Basel SBB,ch:1:sloid:10,8500010,47.54741261,7.58956041,backbone,
s-bahn-basel:S33,2,Muttenz,ch:1:sloid:20,8500020,47.53359219,7.647897,backbone,
s-bahn-basel:S33,3,Pratteln,ch:1:sloid:21,8500021,47.5226679,7.69081851,backbone,
s-bahn-basel:S33,4,Frenkendorf-Füllinsdorf,ch:1:sloid:22,8500022,47.50146794,7.71911544,backbone,
s-bahn-basel:S33,5,Liestal,ch:1:sloid:23,8500023,47.48446052,7.73136846,backbone,
s-bahn-basel:S33,6,Itingen,ch:1:sloid:25,8500025,47.46727755,7.7872257,backbone,
s-bahn-basel:S33,7,Sissach,ch:1:sloid:26,8500026,47.46275319,7.81202819,backbone,
s-bahn-basel:S6,1,Basel SBB,ch:1:sloid:10,8500010,47.54741261,7.58956041,backbone,
s-bahn-basel:S6,2,Basel Bad Bf,ch:1:sloid:90,8500090,47.56730906,7.60691586,backbone,
s-bahn-basel:S6,3,Riehen Niederholz,ch:1:sloid:17010,8517010,47.56947891,7.6337126,backbone,
s-bahn-basel:S6,4,Riehen,ch:1:sloid:16764,8516764,47.58361101,7.65204722,backbone,
s-bahn-basel:S9,1,Sissach,ch:1:sloid:26,8500026,47.46275319,7.81202819,backbone,
s-bahn-basel:S9,2,Diepflingen,ch:1:sloid:31,8500031,47.44956047,7.83772001,backbone,
s-bahn-basel:S9,3,Sommerau,ch:1:sloid:32,8500032,47.4390197,7.8514822,backbone,
s-bahn-basel:S9,4,Rümlingen,ch:1:sloid:33,8500033,47.42537737,7.85053896,backbone,
s-bahn-basel:S9,5,Buckten,ch:1:sloid:34,8500034,47.40898974,7.8477991,backbone,
s-bahn-basel:S9,6,Läufelfingen,ch:1:sloid:35,8500035,47.39213483,7.85623428,backbone,
s-bahn-basel:S9,7,Trimbach,ch:1:sloid:37,8500037,47.36605139,7.90428517,backbone,
s-bahn-basel:S9,8,Olten,ch:1:sloid:218,8500218,47.3519337,7.90769877,backbone,
s-bahn-basel:S:8500010-8500027,1,Basel SBB,ch:1:sloid:10,8500010,47.54741261,7.58956041,backbone,
s-bahn-basel:S:8500010-8500027,2,Muttenz,ch:1:sloid:20,8500020,47.53359219,7.647897,backbone,
s-bahn-basel:S:8500010-8500027,3,Pratteln,ch:1:sloid:21,8500021,47.5226679,7.69081851,backbone,
s-bahn-basel:S:8500010-8500027,4,Frenkendorf-Füllinsdorf,ch:1:sloid:22,8500022,47.50146794,7.71911544,backbone,
s-bahn-basel:S:8500010-8500027,5,Liestal,ch:1:sloid:23,8500023,47.48446052,7.73136846,backbone,
s-bahn-basel:S:8500010-8500027,6,Lausen,ch:1:sloid:24,8500024,47.47034418,7.75976421,backbone,
s-bahn-basel:S:8500010-8500027,7,Itingen,ch:1:sloid:25,8500025,47.46727755,7.7872257,backbone,
s-bahn-basel:S:8500010-8500027,8,Sissach,ch:1:sloid:26,8500026,47.46275319,7.81202819,backbone,
s-bahn-basel:S:8500010-8500027,9,Gelterkinden,ch:1:sloid:27,8500027,47.46589295,7.84766436,backbone,
s-bahn-basel:S:8500010-8500113,1,Basel SBB,ch:1:sloid:10,8500010,47.54741261,7.58956041,backbone,
s-bahn-basel:S:8500010-8500113,2,Basel Dreispitz,ch:1:sloid:136,8500136,47.53743729,7.60959284,backbone,
s-bahn-basel:S:8500010-8500113,3,Münchenstein,ch:1:sloid:119,8500119,47.51339776,7.61759683,backbone,
s-bahn-basel:S:8500010-8500113,4,Dornach-Arlesheim,ch:1:sloid:118,8500118,47.4886188,7.61111998,backbone,
s-bahn-basel:S:8500010-8500113,5,Aesch BL,ch:1:sloid:117,8500117,47.46774515,7.60307107,backbone,
s-bahn-basel:S:8500010-8500113,6,Duggingen,ch:1:sloid:116,8500116,47.45344209,7.60345735,backbone,
s-bahn-basel:S:8500010-8500113,7,Grellingen,ch:1:sloid:115,8500115,47.44129207,7.59198586,backbone,
s-bahn-basel:S:8500010-8500113,8,Zwingen,ch:1:sloid:114,8500114,47.43380018,7.53046025,backbone,
s-bahn-basel:S:8500010-8500113,9,Laufen,ch:1:sloid:113,8500113,47.4193481,7.50263942,backbone,
s-bahn-basel:S:8500010-8500305,1,Basel SBB,ch:1:sloid:10,8500010,47.54741261,7.58956041,backbone,
s-bahn-basel:S:8500010-8500305,2,Muttenz,ch:1:sloid:20,8500020,47.53359219,7.647897,backbone,
s-bahn-basel:S:8500010-8500305,3,Pratteln,ch:1:sloid:21,8500021,47.5226679,7.69081851,backbone,
s-bahn-basel:S:8500010-8500305,4,Pratteln Salina Raurica,ch:1:sloid:17131,8517131,47.5305899,7.70988974,backbone,
s-bahn-basel:S:8500010-8500305,5,Kaiseraugst,ch:1:sloid:300,8500300,47.53849858,7.72413702,backbone,
s-bahn-basel:S:8500010-8500305,6,Rheinfelden Augarten,ch:1:sloid:313,8500313,47.54587853,7.76802871,backbone,
s-bahn-basel:S:8500010-8500305,7,Rheinfelden,ch:1:sloid:301,8500301,47.55121425,7.79216644,backbone,
s-bahn-basel:S:8500010-8500305,8,Möhlin,ch:1:sloid:302,8500302,47.56185981,7.83386623,backbone,
s-bahn-basel:S:8500010-8500305,9,Mumpf,ch:1:sloid:303,8500303,47.54762483,7.90962116,backbone,
s-bahn-basel:S:8500010-8500305,10,Stein-Säckingen,ch:1:sloid:320,8500320,47.54160957,7.94884161,backbone,
s-bahn-basel:S:8500010-8500305,11,Eiken,ch:1:sloid:304,8500304,47.53304633,7.9897958,backbone,
s-bahn-basel:S:8500010-8500305,12,Frick,ch:1:sloid:305,8500305,47.50734824,8.01308912,backbone,
s-bahn-basel:SN6,1,Basel SBB,ch:1:sloid:10,8500010,47.54741261,7.58956041,backbone,
s-bahn-basel:SN6,2,Basel Bad Bf,ch:1:sloid:90,8500090,47.56730906,7.60691586,backbone,
s-bahn-bern:RE1,1,Preglia,ch:1:sloid:1950,8501950,46.14542884,8.29304907,backbone,
s-bahn-bern:RE1,2,Varzo,ch:1:sloid:1951,8501951,46.20630748,8.24514192,backbone,
s-bahn-bern:RE1,3,Iselle di Trasquera,ch:1:sloid:1952,8501952,46.20700998,8.20701742,backbone,
s-bahn-bern:RE1,4,Brig,ch:1:sloid:1609,8501609,46.31942565,7.98809798,backbone,
s-bahn-bern:RE1,5,Lalden,ch:1:sloid:7470,8507470,46.30107084,7.90959421,backbone,
s-bahn-bern:RE1,6,Eggerberg,ch:1:sloid:7471,8507471,46.30654442,7.88103677,backbone,
s-bahn-bern:RE1,7,Ausserberg,ch:1:sloid:7472,8507472,46.31234631,7.84416991,backbone,
s-bahn-bern:RE1,8,Hohtenn,ch:1:sloid:7473,8507473,46.32245937,7.7640851,backbone,
s-bahn-bern:RE1,9,Goppenstein,ch:1:sloid:7474,8507474,46.36770945,7.75492229,backbone,
s-bahn-bern:RE1,10,Kandersteg,ch:1:sloid:7475,8507475,46.49539408,7.6714149,backbone,
s-bahn-bern:RE1,11,Frutigen,ch:1:sloid:7478,8507478,46.58891017,7.6514184,backbone,
s-bahn-bern:RE1,12,Reichenbach im Kandertal,ch:1:sloid:7480,8507480,46.62512401,7.69006392,backbone,
s-bahn-bern:RE1,13,Mülenen,ch:1:sloid:7481,8507481,46.63802875,7.69131258,backbone,
s-bahn-bern:RE1,14,Spiez,ch:1:sloid:7483,8507483,46.68639413,7.68010161,backbone,
s-bahn-bern:RE1,15,Thun,ch:1:sloid:7100,8507100,46.75485153,7.6296073,extension,8507483
s-bahn-bern:RE1,16,Münsingen,ch:1:sloid:7006,8507006,46.87335605,7.5594399,extension,8507100
s-bahn-bern:RE1,17,Gümligen,ch:1:sloid:7003,8507003,46.93431996,7.50550505,detour,8507006
s-bahn-bern:RE1,18,Ostermundigen,ch:1:sloid:7002,8507002,46.95680257,7.48150206,detour,8507006
s-bahn-bern:RE1,19,Bern Wankdorf,ch:1:sloid:16161,8516161,46.96782577,7.46547612,extension,8507100
s-bahn-bern:RE1,20,Bern,ch:1:sloid:7000,8507000,46.94883109,7.43912853,extension,8507100
s-bahn-bern:RE11,1,Brig,ch:1:sloid:1609,8501609,46.31942565,7.98809798,backbone,
s-bahn-bern:RE11,2,Eggerberg,ch:1:sloid:7471,8507471,46.30654442,7.88103677,backbone,
s-bahn-bern:RE11,3,Ausserberg,ch:1:sloid:7472,8507472,46.31234631,7.84416991,backbone,
s-bahn-bern:RE11,4,Hohtenn,ch:1:sloid:7473,8507473,46.32245937,7.7640851,backbone,
s-bahn-bern:RE11,5,Goppenstein,ch:1:sloid:7474,8507474,46.36770945,7.75492229,backbone,
s-bahn-bern:RE11,6,Kandersteg,ch:1:sloid:7475,8507475,46.49539408,7.6714149,backbone,
s-bahn-bern:RE11,7,Frutigen,ch:1:sloid:7478,8507478,46.58891017,7.6514184,backbone,
s-bahn-bern:RE11,8,Reichenbach im Kandertal,ch:1:sloid:7480,8507480,46.62512401,7.69006392,backbone,
s-bahn-bern:RE11,9,Mülenen,ch:1:sloid:7481,8507481,46.63802875,7.69131258,backbone,
s-bahn-bern:RE11,10,Spiez,ch:1:sloid:7483,8507483,46.68639413,7.68010161,backbone,
s-bahn-bern:RE11,11,Thun,ch:1:sloid:7100,8507100,46.75485153,7.6296073,backbone,
s-bahn-bern:RE11,12,Münsingen,ch:1:sloid:7006,8507006,46.87335605,7.5594399,backbone,
s-bahn-bern:RE11,13,Gümligen,ch:1:sloid:7003,8507003,46.93431996,7.50550505,backbone,
s-bahn-bern:RE11,14,Ostermundigen,ch:1:sloid:7002,8507002,46.95680257,7.48150206,backbone,
s-bahn-bern:RE11,15,Zollikofen,ch:1:sloid:4410,8504410,47.00182522,7.46290694,backbone,
s-bahn-bern:RE11,16,Lyss,ch:1:sloid:4414,8504414,47.07632399,7.30630363,backbone,
s-bahn-bern:RE11,17,Biel/Bienne,ch:1:sloid:4300,8504300,47.13289524,7.24290952,backbone,
s-bahn-bern:RE12,1,Bern,ch:1:sloid:7000,8507000,46.94883109,7.43912853,backbone,
s-bahn-bern:RE12,2,Münsingen,ch:1:sloid:7006,8507006,46.87335605,7.5594399,backbone,
s-bahn-bern:RE12,3,Thun,ch:1:sloid:7100,8507100,46.75485153,7.6296073,backbone,
s-bahn-bern:RE12,4,Spiez,ch:1:sloid:7483,8507483,46.68639413,7.68010161,backbone,
s-bahn-bern:RE12,5,Oey-Diemtigen,ch:1:sloid:7297,8507297,46.65988947,7.57914893,backbone,
s-bahn-bern:RE12,6,Erlenbach im Simmental,ch:1:sloid:7296,8507296,46.65909413,7.55523578,backbone,
s-bahn-bern:RE12,7,Zweisimmen,ch:1:sloid:7290,8507290,46.55348137,7.37486306,backbone,
s-bahn-bern:RE2,1,Broc-Chocolaterie,ch:1:sloid:4089,8504089,46.60541552,7.10933902,backbone,
s-bahn-bern:RE2,2,Broc-Village,ch:1:sloid:4088,8504088,46.60405158,7.0987389,backbone,
s-bahn-bern:RE2,3,La Tour-de-Trême,ch:1:sloid:4067,8504067,46.60853209,7.0642436,backbone,
s-bahn-bern:RE2,4,Bulle,ch:1:sloid:4086,8504086,46.61922579,7.05300567,backbone,
s-bahn-bern:RE2,5,Romont FR,ch:1:sloid:4023,8504023,46.69350503,6.91180848,backbone,
s-bahn-bern:RE2,6,Villaz-St-Pierre,ch:1:sloid:4024,8504024,46.72057826,6.96064089,backbone,
s-bahn-bern:RE2,7,Chénens,ch:1:sloid:4025,8504025,46.74921367,7.00042728,backbone,
s-bahn-bern:RE2,8,Cottens FR,ch:1:sloid:4026,8504026,46.75121407,7.03479682,backbone,
s-bahn-bern:RE2,9,Neyruz FR,ch:1:sloid:4027,8504027,46.76605164,7.06502513,backbone,
s-bahn-bern:RE2,10,Avry-Matran,ch:1:sloid:1632,8501632,46.78602761,7.08043124,backbone,
s-bahn-bern:RE2,11,Villars-sur-Glâne,ch:1:sloid:4030,8504030,46.78982878,7.11638182,backbone,
s-bahn-bern:RE2,12,Fribourg/Freiburg,ch:1:sloid:4100,8504100,46.80314923,7.1510478,backbone,
s-bahn-bern:RE2,13,Fribourg/Freiburg Poya,ch:1:sloid:19133,8519133,46.81558114,7.15648261,detour,8504100
s-bahn-bern:RE2,14,Düdingen,ch:1:sloid:4101,8504101,46.85105344,7.18975621,extension,8504100
s-bahn-bern:RE2,15,Schmitten FR,ch:1:sloid:4102,8504102,46.8629399,7.25392287,detour,8504101
s-bahn-bern:RE2,16,Flamatt,ch:1:sloid:4103,8504103,46.88849149,7.31957175,detour,8504101
s-bahn-bern:RE2,17,Bern,ch:1:sloid:7000,8507000,46.94883109,7.43912853,extension,8504100
s-bahn-bern:RE5,1,Solothurn,ch:1:sloid:207,8500207,47.20419001,7.54268632,backbone,
s-bahn-bern:RE5,2,Biberist RBS,ch:1:sloid:8068,8508068,47.18386299,7.55582867,backbone,
s-bahn-bern:RE5,3,Lohn-Lüterkofen,ch:1:sloid:8066,8508066,47.16299069,7.52695682,backbone,
s-bahn-bern:RE5,4,Bätterkinden,ch:1:sloid:8064,8508064,47.13002288,7.53440385,backbone,
s-bahn-bern:RE5,5,Schalunen,ch:1:sloid:8063,8508063,47.11016268,7.52417204,backbone,
s-bahn-bern:RE5,6,Büren zum Hof,ch:1:sloid:8062,8508062,47.09595219,7.5188091,backbone,
s-bahn-bern:RE5,7,Fraubrunnen,ch:1:sloid:8061,8508061,47.08658245,7.52221371,backbone,
s-bahn-bern:RE5,8,Grafenried,ch:1:sloid:8060,8508060,47.08012297,7.51161359,backbone,
s-bahn-bern:RE5,9,Jegenstorf,ch:1:sloid:8059,8508059,47.04761183,7.50777778,backbone,
s-bahn-bern:RE5,10,Zollikofen,ch:1:sloid:4410,8504410,47.00182522,7.46290694,detour,8508059
s-bahn-bern:RE5,11,Oberzollikofen,ch:1:sloid:8070,8508070,46.99694847,7.46163133,detour,8508059
s-bahn-bern:RE5,12,Worblaufen,ch:1:sloid:8054,8508054,46.97884058,7.45763383,detour,8508059
s-bahn-bern:RE5,13,Bern,ch:1:sloid:7000,8507000,46.94883109,7.43912853,backbone,
s-bahn-bern:RE7,1,Luzern,ch:1:sloid:5000,8505000,47.05017648,8.31017995,backbone,
s-bahn-bern:RE7,2,Luzern Littau,ch:1:sloid:8219,8508219,47.05306539,8.25711646,backbone,
s-bahn-bern:RE7,3,Malters,ch:1:sloid:8218,8508218,47.03858254,8.18197239,backbone,
s-bahn-bern:RE7,4,Schachen LU,ch:1:sloid:8217,8508217,47.03797033,8.143255,backbone,
s-bahn-bern:RE7,5,Werthenstein,ch:1:sloid:8216,8508216,47.05702515,8.10186063,backbone,
s-bahn-bern:RE7,6,Wolhusen,ch:1:sloid:8215,8508215,47.05548902,8.07975309,backbone,
s-bahn-bern:RE7,7,Entlebuch,ch:1:sloid:8213,8508213,46.99369502,8.06236171,backbone,
s-bahn-bern:RE7,8,Hasle LU,ch:1:sloid:8212,8508212,46.97815414,8.04698255,backbone,
s-bahn-bern:RE7,9,Schüpfheim,ch:1:sloid:8211,8508211,46.95064624,8.01515524,backbone,
s-bahn-bern:RE7,10,Escholzmatt,ch:1:sloid:8210,8508210,46.9153502,7.93638197,backbone,
s-bahn-bern:RE7,11,Trubschachen,ch:1:sloid:8208,8508208,46.92170079,7.8461462,backbone,
s-bahn-bern:RE7,12,Langnau i.E.,ch:1:sloid:8207,8508207,46.93923922,7.78419838,backbone,
s-bahn-bern:RE7,13,Konolfingen,ch:1:sloid:8202,8508202,46.88070019,7.62136975,backbone,
s-bahn-bern:RE7,14,Worb SBB,ch:1:sloid:8200,8508200,46.91522748,7.56484775,detour,8508202
s-bahn-bern:RE7,15,Bern,ch:1:sloid:7000,8507000,46.94883109,7.43912853,backbone,
s-bahn-bern:RE8,1,Zweisimmen,ch:1:sloid:7290,8507290,46.55348137,7.37486306,backbone,
s-bahn-bern:RE8,2,Boltigen,ch:1:sloid:7292,8507292,46.62736961,7.39007153,backbone,
s-bahn-bern:RE8,3,Oberwil im Simmental,ch:1:sloid:7293,8507293,46.65613462,7.43548137,detour,8507292
s-bahn-bern:RE8,4,Erlenbach im Simmental,ch:1:sloid:7296,8507296,46.65909413,7.55523578,backbone,
s-bahn-bern:RE8,5,Oey-Diemtigen,ch:1:sloid:7297,8507297,46.65988947,7.57914893,backbone,
s-bahn-bern:RE8,6,Wimmis,ch:1:sloid:7298,8507298,46.67571986,7.63559907,backbone,
s-bahn-bern:RE8,7,Spiez,ch:1:sloid:7483,8507483,46.68639413,7.68010161,backbone,
s-bahn-bern:RE8,8,Interlaken West,ch:1:sloid:7493,8507493,46.68262879,7.85145525,backbone,
s-bahn-bern:RE8,9,Interlaken Ost,ch:1:sloid:7492,8507492,46.69049811,7.86899934,backbone,
s-bahn-bern:RE8,10,Thun,ch:1:sloid:7100,8507100,46.75485153,7.6296073,branch,8507483
s-bahn-bern:RE9,1,Travers,ch:1:sloid:4215,8504215,46.94241013,6.67655767,backbone,
s-bahn-bern:RE9,2,Neuchâtel,ch:1:sloid:4221,8504221,46.99672791,6.93570366,backbone,
s-bahn-bern:RE9,3,Bern,ch:1:sloid:7000,8507000,46.94883109,7.43912853,backbone,
s-bahn-bern:S1,1,Fribourg/Freiburg,ch:1:sloid:4100,8504100,46.80314923,7.1510478,backbone,
s-bahn-bern:S1,2,Fribourg/Freiburg Poya,ch:1:sloid:19133,8519133,46.81558114,7.15648261,backbone,
s-bahn-bern:S1,3,Düdingen,ch:1:sloid:4101,8504101,46.85105344,7.18975621,backbone,
s-bahn-bern:S1,4,Schmitten FR,ch:1:sloid:4102,8504102,46.8629399,7.25392287,backbone,
s-bahn-bern:S1,5,Wünnewil,ch:1:sloid:4113,8504113,46.87186377,7.28065673,backbone,
s-bahn-bern:S1,6,Flamatt,ch:1:sloid:4103,8504103,46.88849149,7.31957175,backbone,
s-bahn-bern:S1,7,Thörishaus Dorf,ch:1:sloid:4115,8504115,46.89356842,7.35186618,backbone,
s-bahn-bern:S1,8,Thörishaus Station,ch:1:sloid:4104,8504104,46.90462306,7.3570315,backbone,
s-bahn-bern:S1,9,Oberwangen,ch:1:sloid:4117,8504117,46.9145709,7.36219681,backbone,
s-bahn-bern:S1,10,Niederwangen,ch:1:sloid:4105,8504105,46.92550464,7.37646206,backbone,
s-bahn-bern:S1,11,Bern Bümpliz Süd,ch:1:sloid:4106,8504106,46.93748502,7.39523685,backbone,
s-bahn-bern:S1,12,Bern Europaplatz,ch:1:sloid:4108,8504108,46.94420709,7.40611544,backbone,
s-bahn-bern:S1,13,Bern,ch:1:sloid:7000,8507000,46.94883109,7.43912853,backbone,
s-bahn-bern:S1,14,Bern Wankdorf,ch:1:sloid:16161,8516161,46.96782577,7.46547612,backbone,
s-bahn-bern:S1,15,Zollikofen,ch:1:sloid:4410,8504410,47.00182522,7.46290694,backbone,
s-bahn-bern:S1,16,Ostermundigen,ch:1:sloid:7002,8507002,46.95680257,7.48150206,backbone,
s-bahn-bern:S1,17,Gümligen,ch:1:sloid:7003,8507003,46.93431996,7.50550505,backbone,
s-bahn-bern:S1,18,Rubigen,ch:1:sloid:7005,8507005,46.89917275,7.54537228,backbone,
s-bahn-bern:S1,19,Münsingen,ch:1:sloid:7006,8507006,46.87335605,7.5594399,backbone,
s-bahn-bern:S1,20,Wichtrach,ch:1:sloid:7007,8507007,46.84160997,7.56885424,backbone,
s-bahn-bern:S1,21,Kiesen,ch:1:sloid:7008,8507008,46.81894378,7.57550177,backbone,
s-bahn-bern:S1,22,Uttigen,ch:1:sloid:7009,8507009,46.79431235,7.5826344,backbone,
s-bahn-bern:S1,23,Thun,ch:1:sloid:7100,8507100,46.75485153,7.6296073,backbone,
s-bahn-bern:S11,1,Bern,ch:1:sloid:7000,8507000,46.94883109,7.43912853,backbone,
s-bahn-bern:S11,2,Bern Wankdorf,ch:1:sloid:16161,8516161,46.96782577,7.46547612,backbone,
s-bahn-bern:S11,3,Ostermundigen,ch:1:sloid:7002,8507002,46.95680257,7.48150206,backbone,
s-bahn-bern:S11,4,Gümligen,ch:1:sloid:7003,8507003,46.93431996,7.50550505,backbone,
s-bahn-bern:S11,5,Rubigen,ch:1:sloid:7005,8507005,46.89917275,7.54537228,backbone,
s-bahn-bern:S11,6,Münsingen,ch:1:sloid:7006,8507006,46.87335605,7.5594399,backbone,
s-bahn-bern:S11,7,Thun,ch:1:sloid:7100,8507100,46.75485153,7.6296073,backbone,
s-bahn-bern:S2,1,Laupen BE,ch:1:sloid:4194,8504194,46.90129034,7.24201121,backbone,
s-bahn-bern:S2,2,Neuenegg,ch:1:sloid:4192,8504192,46.89413932,7.29986271,backbone,
s-bahn-bern:S2,3,Flamatt Dorf,ch:1:sloid:4191,8504191,46.88989736,7.31051673,backbone,
s-bahn-bern:S2,4,Flamatt,ch:1:sloid:4103,8504103,46.88849149,7.31957175,backbone,
s-bahn-bern:S2,5,Thörishaus Dorf,ch:1:sloid:4115,8504115,46.89356842,7.35186618,backbone,
s-bahn-bern:S2,6,Thörishaus Station,ch:1:sloid:4104,8504104,46.90462306,7.3570315,backbone,
s-bahn-bern:S2,7,Oberwangen,ch:1:sloid:4117,8504117,46.9145709,7.36219681,backbone,
s-bahn-bern:S2,8,Niederwangen,ch:1:sloid:4105,8504105,46.92550464,7.37646206,backbone,
s-bahn-bern:S2,9,Bern Bümpliz Süd,ch:1:sloid:4106,8504106,46.93748502,7.39523685,backbone,
s-bahn-bern:S2,10,Bern Europaplatz,ch:1:sloid:4108,8504108,46.94420709,7.40611544,backbone,
s-bahn-bern:S2,11,Bern,ch:1:sloid:7000,8507000,46.94883109,7.43912853,backbone,
s-bahn-bern:S2,12,Bern Wankdorf,ch:1:sloid:16161,8516161,46.96782577,7.46547612,backbone,
s-bahn-bern:S2,13,Zollikofen,ch:1:sloid:4410,8504410,47.00182522,7.46290694,detour,8516161
s-bahn-bern:S2,14,Ostermundigen,ch:1:sloid:7002,8507002,46.95680257,7.48150206,backbone,
s-bahn-bern:S2,15,Gümligen,ch:1:sloid:7003,8507003,46.93431996,7.50550505,backbone,
s-bahn-bern:S2,16,Worb SBB,ch:1:sloid:8200,8508200,46.91522748,7.56484775,backbone,
s-bahn-bern:S2,17,Tägertschi,ch:1:sloid:8201,8508201,46.88228432,7.58083777,backbone,
s-bahn-bern:S2,18,Konolfingen,ch:1:sloid:8202,8508202,46.88070019,7.62136975,backbone,
s-bahn-bern:S2,19,Zäziwil,ch:1:sloid:8203,8508203,46.89974973,7.6628809,backbone,
s-bahn-bern:S2,20,Bowil,ch:1:sloid:8204,8508204,46.90005049,7.69804995,backbone,
s-bahn-bern:S2,21,Signau,ch:1:sloid:8205,8508205,46.9196331,7.72546653,backbone,
s-bahn-bern:S2,22,Emmenmatt,ch:1:sloid:8206,8508206,46.94815653,7.74729559,backbone,
s-bahn-bern:S2,23,Langnau i.E.,ch:1:sloid:8207,8508207,46.93923922,7.78419838,backbone,
s-bahn-bern:S2,24,Münsingen,ch:1:sloid:7006,8507006,46.87335605,7.5594399,branch,8507003
s-bahn-bern:S21,1,Thun,ch:1:sloid:7100,8507100,46.75485153,7.6296073,backbone,
s-bahn-bern:S21,2,Steffisburg,ch:1:sloid:8251,8508251,46.77299824,7.61516239,backbone,
s-bahn-bern:S21,3,Lädeli,ch:1:sloid:8252,8508252,46.78161102,7.60903588,backbone,
s-bahn-bern:S21,4,Heimberg,ch:1:sloid:8253,8508253,46.79087437,7.60613433,backbone,
s-bahn-bern:S21,5,Brenzikofen,ch:1:sloid:8254,8508254,46.81834749,7.61074268,backbone,
s-bahn-bern:S21,6,Oberdiessbach,ch:1:sloid:8255,8508255,46.83926266,7.61781242,backbone,
s-bahn-bern:S21,7,Stalden i.E.,ch:1:sloid:8256,8508256,46.87089345,7.62286994,backbone,
s-bahn-bern:S21,8,Konolfingen,ch:1:sloid:8202,8508202,46.88070019,7.62136975,backbone,
s-bahn-bern:S22,1,Bern,ch:1:sloid:7000,8507000,46.94883109,7.43912853,backbone,
s-bahn-bern:S22,2,Bern Wankdorf,ch:1:sloid:16161,8516161,46.96782577,7.46547612,backbone,
s-bahn-bern:S22,3,Worb SBB,ch:1:sloid:8200,8508200,46.91522748,7.56484775,detour,8516161
s-bahn-bern:S22,4,Konolfingen,ch:1:sloid:8202,8508202,46.88070019,7.62136975,backbone,
s-bahn-bern:S22,5,Zäziwil,ch:1:sloid:8203,8508203,46.89974973,7.6628809,backbone,
s-bahn-bern:S22,6,Bowil,ch:1:sloid:8204,8508204,46.90005049,7.69804995,backbone,
s-bahn-bern:S22,7,Signau,ch:1:sloid:8205,8508205,46.9196331,7.72546653,backbone,
s-bahn-bern:S22,8,Langnau i.E.,ch:1:sloid:8207,8508207,46.93923922,7.78419838,backbone,
s-bahn-bern:S3,1,Biel/Bienne,ch:1:sloid:4300,8504300,47.13289524,7.24290952,backbone,
s-bahn-bern:S3,2,Brügg BE,ch:1:sloid:4416,8504416,47.12364202,7.2782223,backbone,
s-bahn-bern:S3,3,Studen BE,ch:1:sloid:4441,8504441,47.11158719,7.30081493,backbone,
s-bahn-bern:S3,4,Busswil BE,ch:1:sloid:4415,8504415,47.09868574,7.31861954,backbone,
s-bahn-bern:S3,5,Lyss,ch:1:sloid:4414,8504414,47.07632399,7.30630363,backbone,
s-bahn-bern:S3,6,Suberg-Grossaffoltern,ch:1:sloid:4413,8504413,47.05878154,7.33900231,backbone,
s-bahn-bern:S3,7,Schüpfen,ch:1:sloid:4412,8504412,47.04185774,7.38600216,backbone,
s-bahn-bern:S3,8,Münchenbuchsee,ch:1:sloid:4411,8504411,47.02137675,7.45194749,backbone,
s-bahn-bern:S3,9,Zollikofen,ch:1:sloid:4410,8504410,47.00182522,7.46290694,backbone,
s-bahn-bern:S3,10,Bern Wankdorf,ch:1:sloid:16161,8516161,46.96782577,7.46547612,backbone,
s-bahn-bern:S3,11,Bern,ch:1:sloid:7000,8507000,46.94883109,7.43912853,backbone,
s-bahn-bern:S3,12,Bern Europaplatz,ch:1:sloid:4108,8504108,46.94420709,7.40611544,backbone,
s-bahn-bern:S3,13,Bern Weissenbühl,ch:1:sloid:7079,8507079,46.93577984,7.43001961,backbone,
s-bahn-bern:S3,14,Wabern bei Bern,ch:1:sloid:7078,8507078,46.92866409,7.44589284,backbone,
s-bahn-bern:S3,15,Kehrsatz Nord,ch:1:sloid:7093,8507093,46.91583496,7.46610494,backbone,
s-bahn-bern:S3,16,Kehrsatz,ch:1:sloid:7077,8507077,46.90882089,7.47235721,backbone,
s-bahn-bern:S3,17,Belp Steinbach,ch:1:sloid:7092,8507092,46.89516446,7.49309033,backbone,
s-bahn-bern:S3,18,Belp,ch:1:sloid:7076,8507076,46.8888844,7.49863294,backbone,
s-bahn-bern:S31,1,Biel/Bienne,ch:1:sloid:4300,8504300,47.13289524,7.24290952,backbone,
s-bahn-bern:S31,2,Brügg BE,ch:1:sloid:4416,8504416,47.12364202,7.2782223,detour,8504300
s-bahn-bern:S31,3,Studen BE,ch:1:sloid:4441,8504441,47.11158719,7.30081493,detour,8504300
s-bahn-bern:S31,4,Busswil BE,ch:1:sloid:4415,8504415,47.09868574,7.31861954,detour,8504300
s-bahn-bern:S31,5,Lyss,ch:1:sloid:4414,8504414,47.07632399,7.30630363,backbone,
s-bahn-bern:S31,6,Schüpfen,ch:1:sloid:4412,8504412,47.04185774,7.38600216,backbone,
s-bahn-bern:S31,7,Münchenbuchsee,ch:1:sloid:4411,8504411,47.02137675,7.45194749,backbone,
s-bahn-bern:S31,8,Zollikofen,ch:1:sloid:4410,8504410,47.00182522,7.46290694,backbone,
s-bahn-bern:S31,9,Bern Wankdorf,ch:1:sloid:16161,8516161,46.96782577,7.46547612,backbone,
s-bahn-bern:S31,10,Bern,ch:1:sloid:7000,8507000,46.94883109,7.43912853,backbone,
s-bahn-bern:S31,11,Bern Europaplatz,ch:1:sloid:4108,8504108,46.94420709,7.40611544,backbone,
s-bahn-bern:S31,12,Bern Weissenbühl,ch:1:sloid:7079,8507079,46.93577984,7.43001961,backbone,
s-bahn-bern:S31,13,Wabern bei Bern,ch:1:sloid:7078,8507078,46.92866409,7.44589284,backbone,
s-bahn-bern:S31,14,Kehrsatz Nord,ch:1:sloid:7093,8507093,46.91583496,7.46610494,backbone,
s-bahn-bern:S31,15,Kehrsatz,ch:1:sloid:7077,8507077,46.90882089,7.47235721,backbone,
s-bahn-bern:S31,16,Belp Steinbach,ch:1:sloid:7092,8507092,46.89516446,7.49309033,backbone,
s-bahn-bern:S31,17,Belp,ch:1:sloid:7076,8507076,46.8888844,7.49863294,backbone,
s-bahn-bern:S35,1,Kerzers,ch:1:sloid:4400,8504400,46.97507729,7.19281048,backbone,
s-bahn-bern:S35,2,Kerzers Papiliorama,ch:1:sloid:16444,8516444,46.98977346,7.19927835,backbone,
s-bahn-bern:S35,3,Fräschels,ch:1:sloid:4401,8504401,46.99912346,7.20604266,backbone,
s-bahn-bern:S35,4,Kallnach,ch:1:sloid:4402,8504402,47.02552256,7.235193,backbone,
s-bahn-bern:S35,5,Bargen BE,ch:1:sloid:4403,8504403,47.04016201,7.26118126,backbone,
s-bahn-bern:S35,6,Aarberg,ch:1:sloid:4404,8504404,47.04453898,7.27868942,backbone,
s-bahn-bern:S35,7,Lyss Grien,ch:1:sloid:18749,8518749,47.07268381,7.29650301,backbone,
s-bahn-bern:S35,8,Lyss,ch:1:sloid:4414,8504414,47.07632399,7.30630363,backbone,
s-bahn-bern:S36,1,Büren an der Aare,ch:1:sloid:221,8500221,47.13815676,7.37124284,backbone,
s-bahn-bern:S36,2,Dotzigen,ch:1:sloid:220,8500220,47.11867248,7.33775365,backbone,
s-bahn-bern:S36,3,Busswil BE,ch:1:sloid:4415,8504415,47.09868574,7.31861954,backbone,
s-bahn-bern:S36,4,Lyss,ch:1:sloid:4414,8504414,47.07632399,7.30630363,backbone,
s-bahn-bern:S4,1,Thun,ch:1:sloid:7100,8507100,46.75485153,7.6296073,backbone,
s-bahn-bern:S4,2,Uetendorf Allmend,ch:1:sloid:7094,8507094,46.77312129,7.59488742,backbone,
s-bahn-bern:S4,3,Uetendorf,ch:1:sloid:7070,8507070,46.77492393,7.57284276,backbone,
s-bahn-bern:S4,4,Seftigen,ch:1:sloid:7071,8507071,46.78684568,7.54028781,backbone,
s-bahn-bern:S4,5,Burgistein,ch:1:sloid:7072,8507072,46.78943515,7.52122556,backbone,
s-bahn-bern:S4,6,Thurnen,ch:1:sloid:7073,8507073,46.81355854,7.51387735,backbone,
s-bahn-bern:S4,7,Kaufdorf,ch:1:sloid:7074,8507074,46.83788619,7.50185789,backbone,
s-bahn-bern:S4,8,Toffen,ch:1:sloid:7075,8507075,46.8584682,7.4960368,backbone,
s-bahn-bern:S4,9,Belp,ch:1:sloid:7076,8507076,46.8888844,7.49863294,backbone,
s-bahn-bern:S4,10,Belp Steinbach,ch:1:sloid:7092,8507092,46.89516446,7.49309033,backbone,
s-bahn-bern:S4,11,Kehrsatz,ch:1:sloid:7077,8507077,46.90882089,7.47235721,backbone,
s-bahn-bern:S4,12,Kehrsatz Nord,ch:1:sloid:7093,8507093,46.91583496,7.46610494,backbone,
s-bahn-bern:S4,13,Wabern bei Bern,ch:1:sloid:7078,8507078,46.92866409,7.44589284,backbone,
s-bahn-bern:S4,14,Bern Weissenbühl,ch:1:sloid:7079,8507079,46.93577984,7.43001961,backbone,
s-bahn-bern:S4,15,Bern Europaplatz,ch:1:sloid:4108,8504108,46.94420709,7.40611544,backbone,
s-bahn-bern:S4,16,Bern,ch:1:sloid:7000,8507000,46.94883109,7.43912853,backbone,
s-bahn-bern:S4,17,Bern Wankdorf,ch:1:sloid:16161,8516161,46.96782577,7.46547612,backbone,
s-bahn-bern:S4,18,Zollikofen,ch:1:sloid:4410,8504410,47.00182522,7.46290694,backbone,
s-bahn-bern:S4,19,Schönbühl SBB,ch:1:sloid:8001,8508001,47.01893932,7.49892938,backbone,
s-bahn-bern:S4,20,Hindelbank,ch:1:sloid:8003,8508003,47.0495644,7.54540821,backbone,
s-bahn-bern:S4,21,Lyssach,ch:1:sloid:8004,8508004,47.06376279,7.58132286,backbone,
s-bahn-bern:S4,22,Burgdorf,ch:1:sloid:8005,8508005,47.06070311,7.62169315,backbone,
s-bahn-bern:S4,23,Burgdorf Steinhof,ch:1:sloid:8081,8508081,47.05119863,7.61953719,backbone,
s-bahn-bern:S4,24,Oberburg,ch:1:sloid:8080,8508080,47.03961104,7.62934679,backbone,
s-bahn-bern:S4,25,Hasle-Rüegsau,ch:1:sloid:8265,8508265,47.01626293,7.65532607,backbone,
s-bahn-bern:S4,26,Lützelflüh-Goldbach,ch:1:sloid:8266,8508266,47.00502305,7.68227553,extension,8508265
s-bahn-bern:S4,27,Ramsei,ch:1:sloid:8267,8508267,46.99687495,7.70992567,extension,8508265
s-bahn-bern:S4,28,Zollbrück,ch:1:sloid:8268,8508268,46.97571474,7.74130383,extension,8508265
s-bahn-bern:S4,29,Neumühle,ch:1:sloid:8269,8508269,46.96564951,7.74936171,extension,8508265
s-bahn-bern:S4,30,Langnau i.E.,ch:1:sloid:8207,8508207,46.93923922,7.78419838,extension,8508265
s-bahn-bern:S41,1,Solothurn,ch:1:sloid:207,8500207,47.20419001,7.54268632,backbone,
s-bahn-bern:S41,2,Biberist Ost,ch:1:sloid:8089,8508089,47.18060261,7.56619523,backbone,
s-bahn-bern:S41,3,Gerlafingen,ch:1:sloid:8088,8508088,47.1705638,7.56528793,backbone,
s-bahn-bern:S41,4,Wiler,ch:1:sloid:8087,8508087,47.15229489,7.55593647,backbone,
s-bahn-bern:S41,5,Utzenstorf,ch:1:sloid:8086,8508086,47.12953395,7.5536278,backbone,
s-bahn-bern:S41,6,Aefligen,ch:1:sloid:8085,8508085,47.09559138,7.55925125,backbone,
s-bahn-bern:S41,7,Kirchberg-Alchenflüh,ch:1:sloid:8084,8508084,47.08290015,7.58106235,backbone,
s-bahn-bern:S41,8,Burgdorf Buchmatt,ch:1:sloid:8083,8508083,47.06545778,7.60827232,backbone,
s-bahn-bern:S41,9,Burgdorf,ch:1:sloid:8005,8508005,47.06070311,7.62169315,backbone,
s-bahn-bern:S41,10,Burgdorf Steinhof,ch:1:sloid:8081,8508081,47.05119863,7.61953719,backbone,
s-bahn-bern:S41,11,Oberburg,ch:1:sloid:8080,8508080,47.03961104,7.62934679,backbone,
s-bahn-bern:S41,12,Hasle-Rüegsau,ch:1:sloid:8265,8508265,47.01626293,7.65532607,backbone,
s-bahn-bern:S41,13,Schafhausen i.E.,ch:1:sloid:8264,8508264,46.99446704,7.65675439,backbone,
s-bahn-bern:S41,14,Bigenthal,ch:1:sloid:8263,8508263,46.96539817,7.623373,backbone,
s-bahn-bern:S41,15,Walkringen,ch:1:sloid:8262,8508262,46.94753715,7.6188904,backbone,
s-bahn-bern:S41,16,Biglen,ch:1:sloid:8261,8508261,46.92461506,7.62670575,backbone,
s-bahn-bern:S41,17,Grosshöchstetten,ch:1:sloid:8260,8508260,46.9046292,7.63491635,backbone,
s-bahn-bern:S41,18,Konolfingen,ch:1:sloid:8202,8508202,46.88070019,7.62136975,backbone,
s-bahn-bern:S41,19,Stalden i.E.,ch:1:sloid:8256,8508256,46.87089345,7.62286994,detour,8508202
s-bahn-bern:S41,20,Oberdiessbach,ch:1:sloid:8255,8508255,46.83926266,7.61781242,backbone,
s-bahn-bern:S41,21,Brenzikofen,ch:1:sloid:8254,8508254,46.81834749,7.61074268,detour,8508255
s-bahn-bern:S41,22,Heimberg,ch:1:sloid:8253,8508253,46.79087437,7.60613433,backbone,
s-bahn-bern:S41,23,Lädeli,ch:1:sloid:8252,8508252,46.78161102,7.60903588,backbone,
s-bahn-bern:S41,24,Steffisburg,ch:1:sloid:8251,8508251,46.77299824,7.61516239,backbone,
s-bahn-bern:S41,25,Schwäbis,ch:1:sloid:8250,8508250,46.76266724,7.61928566,detour,8508251
s-bahn-bern:S41,26,Thun,ch:1:sloid:7100,8507100,46.75485153,7.6296073,backbone,
s-bahn-bern:S42,1,Thun,ch:1:sloid:7100,8507100,46.75485153,7.6296073,backbone,
s-bahn-bern:S42,2,Schwäbis,ch:1:sloid:8250,8508250,46.76266724,7.61928566,backbone,
s-bahn-bern:S42,3,Steffisburg,ch:1:sloid:8251,8508251,46.77299824,7.61516239,backbone,
s-bahn-bern:S42,4,Lädeli,ch:1:sloid:8252,8508252,46.78161102,7.60903588,backbone,
s-bahn-bern:S42,5,Heimberg,ch:1:sloid:8253,8508253,46.79087437,7.60613433,backbone,
s-bahn-bern:S42,6,Brenzikofen,ch:1:sloid:8254,8508254,46.81834749,7.61074268,backbone,
s-bahn-bern:S42,7,Oberdiessbach,ch:1:sloid:8255,8508255,46.83926266,7.61781242,backbone,
s-bahn-bern:S42,8,Stalden i.E.,ch:1:sloid:8256,8508256,46.87089345,7.62286994,backbone,
s-bahn-bern:S42,9,Konolfingen,ch:1:sloid:8202,8508202,46.88070019,7.62136975,backbone,
s-bahn-bern:S42,10,Grosshöchstetten,ch:1:sloid:8260,8508260,46.9046292,7.63491635,backbone,
s-bahn-bern:S42,11,Biglen,ch:1:sloid:8261,8508261,46.92461506,7.62670575,backbone,
s-bahn-bern:S42,12,Walkringen,ch:1:sloid:8262,8508262,46.94753715,7.6188904,backbone,
s-bahn-bern:S42,13,Bigenthal,ch:1:sloid:8263,8508263,46.96539817,7.623373,backbone,
s-bahn-bern:S42,14,Schafhausen i.E.,ch:1:sloid:8264,8508264,46.99446704,7.65675439,backbone,
s-bahn-bern:S42,15,Hasle-Rüegsau,ch:1:sloid:8265,8508265,47.01626293,7.65532607,backbone,
s-bahn-bern:S42,16,Oberburg,ch:1:sloid:8080,8508080,47.03961104,7.62934679,backbone,
s-bahn-bern:S42,17,Burgdorf Steinhof,ch:1:sloid:8081,8508081,47.05119863,7.61953719,backbone,
s-bahn-bern:S42,18,Burgdorf,ch:1:sloid:8005,8508005,47.06070311,7.62169315,backbone,
s-bahn-bern:S44,1,Thun,ch:1:sloid:7100,8507100,46.75485153,7.6296073,backbone,
s-bahn-bern:S44,2,Uetendorf Allmend,ch:1:sloid:7094,8507094,46.77312129,7.59488742,backbone,
s-bahn-bern:S44,3,Uetendorf,ch:1:sloid:7070,8507070,46.77492393,7.57284276,backbone,
s-bahn-bern:S44,4,Seftigen,ch:1:sloid:7071,8507071,46.78684568,7.54028781,backbone,
s-bahn-bern:S44,5,Burgistein,ch:1:sloid:7072,8507072,46.78943515,7.52122556,backbone,
s-bahn-bern:S44,6,Thurnen,ch:1:sloid:7073,8507073,46.81355854,7.51387735,backbone,
s-bahn-bern:S44,7,Kaufdorf,ch:1:sloid:7074,8507074,46.83788619,7.50185789,backbone,
s-bahn-bern:S44,8,Toffen,ch:1:sloid:7075,8507075,46.8584682,7.4960368,backbone,
s-bahn-bern:S44,9,Belp,ch:1:sloid:7076,8507076,46.8888844,7.49863294,backbone,
s-bahn-bern:S44,10,Belp Steinbach,ch:1:sloid:7092,8507092,46.89516446,7.49309033,backbone,
s-bahn-bern:S44,11,Kehrsatz,ch:1:sloid:7077,8507077,46.90882089,7.47235721,backbone,
s-bahn-bern:S44,12,Kehrsatz Nord,ch:1:sloid:7093,8507093,46.91583496,7.46610494,backbone,
s-bahn-bern:S44,13,Wabern bei Bern,ch:1:sloid:7078,8507078,46.92866409,7.44589284,backbone,
s-bahn-bern:S44,14,Bern Weissenbühl,ch:1:sloid:7079,8507079,46.93577984,7.43001961,backbone,
s-bahn-bern:S44,15,Bern Europaplatz,ch:1:sloid:4108,8504108,46.94420709,7.40611544,backbone,
s-bahn-bern:S44,16,Bern,ch:1:sloid:7000,8507000,46.94883109,7.43912853,backbone,
s-bahn-bern:S44,17,Bern Wankdorf,ch:1:sloid:16161,8516161,46.96782577,7.46547612,backbone,
s-bahn-bern:S44,18,Zollikofen,ch:1:sloid:4410,8504410,47.00182522,7.46290694,backbone,
s-bahn-bern:S44,19,Hindelbank,ch:1:sloid:8003,8508003,47.0495644,7.54540821,backbone,
s-bahn-bern:S44,20,Lyssach,ch:1:sloid:8004,8508004,47.06376279,7.58132286,backbone,
s-bahn-bern:S44,21,Burgdorf,ch:1:sloid:8005,8508005,47.06070311,7.62169315,backbone,
s-bahn-bern:S44,22,Burgdorf Buchmatt,ch:1:sloid:8083,8508083,47.06545778,7.60827232,extension,8508005
s-bahn-bern:S44,23,Kirchberg-Alchenflüh,ch:1:sloid:8084,8508084,47.08290015,7.58106235,extension,8508005
s-bahn-bern:S44,24,Aefligen,ch:1:sloid:8085,8508085,47.09559138,7.55925125,extension,8508005
s-bahn-bern:S44,25,Utzenstorf,ch:1:sloid:8086,8508086,47.12953395,7.5536278,extension,8508005
s-bahn-bern:S44,26,Wiler,ch:1:sloid:8087,8508087,47.15229489,7.55593647,extension,8508005
s-bahn-bern:S44,27,Gerlafingen,ch:1:sloid:8088,8508088,47.1705638,7.56528793,extension,8508005
s-bahn-bern:S44,28,Biberist Ost,ch:1:sloid:8089,8508089,47.18060261,7.56619523,extension,8508005
s-bahn-bern:S44,29,Solothurn,ch:1:sloid:207,8500207,47.20419001,7.54268632,extension,8508005
s-bahn-bern:S44,30,Burgdorf Steinhof,ch:1:sloid:8081,8508081,47.05119863,7.61953719,branch,8508005
s-bahn-bern:S44,31,Oberburg,ch:1:sloid:8080,8508080,47.03961104,7.62934679,branch,8508005
s-bahn-bern:S44,32,Hasle-Rüegsau,ch:1:sloid:8265,8508265,47.01626293,7.65532607,branch,8508005
s-bahn-bern:S44,33,Lützelflüh-Goldbach,ch:1:sloid:8266,8508266,47.00502305,7.68227553,branch,8508005
s-bahn-bern:S44,34,Ramsei,ch:1:sloid:8267,8508267,46.99687495,7.70992567,branch,8508005
s-bahn-bern:S44,35,Grünenmatt,ch:1:sloid:8271,8508271,47.00839832,7.72390346,branch,8508005
s-bahn-bern:S44,36,Sumiswald-Grünen,ch:1:sloid:8272,8508272,47.02544296,7.73715361,branch,8508005
s-bahn-bern:S45,1,Ramsei,ch:1:sloid:8267,8508267,46.99687495,7.70992567,backbone,
s-bahn-bern:S45,2,Grünenmatt,ch:1:sloid:8271,8508271,47.00839832,7.72390346,backbone,
s-bahn-bern:S45,3,Sumiswald-Grünen,ch:1:sloid:8272,8508272,47.02544296,7.73715361,backbone,
s-bahn-bern:S46,1,Solothurn,ch:1:sloid:207,8500207,47.20419001,7.54268632,backbone,
s-bahn-bern:S46,2,Gerlafingen,ch:1:sloid:8088,8508088,47.1705638,7.56528793,backbone,
s-bahn-bern:S46,3,Wiler,ch:1:sloid:8087,8508087,47.15229489,7.55593647,backbone,
s-bahn-bern:S46,4,Utzenstorf,ch:1:sloid:8086,8508086,47.12953395,7.5536278,backbone,
s-bahn-bern:S46,5,Aefligen,ch:1:sloid:8085,8508085,47.09559138,7.55925125,backbone,
s-bahn-bern:S46,6,Kirchberg-Alchenflüh,ch:1:sloid:8084,8508084,47.08290015,7.58106235,backbone,
s-bahn-bern:S46,7,Burgdorf Buchmatt,ch:1:sloid:8083,8508083,47.06545778,7.60827232,backbone,
s-bahn-bern:S46,8,Burgdorf,ch:1:sloid:8005,8508005,47.06070311,7.62169315,backbone,
s-bahn-bern:S46,9,Lyssach,ch:1:sloid:8004,8508004,47.06376279,7.58132286,backbone,
s-bahn-bern:S46,10,Hindelbank,ch:1:sloid:8003,8508003,47.0495644,7.54540821,backbone,
s-bahn-bern:S46,11,Schönbühl SBB,ch:1:sloid:8001,8508001,47.01893932,7.49892938,backbone,
s-bahn-bern:S46,12,Zollikofen,ch:1:sloid:4410,8504410,47.00182522,7.46290694,backbone,
s-bahn-bern:S46,13,Ostermundigen,ch:1:sloid:7002,8507002,46.95680257,7.48150206,backbone,
s-bahn-bern:S5,1,Neuchâtel,ch:1:sloid:4221,8504221,46.99672791,6.93570366,backbone,
s-bahn-bern:S5,2,St-Blaise-Lac,ch:1:sloid:4480,8504480,47.01210414,6.98468879,backbone,
s-bahn-bern:S5,3,Marin-Epagnier,ch:1:sloid:4481,8504481,47.00910888,7.01059621,backbone,
s-bahn-bern:S5,4,Zihlbrücke,ch:1:sloid:4490,8504490,47.00927427,7.03057474,backbone,
s-bahn-bern:S5,5,Gampelen,ch:1:sloid:4482,8504482,47.00936615,7.05644622,backbone,
s-bahn-bern:S5,6,Ins,ch:1:sloid:4483,8504483,46.99982801,7.09956535,backbone,
s-bahn-bern:S5,7,Müntschemier,ch:1:sloid:4484,8504484,46.99332126,7.14244194,backbone,
s-bahn-bern:S5,8,Kerzers,ch:1:sloid:4400,8504400,46.97507729,7.19281048,backbone,
s-bahn-bern:S5,9,Gümmenen,ch:1:sloid:4486,8504486,46.9421832,7.23441146,backbone,
s-bahn-bern:S5,10,Rosshäusern,ch:1:sloid:4487,8504487,46.9343445,7.29687132,backbone,
s-bahn-bern:S5,11,Bern Riedbach,ch:1:sloid:4488,8504488,46.94115283,7.33405259,backbone,
s-bahn-bern:S5,12,Bern Brünnen Westside,ch:1:sloid:16154,8516154,46.94403537,7.37527628,backbone,
s-bahn-bern:S5,13,Bern Bümpliz Nord,ch:1:sloid:4489,8504489,46.94582615,7.38975712,backbone,
s-bahn-bern:S5,14,Bern,ch:1:sloid:7000,8507000,46.94883109,7.43912853,backbone,
s-bahn-bern:S5,15,Galmiz,ch:1:sloid:4129,8504129,46.95087313,7.15320376,branch,8504400
s-bahn-bern:S5,16,Muntelier-Löwenberg,ch:1:sloid:4140,8504140,46.93797571,7.13326116,branch,8504400
s-bahn-bern:S5,17,Murten/Morat,ch:1:sloid:4128,8504128,46.92534513,7.11528587,branch,8504400
s-bahn-bern:S5,18,Faoug,ch:1:sloid:4127,8504127,46.90831153,7.07454727,branch,8504400
s-bahn-bern:S5,19,Avenches,ch:1:sloid:4126,8504126,46.88459905,7.04092333,branch,8504400
s-bahn-bern:S52,1,Payerne,ch:1:sloid:4134,8504134,46.8196507,6.93988083,backbone,
s-bahn-bern:S52,2,Corcelles-Nord,ch:1:sloid:4123,8504123,46.83526218,6.96029055,backbone,
s-bahn-bern:S52,3,Dompierre FR,ch:1:sloid:4124,8504124,46.85440157,6.98537151,backbone,
s-bahn-bern:S52,4,Domdidier,ch:1:sloid:4125,8504125,46.86851058,7.01138673,backbone,
s-bahn-bern:S52,5,Avenches,ch:1:sloid:4126,8504126,46.88459905,7.04092333,backbone,
s-bahn-bern:S52,6,Faoug,ch:1:sloid:4127,8504127,46.90831153,7.07454727,backbone,
s-bahn-bern:S52,7,Murten/Morat,ch:1:sloid:4128,8504128,46.92534513,7.11528587,backbone,
s-bahn-bern:S52,8,Muntelier-Löwenberg,ch:1:sloid:4140,8504140,46.93797571,7.13326116,backbone,
s-bahn-bern:S52,9,Galmiz,ch:1:sloid:4129,8504129,46.95087313,7.15320376,backbone,
s-bahn-bern:S52,10,Kerzers,ch:1:sloid:4400,8504400,46.97507729,7.19281048,backbone,
s-bahn-bern:S52,11,Gümmenen,ch:1:sloid:4486,8504486,46.9421832,7.23441146,extension,8504400
s-bahn-bern:S52,12,Rosshäusern,ch:1:sloid:4487,8504487,46.9343445,7.29687132,extension,8504400
s-bahn-bern:S52,13,Bern Riedbach,ch:1:sloid:4488,8504488,46.94115283,7.33405259,extension,8504400
s-bahn-bern:S52,14,Bern Brünnen Westside,ch:1:sloid:16154,8516154,46.94403537,7.37527628,extension,8504400
s-bahn-bern:S52,15,Bern Bümpliz Nord,ch:1:sloid:4489,8504489,46.94582615,7.38975712,extension,8504400
s-bahn-bern:S52,16,Bern,ch:1:sloid:7000,8507000,46.94883109,7.43912853,extension,8504400
s-bahn-bern:S52,17,Müntschemier,ch:1:sloid:4484,8504484,46.99332126,7.14244194,branch,8504400
s-bahn-bern:S52,18,Ins,ch:1:sloid:4483,8504483,46.99982801,7.09956535,branch,8504400
s-bahn-bern:S52,19,Gampelen,ch:1:sloid:4482,8504482,47.00936615,7.05644622,branch,8504400
s-bahn-bern:S52,20,Zihlbrücke,ch:1:sloid:4490,8504490,47.00927427,7.03057474,branch,8504400
s-bahn-bern:S52,21,Marin-Epagnier,ch:1:sloid:4481,8504481,47.00910888,7.01059621,branch,8504400
s-bahn-bern:S52,22,St-Blaise-Lac,ch:1:sloid:4480,8504480,47.01210414,6.98468879,branch,8504400
s-bahn-bern:S52,23,Neuchâtel,ch:1:sloid:4221,8504221,46.99672791,6.93570366,branch,8504400
s-bahn-bern:S6,1,Bern,ch:1:sloid:7000,8507000,46.94883109,7.43912853,backbone,
s-bahn-bern:S6,2,Bern Europaplatz,ch:1:sloid:4108,8504108,46.94420709,7.40611544,backbone,
s-bahn-bern:S6,3,Liebefeld,ch:1:sloid:7091,8507091,46.9300137,7.4189883,backbone,
s-bahn-bern:S6,4,Köniz,ch:1:sloid:7083,8507083,46.92460892,7.41490995,backbone,
s-bahn-bern:S6,5,Moos,ch:1:sloid:7084,8507084,46.9099869,7.401022,backbone,
s-bahn-bern:S6,6,Gasel,ch:1:sloid:7085,8507085,46.9009282,7.40068962,backbone,
s-bahn-bern:S6,7,Niederscherli,ch:1:sloid:7086,8507086,46.88643479,7.38806829,backbone,
s-bahn-bern:S6,8,Mittelhäusern,ch:1:sloid:7087,8507087,46.8764019,7.36772145,backbone,
s-bahn-bern:S6,9,Schwarzwasserbrücke,ch:1:sloid:7095,8507095,46.86279249,7.36237647,backbone,
s-bahn-bern:S6,10,Lanzenhäusern,ch:1:sloid:7088,8507088,46.84192949,7.34706918,backbone,
s-bahn-bern:S6,11,Schwarzenburg,ch:1:sloid:7089,8507089,46.81910975,7.34255964,backbone,
s-bahn-bern:S7,1,Bern,ch:1:sloid:7000,8507000,46.94883109,7.43912853,backbone,
s-bahn-bern:S7,2,Worblaufen,ch:1:sloid:8054,8508054,46.97884058,7.45763383,backbone,
s-bahn-bern:S7,3,Papiermühle,ch:1:sloid:7096,8507096,46.97425595,7.47658828,backbone,
s-bahn-bern:S7,4,Ittigen bei Bern,ch:1:sloid:7069,8507069,46.97331201,7.48413413,backbone,
s-bahn-bern:S7,5,Bolligen,ch:1:sloid:7068,8507068,46.9695422,7.49742021,backbone,
s-bahn-bern:S7,6,Deisswil,ch:1:sloid:7067,8507067,46.95822504,7.51326649,backbone,
s-bahn-bern:S7,7,Stettlen,ch:1:sloid:7066,8507066,46.95682096,7.52410017,backbone,
s-bahn-bern:S7,8,Boll-Utzigen,ch:1:sloid:7065,8507065,46.95301933,7.54677365,backbone,
s-bahn-bern:S7,9,Vechigen,ch:1:sloid:7064,8507064,46.94643329,7.55640359,backbone,
s-bahn-bern:S7,10,Worbboden,ch:1:sloid:89198,8589198,46.93392738,7.55952075,backbone,
s-bahn-bern:S7,11,Worb Dorf,ch:1:sloid:7063,8507063,46.92998303,7.56246722,backbone,
s-bahn-bern:S8,1,Solothurn,ch:1:sloid:207,8500207,47.20419001,7.54268632,backbone,
s-bahn-bern:S8,2,Biberist RBS,ch:1:sloid:8068,8508068,47.18386299,7.55582867,backbone,
s-bahn-bern:S8,3,Lohn-Lüterkofen,ch:1:sloid:8066,8508066,47.16299069,7.52695682,backbone,
s-bahn-bern:S8,4,Bätterkinden,ch:1:sloid:8064,8508064,47.13002288,7.53440385,backbone,
s-bahn-bern:S8,5,Schalunen,ch:1:sloid:8063,8508063,47.11016268,7.52417204,backbone,
s-bahn-bern:S8,6,Büren zum Hof,ch:1:sloid:8062,8508062,47.09595219,7.5188091,backbone,
s-bahn-bern:S8,7,Fraubrunnen,ch:1:sloid:8061,8508061,47.08658245,7.52221371,backbone,
s-bahn-bern:S8,8,Grafenried,ch:1:sloid:8060,8508060,47.08012297,7.51161359,backbone,
s-bahn-bern:S8,9,Jegenstorf,ch:1:sloid:8059,8508059,47.04761183,7.50777778,backbone,
s-bahn-bern:S8,10,Urtenen,ch:1:sloid:8058,8508058,47.02889042,7.50065414,backbone,
s-bahn-bern:S8,11,Schönbühl RBS,ch:1:sloid:8057,8508057,47.02048263,7.49780649,backbone,
s-bahn-bern:S8,12,Schönbühl Shoppyland,ch:1:sloid:8071,8508071,47.01862086,7.49362932,backbone,
s-bahn-bern:S8,13,Moosseedorf,ch:1:sloid:8056,8508056,47.01614043,7.48485278,backbone,
s-bahn-bern:S8,14,Zollikofen,ch:1:sloid:4410,8504410,47.00182522,7.46290694,backbone,
s-bahn-bern:S8,15,Oberzollikofen,ch:1:sloid:8070,8508070,46.99694847,7.46163133,backbone,
s-bahn-bern:S8,16,Worblaufen,ch:1:sloid:8054,8508054,46.97884058,7.45763383,backbone,
s-bahn-bern:S8,17,Bern,ch:1:sloid:7000,8507000,46.94883109,7.43912853,backbone,
s-bahn-bern:S9,1,Bern,ch:1:sloid:7000,8507000,46.94883109,7.43912853,backbone,
s-bahn-bern:S9,2,Bern Felsenau,ch:1:sloid:8051,8508051,46.96850009,7.44424893,backbone,
s-bahn-bern:S9,3,Bern Tiefenau,ch:1:sloid:8052,8508052,46.97274195,7.45019578,backbone,
s-bahn-bern:S9,4,Worblaufen,ch:1:sloid:8054,8508054,46.97884058,7.45763383,backbone,
s-bahn-bern:S9,5,Steinibach,ch:1:sloid:8053,8508053,46.98441761,7.45740026,backbone,
s-bahn-bern:S9,6,Unterzollikofen,ch:1:sloid:8055,8508055,46.99172815,7.45701399,backbone,
s-bahn-bern:S:8504103-8507000,1,Flamatt,ch:1:sloid:4103,8504103,46.88849149,7.31957175,backbone,
s-bahn-bern:S:8504103-8507000,2,Bern,ch:1:sloid:7000,8507000,46.94883109,7.43912853,backbone,
s-bahn-bern:S:8504400-8504483,1,Neuchâtel,ch:1:sloid:4221,8504221,46.99672791,6.93570366,backbone,
s-bahn-bern:S:8504400-8504483,2,St-Blaise-Lac,ch:1:sloid:4480,8504480,47.01210414,6.98468879,backbone,
s-bahn-bern:S:8504400-8504483,3,Marin-Epagnier,ch:1:sloid:4481,8504481,47.00910888,7.01059621,backbone,
s-bahn-bern:S:8504400-8504483,4,Zihlbrücke,ch:1:sloid:4490,8504490,47.00927427,7.03057474,backbone,
s-bahn-bern:S:8504400-8504483,5,Gampelen,ch:1:sloid:4482,8504482,47.00936615,7.05644622,backbone,
s-bahn-bern:S:8504400-8504483,6,Ins,ch:1:sloid:4483,8504483,46.99982801,7.09956535,backbone,
s-bahn-bern:S:8504400-8504483,7,Müntschemier,ch:1:sloid:4484,8504484,46.99332126,7.14244194,backbone,
s-bahn-bern:S:8504400-8504483,8,Kerzers,ch:1:sloid:4400,8504400,46.97507729,7.19281048,backbone,
s-bahn-bern:S:8504400-8504483,9,Gümmenen,ch:1:sloid:4486,8504486,46.9421832,7.23441146,backbone,
s-bahn-bern:S:8504400-8504483,10,Rosshäusern,ch:1:sloid:4487,8504487,46.9343445,7.29687132,backbone,
s-bahn-bern:S:8504400-8504483,11,Bern Riedbach,ch:1:sloid:4488,8504488,46.94115283,7.33405259,backbone,
s-bahn-bern:S:8504400-8504483,12,Bern Brünnen Westside,ch:1:sloid:16154,8516154,46.94403537,7.37527628,backbone,
s-bahn-bern:S:8504400-8504483,13,Bern Bümpliz Nord,ch:1:sloid:4489,8504489,46.94582615,7.38975712,extension,8516154
s-bahn-bern:S:8504400-8504483,14,Bern,ch:1:sloid:7000,8507000,46.94883109,7.43912853,extension,8516154
s-bahn-bern:S:8508005-8508085,1,Burgdorf,ch:1:sloid:8005,8508005,47.06070311,7.62169315,backbone,
s-bahn-bern:S:8508005-8508085,2,Burgdorf Buchmatt,ch:1:sloid:8083,8508083,47.06545778,7.60827232,backbone,
s-bahn-bern:S:8508005-8508085,3,Kirchberg-Alchenflüh,ch:1:sloid:8084,8508084,47.08290015,7.58106235,backbone,
s-bahn-bern:S:8508005-8508085,4,Aefligen,ch:1:sloid:8085,8508085,47.09559138,7.55925125,backbone,
s-bahn-luzern:RE2,1,Zug,ch:1:sloid:2204,8502204,47.17370877,8.51504973,backbone,
s-bahn-luzern:RE2,2,Arth-Goldau,ch:1:sloid:5004,8505004,47.04904413,8.54944622,backbone,
s-bahn-luzern:RE24,1,Olten,ch:1:sloid:218,8500218,47.3519337,7.90769877,backbone,
s-bahn-luzern:RE24,2,Aarburg-Oftringen,ch:1:sloid:2000,8502000,47.32027079,7.90821979,backbone,
s-bahn-luzern:RE24,3,Zofingen,ch:1:sloid:2001,8502001,47.28805267,7.94311934,backbone,
s-bahn-luzern:RE24,4,Brittnau-Wikon,ch:1:sloid:2002,8502002,47.26266762,7.95704322,backbone,
s-bahn-luzern:RE24,5,Reiden,ch:1:sloid:2003,8502003,47.2414665,7.96877522,backbone,
s-bahn-luzern:RE24,6,Dagmersellen,ch:1:sloid:2004,8502004,47.2175601,7.979025,backbone,
s-bahn-luzern:RE24,7,Nebikon,ch:1:sloid:2005,8502005,47.19237931,7.97745295,backbone,
s-bahn-luzern:RE24,8,Wauwil,ch:1:sloid:2006,8502006,47.18385688,8.019018,backbone,
s-bahn-luzern:RE24,9,St. Erhard-Knutwil,ch:1:sloid:2010,8502010,47.18008362,8.0745788,backbone,
s-bahn-luzern:RE24,10,Sursee,ch:1:sloid:2007,8502007,47.17079586,8.09789008,backbone,
s-bahn-luzern:RE24,11,Oberkirch LU,ch:1:sloid:2011,8502011,47.15523935,8.11423043,backbone,
s-bahn-luzern:RE24,12,Nottwil,ch:1:sloid:2008,8502008,47.13881059,8.13860173,backbone,
s-bahn-luzern:RE24,13,Sempach-Neuenkirch,ch:1:sloid:2009,8502009,47.11605,8.19597712,backbone,
s-bahn-luzern:RE24,14,Rothenburg Station,ch:1:sloid:2020,8502020,47.08918192,8.24755839,backbone,
s-bahn-luzern:RE24,15,Emmenbrücke Kapf,ch:1:sloid:2012,8502012,47.09091279,8.27318732,backbone,
s-bahn-luzern:RE24,16,Emmenbrücke Gersag,ch:1:sloid:2028,8502028,47.07831221,8.27681652,detour,8502020
s-bahn-luzern:RE24,17,Emmenbrücke,ch:1:sloid:2021,8502021,47.07060359,8.28256573,backbone,
s-bahn-luzern:RE24,18,Luzern,ch:1:sloid:5000,8505000,47.05017648,8.31017995,backbone,
s-bahn-luzern:RE6,1,Olten,ch:1:sloid:218,8500218,47.3519337,7.90769877,backbone,
s-bahn-luzern:RE6,2,Dulliken,ch:1:sloid:2110,8502110,47.35427677,7.946497,backbone,
s-bahn-luzern:RE6,3,Däniken SO,ch:1:sloid:2111,8502111,47.35638848,7.97877347,backbone,
s-bahn-luzern:RE6,4,Schönenwerd SO,ch:1:sloid:2112,8502112,47.37142364,8.00016236,backbone,
s-bahn-luzern:RE6,5,Aarau,ch:1:sloid:2113,8502113,47.39136249,8.0512765,backbone,
s-bahn-luzern:RE6,6,Lenzburg,ch:1:sloid:2119,8502119,47.39119829,8.1703931,backbone,
s-bahn-luzern:RE6,7,Hendschiken,ch:1:sloid:2211,8502211,47.38942855,8.20738573,detour,8502119
s-bahn-luzern:RE6,8,Dottikon-Dintikon,ch:1:sloid:2212,8502212,47.37364417,8.23471248,detour,8502119
s-bahn-luzern:RE6,9,Wohlen AG,ch:1:sloid:2213,8502213,47.34846455,8.26979169,backbone,
s-bahn-luzern:RE6,10,Muri AG,ch:1:sloid:2215,8502215,47.276669,8.33982435,backbone,
s-bahn-luzern:RE6,11,Rotkreuz,ch:1:sloid:2202,8502202,47.14176191,8.43049131,backbone,
s-bahn-luzern:RE6,12,Arth-Goldau,ch:1:sloid:5004,8505004,47.04904413,8.54944622,backbone,
s-bahn-luzern:S1,1,Sursee,ch:1:sloid:2007,8502007,47.17079586,8.09789008,backbone,
s-bahn-luzern:S1,2,Oberkirch LU,ch:1:sloid:2011,8502011,47.15523935,8.11423043,backbone,
s-bahn-luzern:S1,3,Nottwil,ch:1:sloid:2008,8502008,47.13881059,8.13860173,backbone,
s-bahn-luzern:S1,4,Sempach-Neuenkirch,ch:1:sloid:2009,8502009,47.11605,8.19597712,backbone,
s-bahn-luzern:S1,5,Rothenburg Station,ch:1:sloid:2020,8502020,47.08918192,8.24755839,backbone,
s-bahn-luzern:S1,6,Emmenbrücke Kapf,ch:1:sloid:2012,8502012,47.09091279,8.27318732,backbone,
s-bahn-luzern:S1,7,Emmenbrücke Gersag,ch:1:sloid:2028,8502028,47.07831221,8.27681652,backbone,
s-bahn-luzern:S1,8,Emmenbrücke,ch:1:sloid:2021,8502021,47.07060359,8.28256573,backbone,
s-bahn-luzern:S1,9,Luzern,ch:1:sloid:5000,8505000,47.05017648,8.31017995,backbone,
s-bahn-luzern:S1,10,Ebikon,ch:1:sloid:2200,8502200,47.08426422,8.3423576,backbone,
s-bahn-luzern:S1,11,Buchrain,ch:1:sloid:16350,8516350,47.09365272,8.35665878,backbone,
s-bahn-luzern:S1,12,Root D4,ch:1:sloid:15997,8515997,47.10482502,8.3737627,backbone,
s-bahn-luzern:S1,13,Gisikon-Root,ch:1:sloid:2201,8502201,47.12132541,8.39479226,backbone,
s-bahn-luzern:S1,14,Rotkreuz,ch:1:sloid:2202,8502202,47.14176191,8.43049131,backbone,
s-bahn-luzern:S1,15,Hünenberg Chämleten,ch:1:sloid:2306,8502306,47.16915919,8.44991289,backbone,
s-bahn-luzern:S1,16,Hünenberg Zythus,ch:1:sloid:15996,8515996,47.17360496,8.45009255,backbone,
s-bahn-luzern:S1,17,Cham,ch:1:sloid:2203,8502203,47.17824574,8.45750365,backbone,
s-bahn-luzern:S1,18,Cham Alpenblick,ch:1:sloid:15995,8515995,47.18228167,8.47146347,backbone,
s-bahn-luzern:S1,19,Zug Chollermüli,ch:1:sloid:2230,8502230,47.18023627,8.486645,backbone,
s-bahn-luzern:S1,20,Zug Schutzengel,ch:1:sloid:16187,8516187,47.17372709,8.50724337,backbone,
s-bahn-luzern:S1,21,Zug,ch:1:sloid:2204,8502204,47.17370877,8.51504973,backbone,
s-bahn-luzern:S1,22,Baar Lindenpark,ch:1:sloid:15993,8515993,47.18313644,8.51706196,backbone,
s-bahn-luzern:S1,23,Baar Neufeld,ch:1:sloid:15992,8515992,47.18849066,8.51778061,backbone,
s-bahn-luzern:S1,24,Baar,ch:1:sloid:2206,8502206,47.19536428,8.52326931,backbone,
s-bahn-luzern:S2,1,Erstfeld,ch:1:sloid:5114,8505114,46.82033918,8.65045279,backbone,
s-bahn-luzern:S2,2,Altdorf UR,ch:1:sloid:5113,8505113,46.87573871,8.63157919,backbone,
s-bahn-luzern:S2,3,Flüelen,ch:1:sloid:5112,8505112,46.90173226,8.62430283,backbone,
s-bahn-luzern:S2,4,Sisikon,ch:1:sloid:5111,8505111,46.94925422,8.62074551,backbone,
s-bahn-luzern:S2,5,Brunnen,ch:1:sloid:5007,8505007,46.99917247,8.61006454,backbone,
s-bahn-luzern:S2,6,Schwyz,ch:1:sloid:5006,8505006,47.02639823,8.63215411,backbone,
s-bahn-luzern:S2,7,Steinen,ch:1:sloid:5005,8505005,47.04766692,8.60745044,backbone,
s-bahn-luzern:S2,8,Arth-Goldau,ch:1:sloid:5004,8505004,47.04904413,8.54944622,backbone,
s-bahn-luzern:S2,9,Walchwil,ch:1:sloid:2205,8502205,47.09868574,8.51693619,backbone,
s-bahn-luzern:S2,10,Walchwil Hörndli,ch:1:sloid:17112,8517112,47.108463,8.50478199,backbone,
s-bahn-luzern:S2,11,Zug Oberwil,ch:1:sloid:2231,8502231,47.14768239,8.50993832,backbone,
s-bahn-luzern:S2,12,Zug Fridbach,ch:1:sloid:15994,8515994,47.15658324,8.5122919,backbone,
s-bahn-luzern:S2,13,Zug Casino,ch:1:sloid:17527,8517527,47.16231883,8.51520244,backbone,
s-bahn-luzern:S2,14,Zug Postplatz,ch:1:sloid:2300,8502300,47.16827366,8.51693619,backbone,
s-bahn-luzern:S2,15,Zug,ch:1:sloid:2204,8502204,47.17370877,8.51504973,backbone,
s-bahn-luzern:S2,16,Baar Lindenpark,ch:1:sloid:15993,8515993,47.18313644,8.51706196,backbone,
s-bahn-luzern:S3,1,Luzern,ch:1:sloid:5000,8505000,47.05017648,8.31017995,backbone,
s-bahn-luzern:S3,2,Luzern Verkehrshaus,ch:1:sloid:17336,8517336,47.05393448,8.33730008,backbone,
s-bahn-luzern:S3,3,Meggen Zentrum,ch:1:sloid:5018,8505018,47.04519396,8.37439152,backbone,
s-bahn-luzern:S3,4,Meggen,ch:1:sloid:5001,8505001,47.05014587,8.38306027,backbone,
s-bahn-luzern:S3,5,Merlischachen,ch:1:sloid:5011,8505011,47.06766056,8.40905751,backbone,
s-bahn-luzern:S3,6,Küssnacht am Rigi,ch:1:sloid:5002,8505002,47.08359136,8.43351863,backbone,
s-bahn-luzern:S3,7,Immensee,ch:1:sloid:5003,8505003,47.09161614,8.46266897,backbone,
s-bahn-luzern:S3,8,Arth-Goldau,ch:1:sloid:5004,8505004,47.04904413,8.54944622,backbone,
s-bahn-luzern:S3,9,Steinen,ch:1:sloid:5005,8505005,47.04766692,8.60745044,backbone,
s-bahn-luzern:S3,10,Schwyz,ch:1:sloid:5006,8505006,47.02639823,8.63215411,backbone,
s-bahn-luzern:S3,11,Brunnen,ch:1:sloid:5007,8505007,46.99917247,8.61006454,backbone,
s-bahn-luzern:S3,12,Sisikon,ch:1:sloid:5111,8505111,46.94925422,8.62074551,backbone,
s-bahn-luzern:S3,13,Flüelen,ch:1:sloid:5112,8505112,46.90173226,8.62430283,backbone,
s-bahn-luzern:S3,14,Altdorf UR,ch:1:sloid:5113,8505113,46.87573871,8.63157919,backbone,
s-bahn-luzern:S3,15,Erstfeld,ch:1:sloid:5114,8505114,46.82033918,8.65045279,backbone,
s-bahn-luzern:S31,1,Biberbrugg,ch:1:sloid:3284,8503284,47.15638166,8.72271327,backbone,
s-bahn-luzern:S31,2,Altmatt,ch:1:sloid:3292,8503292,47.13165465,8.69615009,backbone,
s-bahn-luzern:S31,3,Rothenthurm,ch:1:sloid:3282,8503282,47.10579721,8.67467137,backbone,
s-bahn-luzern:S31,4,Biberegg,ch:1:sloid:3290,8503290,47.09360991,8.66944318,backbone,
s-bahn-luzern:S31,5,Sattel,ch:1:sloid:5350,8505350,47.08162168,8.63394176,backbone,
s-bahn-luzern:S31,6,Steinerberg,ch:1:sloid:3280,8503280,47.05221465,8.58528002,backbone,
s-bahn-luzern:S31,7,Arth-Goldau,ch:1:sloid:5004,8505004,47.04904413,8.54944622,backbone,
s-bahn-luzern:S4,1,Luzern,ch:1:sloid:5000,8505000,47.05017648,8.31017995,backbone,
s-bahn-luzern:S4,2,Luzern Allmend/Messe,ch:1:sloid:8321,8508321,47.03506835,8.30323597,backbone,
s-bahn-luzern:S4,3,Kriens Mattenhof,ch:1:sloid:16351,8516351,47.02657581,8.30233765,backbone,
s-bahn-luzern:S4,4,Horw,ch:1:sloid:8319,8508319,47.01748171,8.30699093,backbone,
s-bahn-luzern:S4,5,Hergiswil Matt,ch:1:sloid:8320,8508320,46.99407491,8.31259641,backbone,
s-bahn-luzern:S4,6,Hergiswil NW,ch:1:sloid:8318,8508318,46.98261586,8.31017995,backbone,
s-bahn-luzern:S4,7,Stansstad,ch:1:sloid:8390,8508390,46.97626637,8.33637482,backbone,
s-bahn-luzern:S4,8,Stans,ch:1:sloid:8391,8508391,46.95839672,8.36657618,backbone,
s-bahn-luzern:S4,9,Dallenwil,ch:1:sloid:8392,8508392,46.93378016,8.39196257,backbone,
s-bahn-luzern:S4,10,Wolfenschiessen,ch:1:sloid:8394,8508394,46.90782056,8.39480125,backbone,
s-bahn-luzern:S41,1,Luzern,ch:1:sloid:5000,8505000,47.05017648,8.31017995,backbone,
s-bahn-luzern:S41,2,Luzern Allmend/Messe,ch:1:sloid:8321,8508321,47.03506835,8.30323597,backbone,
s-bahn-luzern:S41,3,Kriens Mattenhof,ch:1:sloid:16351,8516351,47.02657581,8.30233765,backbone,
s-bahn-luzern:S41,4,Horw,ch:1:sloid:8319,8508319,47.01748171,8.30699093,backbone,
s-bahn-luzern:S44,1,Luzern,ch:1:sloid:5000,8505000,47.05017648,8.31017995,backbone,
s-bahn-luzern:S44,2,Hergiswil NW,ch:1:sloid:8318,8508318,46.98261586,8.31017995,backbone,
s-bahn-luzern:S44,3,Stansstad,ch:1:sloid:8390,8508390,46.97626637,8.33637482,backbone,
s-bahn-luzern:S44,4,Stans,ch:1:sloid:8391,8508391,46.95839672,8.36657618,backbone,
s-bahn-luzern:S44,5,Dallenwil,ch:1:sloid:8392,8508392,46.93378016,8.39196257,backbone,
s-bahn-luzern:S44,6,Niederrickenbach Station,ch:1:sloid:8384,8508384,46.92812424,8.39593312,backbone,
s-bahn-luzern:S44,7,Wolfenschiessen,ch:1:sloid:8394,8508394,46.90782056,8.39480125,backbone,
s-bahn-luzern:S5,1,Luzern,ch:1:sloid:5000,8505000,47.05017648,8.31017995,backbone,
s-bahn-luzern:S5,2,Luzern Allmend/Messe,ch:1:sloid:8321,8508321,47.03506835,8.30323597,backbone,
s-bahn-luzern:S5,3,Kriens Mattenhof,ch:1:sloid:16351,8516351,47.02657581,8.30233765,backbone,
s-bahn-luzern:S5,4,Horw,ch:1:sloid:8319,8508319,47.01748171,8.30699093,backbone,
s-bahn-luzern:S5,5,Hergiswil Matt,ch:1:sloid:8320,8508320,46.99407491,8.31259641,backbone,
s-bahn-luzern:S5,6,Hergiswil NW,ch:1:sloid:8318,8508318,46.98261586,8.31017995,backbone,
s-bahn-luzern:S5,7,Alpnachstad,ch:1:sloid:8317,8508317,46.95504281,8.27784958,backbone,
s-bahn-luzern:S5,8,Alpnach Dorf,ch:1:sloid:8316,8508316,46.94058857,8.27534328,backbone,
s-bahn-luzern:S5,9,Sarnen Nord,ch:1:sloid:8323,8508323,46.90018552,8.24913044,backbone,
s-bahn-luzern:S5,10,Sarnen,ch:1:sloid:8314,8508314,46.89460585,8.24749551,backbone,
s-bahn-luzern:S5,11,Sachseln,ch:1:sloid:8313,8508313,46.87096101,8.23830574,backbone,
s-bahn-luzern:S5,12,Ewil Maxon,ch:1:sloid:8327,8508327,46.86068567,8.2185967,backbone,
s-bahn-luzern:S5,13,Giswil,ch:1:sloid:8312,8508312,46.83653426,8.18632023,backbone,
s-bahn-luzern:S55,1,Luzern,ch:1:sloid:5000,8505000,47.05017648,8.31017995,backbone,
s-bahn-luzern:S55,2,Hergiswil NW,ch:1:sloid:8318,8508318,46.98261586,8.31017995,backbone,
s-bahn-luzern:S55,3,Alpnach Dorf,ch:1:sloid:8316,8508316,46.94058857,8.27534328,backbone,
s-bahn-luzern:S55,4,Sarnen Nord,ch:1:sloid:8323,8508323,46.90018552,8.24913044,backbone,
s-bahn-luzern:S55,5,Sarnen,ch:1:sloid:8314,8508314,46.89460585,8.24749551,backbone,
s-bahn-luzern:S55,6,Sachseln,ch:1:sloid:8313,8508313,46.87096101,8.23830574,backbone,
s-bahn-luzern:S6,1,Langenthal,ch:1:sloid:8100,8508100,47.21730383,7.7847194,backbone,
s-bahn-luzern:S6,2,Langenthal Süd,ch:1:sloid:8181,8508181,47.20533737,7.78019189,backbone,
s-bahn-luzern:S6,3,Lotzwil,ch:1:sloid:8182,8508182,47.18949185,7.78859114,backbone,
s-bahn-luzern:S6,4,Gutenburg,ch:1:sloid:8174,8508174,47.18179322,7.79328933,backbone,
s-bahn-luzern:S6,5,Madiswil,ch:1:sloid:8183,8508183,47.1670461,7.79579563,backbone,
s-bahn-luzern:S6,6,Lindenholz,ch:1:sloid:8184,8508184,47.15456129,7.79046862,backbone,
s-bahn-luzern:S6,7,Kleindietwil,ch:1:sloid:8185,8508185,47.14630772,7.79097168,backbone,
s-bahn-luzern:S6,8,Rohrbach,ch:1:sloid:8186,8508186,47.1372646,7.81347448,backbone,
s-bahn-luzern:S6,9,Huttwil,ch:1:sloid:8187,8508187,47.11449111,7.84260684,backbone,
s-bahn-luzern:S6,10,Hüswil,ch:1:sloid:8292,8508292,47.12857442,7.9058662,backbone,
s-bahn-luzern:S6,11,Zell LU,ch:1:sloid:8293,8508293,47.13675129,7.92638372,backbone,
s-bahn-luzern:S6,12,Gettnau,ch:1:sloid:8294,8508294,47.1400938,7.97014066,backbone,
s-bahn-luzern:S6,13,Willisau,ch:1:sloid:8295,8508295,47.12271905,7.99672181,backbone,
s-bahn-luzern:S6,14,Menznau,ch:1:sloid:8297,8508297,47.08342621,8.04088299,backbone,
s-bahn-luzern:S6,15,Wolhusen Weid,ch:1:sloid:16354,8516354,47.06554344,8.06917094,backbone,
s-bahn-luzern:S6,16,Wolhusen,ch:1:sloid:8215,8508215,47.05548902,8.07975309,backbone,
s-bahn-luzern:S6,17,Werthenstein,ch:1:sloid:8216,8508216,47.05702515,8.10186063,extension,8508215
s-bahn-luzern:S6,18,Schachen LU,ch:1:sloid:8217,8508217,47.03797033,8.143255,extension,8508215
s-bahn-luzern:S6,19,Malters,ch:1:sloid:8218,8508218,47.03858254,8.18197239,extension,8508215
s-bahn-luzern:S6,20,Luzern Littau,ch:1:sloid:8219,8508219,47.05306539,8.25711646,extension,8508215
s-bahn-luzern:S6,21,Luzern,ch:1:sloid:5000,8505000,47.05017648,8.31017995,extension,8508215
s-bahn-luzern:S6,22,Entlebuch,ch:1:sloid:8213,8508213,46.99369502,8.06236171,branch,8508215
s-bahn-luzern:S6,23,Hasle LU,ch:1:sloid:8212,8508212,46.97815414,8.04698255,branch,8508215
s-bahn-luzern:S6,24,Schüpfheim,ch:1:sloid:8211,8508211,46.95064624,8.01515524,branch,8508215
s-bahn-luzern:S6,25,Escholzmatt,ch:1:sloid:8210,8508210,46.9153502,7.93638197,branch,8508215
s-bahn-luzern:S6,26,Trubschachen,ch:1:sloid:8208,8508208,46.92170079,7.8461462,branch,8508215
s-bahn-luzern:S6,27,Langnau i.E.,ch:1:sloid:8207,8508207,46.93923922,7.78419838,branch,8508215
s-bahn-luzern:S7,1,Langenthal,ch:1:sloid:8100,8508100,47.21730383,7.7847194,backbone,
s-bahn-luzern:S7,2,Langenthal Süd,ch:1:sloid:8181,8508181,47.20533737,7.78019189,backbone,
s-bahn-luzern:S7,3,Lotzwil,ch:1:sloid:8182,8508182,47.18949185,7.78859114,backbone,
s-bahn-luzern:S7,4,Gutenburg,ch:1:sloid:8174,8508174,47.18179322,7.79328933,backbone,
s-bahn-luzern:S7,5,Madiswil,ch:1:sloid:8183,8508183,47.1670461,7.79579563,backbone,
s-bahn-luzern:S7,6,Lindenholz,ch:1:sloid:8184,8508184,47.15456129,7.79046862,backbone,
s-bahn-luzern:S7,7,Kleindietwil,ch:1:sloid:8185,8508185,47.14630772,7.79097168,backbone,
s-bahn-luzern:S7,8,Rohrbach,ch:1:sloid:8186,8508186,47.1372646,7.81347448,backbone,
s-bahn-luzern:S7,9,Huttwil,ch:1:sloid:8187,8508187,47.11449111,7.84260684,backbone,
s-bahn-luzern:S7,10,Hüswil,ch:1:sloid:8292,8508292,47.12857442,7.9058662,backbone,
s-bahn-luzern:S7,11,Zell LU,ch:1:sloid:8293,8508293,47.13675129,7.92638372,backbone,
s-bahn-luzern:S7,12,Gettnau,ch:1:sloid:8294,8508294,47.1400938,7.97014066,backbone,
s-bahn-luzern:S7,13,Willisau,ch:1:sloid:8295,8508295,47.12271905,7.99672181,backbone,
s-bahn-luzern:S7,14,Menznau,ch:1:sloid:8297,8508297,47.08342621,8.04088299,backbone,
s-bahn-luzern:S7,15,Wolhusen Weid,ch:1:sloid:16354,8516354,47.06554344,8.06917094,backbone,
s-bahn-luzern:S7,16,Wolhusen,ch:1:sloid:8215,8508215,47.05548902,8.07975309,backbone,
s-bahn-luzern:S77,1,Luzern,ch:1:sloid:5000,8505000,47.05017648,8.31017995,backbone,
s-bahn-luzern:S77,2,Luzern Littau,ch:1:sloid:8219,8508219,47.05306539,8.25711646,backbone,
s-bahn-luzern:S77,3,Malters,ch:1:sloid:8218,8508218,47.03858254,8.18197239,backbone,
s-bahn-luzern:S77,4,Wolhusen,ch:1:sloid:8215,8508215,47.05548902,8.07975309,backbone,
s-bahn-luzern:S77,5,Menznau,ch:1:sloid:8297,8508297,47.08342621,8.04088299,backbone,
s-bahn-luzern:S77,6,Willisau,ch:1:sloid:8295,8508295,47.12271905,7.99672181,backbone,
s-bahn-luzern:S77,7,Gettnau,ch:1:sloid:8294,8508294,47.1400938,7.97014066,backbone,
s-bahn-luzern:S77,8,Zell LU,ch:1:sloid:8293,8508293,47.13675129,7.92638372,backbone,
s-bahn-luzern:S9,1,Lenzburg,ch:1:sloid:2119,8502119,47.39119829,8.1703931,backbone,
s-bahn-luzern:S9,2,Seon Nord,ch:1:sloid:2043,8502043,47.35315698,8.16025113,backbone,
s-bahn-luzern:S9,3,Seon,ch:1:sloid:2030,8502030,47.34615166,8.15880484,backbone,
s-bahn-luzern:S9,4,Hallwil,ch:1:sloid:2031,8502031,47.32863734,8.17594469,backbone,
s-bahn-luzern:S9,5,Boniswil,ch:1:sloid:2032,8502032,47.3150395,8.18455954,backbone,
s-bahn-luzern:S9,6,Birrwil,ch:1:sloid:2033,8502033,47.28785769,8.19901343,backbone,
s-bahn-luzern:S9,7,Beinwil am See,ch:1:sloid:2034,8502034,47.26722137,8.20223838,backbone,
s-bahn-luzern:S9,8,Mosen,ch:1:sloid:2029,8502029,47.24429015,8.22415727,backbone,
s-bahn-luzern:S9,9,Ermensee,ch:1:sloid:2019,8502019,47.2296885,8.24231223,backbone,
s-bahn-luzern:S9,10,Hitzkirch,ch:1:sloid:2027,8502027,47.22267291,8.25200505,backbone,
s-bahn-luzern:S9,11,Gelfingen,ch:1:sloid:2026,8502026,47.21355736,8.26482401,backbone,
s-bahn-luzern:S9,12,Baldegg,ch:1:sloid:2025,8502025,47.18568846,8.28023011,backbone,
s-bahn-luzern:S9,13,Baldegg Kloster,ch:1:sloid:16353,8516353,47.18061482,8.28059842,backbone,
s-bahn-luzern:S9,14,Hochdorf,ch:1:sloid:2024,8502024,47.16697282,8.28870123,backbone,
s-bahn-luzern:S9,15,Hochdorf Schönau,ch:1:sloid:2042,8502042,47.16456648,8.29873541,backbone,
s-bahn-luzern:S9,16,Ballwil,ch:1:sloid:2023,8502023,47.15376714,8.31689934,backbone,
s-bahn-luzern:S9,17,Eschenbach LU,ch:1:sloid:2022,8502022,47.13239412,8.32279229,backbone,
s-bahn-luzern:S9,18,Waldibrücke,ch:1:sloid:2017,8502017,47.10790051,8.31971107,backbone,
s-bahn-luzern:S9,19,Emmenbrücke Gersag,ch:1:sloid:2028,8502028,47.07831221,8.27681652,backbone,
s-bahn-luzern:S9,20,Emmenbrücke,ch:1:sloid:2021,8502021,47.07060359,8.28256573,backbone,
s-bahn-luzern:S9,21,Luzern,ch:1:sloid:5000,8505000,47.05017648,8.31017995,backbone,
s-bahn-luzern:S99,1,Hochdorf,ch:1:sloid:2024,8502024,47.16697282,8.28870123,backbone,
s-bahn-luzern:S99,2,Hochdorf Schönau,ch:1:sloid:2042,8502042,47.16456648,8.29873541,backbone,
s-bahn-luzern:S99,3,Ballwil,ch:1:sloid:2023,8502023,47.15376714,8.31689934,backbone,
s-bahn-luzern:S99,4,Eschenbach LU,ch:1:sloid:2022,8502022,47.13239412,8.32279229,backbone,
s-bahn-luzern:S99,5,Waldibrücke,ch:1:sloid:2017,8502017,47.10790051,8.31971107,backbone,
s-bahn-luzern:S99,6,Emmenbrücke,ch:1:sloid:2021,8502021,47.07060359,8.28256573,backbone,
s-bahn-luzern:S99,7,Luzern,ch:1:sloid:5000,8505000,47.05017648,8.31017995,backbone,
s-bahn-luzern:SN1,1,Olten,ch:1:sloid:218,8500218,47.3519337,7.90769877,backbone,
s-bahn-luzern:SN1,2,Aarburg-Oftringen,ch:1:sloid:2000,8502000,47.32027079,7.90821979,backbone,
s-bahn-luzern:SN1,3,Zofingen,ch:1:sloid:2001,8502001,47.28805267,7.94311934,backbone,
s-bahn-luzern:SN1,4,Brittnau-Wikon,ch:1:sloid:2002,8502002,47.26266762,7.95704322,backbone,
s-bahn-luzern:SN1,5,Reiden,ch:1:sloid:2003,8502003,47.2414665,7.96877522,backbone,
s-bahn-luzern:SN1,6,Dagmersellen,ch:1:sloid:2004,8502004,47.2175601,7.979025,backbone,
s-bahn-luzern:SN1,7,Nebikon,ch:1:sloid:2005,8502005,47.19237931,7.97745295,backbone,
s-bahn-luzern:SN1,8,Wauwil,ch:1:sloid:2006,8502006,47.18385688,8.019018,backbone,
s-bahn-luzern:SN1,9,Sursee,ch:1:sloid:2007,8502007,47.17079586,8.09789008,backbone,
s-bahn-luzern:SN1,10,Oberkirch LU,ch:1:sloid:2011,8502011,47.15523935,8.11423043,backbone,
s-bahn-luzern:SN1,11,Nottwil,ch:1:sloid:2008,8502008,47.13881059,8.13860173,backbone,
s-bahn-luzern:SN1,12,Sempach-Neuenkirch,ch:1:sloid:2009,8502009,47.11605,8.19597712,backbone,
s-bahn-luzern:SN1,13,Rothenburg Station,ch:1:sloid:2020,8502020,47.08918192,8.24755839,backbone,
s-bahn-luzern:SN1,14,Emmenbrücke Kapf,ch:1:sloid:2012,8502012,47.09091279,8.27318732,backbone,
s-bahn-luzern:SN1,15,Emmenbrücke Gersag,ch:1:sloid:2028,8502028,47.07831221,8.27681652,backbone,
s-bahn-luzern:SN1,16,Emmenbrücke,ch:1:sloid:2021,8502021,47.07060359,8.28256573,backbone,
s-bahn-luzern:SN1,17,Luzern,ch:1:sloid:5000,8505000,47.05017648,8.31017995,backbone,
s-bahn-schaffhausen:RB-62N,1,Thayngen,ch:1:sloid:3461,8503461,47.7456265,8.7021688,backbone,
s-bahn-schaffhausen:RB-62N,2,Herblingen,ch:1:sloid:3462,8503462,47.71721037,8.6643138,backbone,
s-bahn-schaffhausen:S62,1,Schaffhausen,ch:1:sloid:3424,8503424,47.69828386,8.63275598,backbone,
s-bahn-schaffhausen:S62,2,Herblingen,ch:1:sloid:3462,8503462,47.71721037,8.6643138,backbone,
s-bahn-schaffhausen:S62,3,Thayngen,ch:1:sloid:3461,8503461,47.7456265,8.7021688,backbone,
s-bahn-schaffhausen:S64,1,Schaffhausen,ch:1:sloid:3424,8503424,47.69828386,8.63275598,backbone,
s-bahn-schaffhausen:S64,2,Neuhausen Bad Bf,ch:1:sloid:3463,8503463,47.68212047,8.61289423,backbone,
s-bahn-schaffhausen:S64,3,Beringerfeld,ch:1:sloid:18243,8518243,47.69536962,8.59217908,backbone,
s-bahn-schaffhausen:S64,4,Beringen Bad Bf,ch:1:sloid:3464,8503464,47.69489801,8.57440142,backbone,
s-bahn-schaffhausen:S64,5,Neunkirch,ch:1:sloid:3465,8503465,47.68920202,8.4948017,backbone,
s-bahn-schaffhausen:S64,6,Wilchingen-Hallau,ch:1:sloid:3466,8503466,47.67950169,8.46399847,backbone,
s-bahn-schaffhausen:S64,7,Trasadingen,ch:1:sloid:3467,8503467,47.66560118,8.43739936,backbone,
s-bahn-schaffhausen:S65,1,Bülach,ch:1:sloid:3400,8503400,47.52394788,8.53620505,backbone,
s-bahn-schaffhausen:S65,2,Glattfelden,ch:1:sloid:3401,8503401,47.54855859,8.52405085,backbone,
s-bahn-schaffhausen:S65,3,Eglisau,ch:1:sloid:3402,8503402,47.57237594,8.5165589,backbone,
s-bahn-schaffhausen:S65,4,Hüntwangen-Wil,ch:1:sloid:3403,8503403,47.58126602,8.51284886,backbone,
s-bahn-schaffhausen:S65,5,Rafz,ch:1:sloid:3404,8503404,47.60379656,8.54345446,backbone,
s-bahn-schaffhausen:S65,6,Lottstetten,ch:1:sloid:3420,8503420,47.62573619,8.56681964,backbone,
s-bahn-schaffhausen:S65,7,Jestetten,ch:1:sloid:3421,8503421,47.65440187,8.57329649,backbone,
s-bahn-schaffhausen:S65,8,Neuhausen Rheinfall,ch:1:sloid:18924,8518924,47.67980409,8.61694563,backbone,
s-bahn-schaffhausen:S65,9,Neuhausen,ch:1:sloid:3423,8503423,47.68313045,8.62493166,backbone,
s-bahn-schaffhausen:S65,10,Schaffhausen,ch:1:sloid:3424,8503424,47.69828386,8.63275598,backbone,
s-bahn-schaffhausen:SN62,1,Schaffhausen,ch:1:sloid:3424,8503424,47.69828386,8.63275598,backbone,
s-bahn-schaffhausen:SN62,2,Herblingen,ch:1:sloid:3462,8503462,47.71721037,8.6643138,backbone,
s-bahn-schaffhausen:SN62,3,Thayngen,ch:1:sloid:3461,8503461,47.7456265,8.7021688,extension,8503462
s-bahn-schaffhausen:SN65,1,Bülach,ch:1:sloid:3400,8503400,47.52394788,8.53620505,backbone,
s-bahn-schaffhausen:SN65,2,Glattfelden,ch:1:sloid:3401,8503401,47.54855859,8.52405085,backbone,
s-bahn-schaffhausen:SN65,3,Eglisau,ch:1:sloid:3402,8503402,47.57237594,8.5165589,backbone,
s-bahn-schaffhausen:SN65,4,Hüntwangen-Wil,ch:1:sloid:3403,8503403,47.58126602,8.51284886,backbone,
s-bahn-schaffhausen:SN65,5,Rafz,ch:1:sloid:3404,8503404,47.60379656,8.54345446,backbone,
s-bahn-schaffhausen:SN65,6,Lottstetten,ch:1:sloid:3420,8503420,47.62573619,8.56681964,backbone,
s-bahn-schaffhausen:SN65,7,Jestetten,ch:1:sloid:3421,8503421,47.65440187,8.57329649,backbone,
s-bahn-schaffhausen:SN65,8,Neuhausen Rheinfall,ch:1:sloid:18924,8518924,47.67980409,8.61694563,backbone,
s-bahn-schaffhausen:SN65,9,Schaffhausen,ch:1:sloid:3424,8503424,47.69828386,8.63275598,backbone,
s-bahn-st-gallen:RE1,1,Altnau,ch:1:sloid:6125,8506125,47.6213708,9.26591554,extension,8506128
s-bahn-st-gallen:RE1,2,Kreuzlingen Hafen,ch:1:sloid:6128,8506128,47.64916139,9.18198595,backbone,
s-bahn-st-gallen:RE1,3,Romanshorn,ch:1:sloid:6121,8506121,47.56552099,9.37937276,backbone,
s-bahn-st-gallen:RE1,4,St. Gallen,ch:1:sloid:6302,8506302,47.42317725,9.36989554,backbone,
s-bahn-st-gallen:RE1,5,St. Gallen Haggen,ch:1:sloid:6392,8506392,47.4077556,9.33814908,detour,8506302
s-bahn-st-gallen:RE1,6,Herisau,ch:1:sloid:6290,8506290,47.39016443,9.27681211,backbone,
s-bahn-st-gallen:RE1,7,Kreuzlingen,ch:1:sloid:6131,8506131,47.65255022,9.16907716,branch,8506128
s-bahn-st-gallen:RE13,1,Zürich HB,ch:1:sloid:3000,8503000,47.3781762,8.54021154,backbone,
s-bahn-st-gallen:RE13,2,Zürich Flughafen,ch:1:sloid:3016,8503016,47.45038663,8.56239993,backbone,
s-bahn-st-gallen:RE13,3,Winterthur,ch:1:sloid:6000,8506000,47.50033307,8.7238182,backbone,
s-bahn-st-gallen:RE13,4,Wil SG,ch:1:sloid:6206,8506206,47.46241308,9.04099536,backbone,
s-bahn-st-gallen:RE13,5,Uzwil,ch:1:sloid:6208,8506208,47.43644343,9.13098859,backbone,
s-bahn-st-gallen:RE13,6,Flawil,ch:1:sloid:6209,8506209,47.41519041,9.18978332,backbone,
s-bahn-st-gallen:RE13,7,Gossau SG,ch:1:sloid:6210,8506210,47.41183485,9.25305167,backbone,
s-bahn-st-gallen:RE13,8,St. Gallen Winkeln,ch:1:sloid:6300,8506300,47.4039314,9.30086001,backbone,
s-bahn-st-gallen:RE13,9,St. Gallen Bruggen,ch:1:sloid:6301,8506301,47.40720236,9.32965101,backbone,
s-bahn-st-gallen:RE13,10,St. Gallen,ch:1:sloid:6302,8506302,47.42317725,9.36989554,backbone,
s-bahn-st-gallen:RE13,11,St. Gallen St. Fiden,ch:1:sloid:6303,8506303,47.43454152,9.39344038,detour,8506302
s-bahn-st-gallen:RE13,12,Mörschwil,ch:1:sloid:6304,8506304,47.47477074,9.41438011,detour,8506302
s-bahn-st-gallen:RE13,13,Goldach,ch:1:sloid:6305,8506305,47.47379924,9.46699444,detour,8506302
s-bahn-st-gallen:RE13,14,Rorschach Stadt,ch:1:sloid:6322,8506322,47.47559044,9.48936249,detour,8506302
s-bahn-st-gallen:RE13,15,Rorschach,ch:1:sloid:6311,8506311,47.47800087,9.5051369,extension,8506302
s-bahn-st-gallen:RE13,16,St. Margrethen SG,ch:1:sloid:6314,8506314,47.45321734,9.63825825,extension,8506302
s-bahn-st-gallen:RE13,17,Heerbrugg,ch:1:sloid:6317,8506317,47.41039408,9.6272449,extension,8506302
s-bahn-st-gallen:RE13,18,Rebstein-Marbach,ch:1:sloid:6318,8506318,47.39263959,9.58675783,detour,8506317
s-bahn-st-gallen:RE13,19,Altstätten SG,ch:1:sloid:6319,8506319,47.37423427,9.55652054,extension,8506302
s-bahn-st-gallen:RE13,20,Buchs SG,ch:1:sloid:9404,8509404,47.16841413,9.4786366,extension,8506302
s-bahn-st-gallen:RE13,21,Sevelen,ch:1:sloid:9406,8509406,47.12537788,9.4938361,detour,8509404
s-bahn-st-gallen:RE13,22,Sargans,ch:1:sloid:9411,8509411,47.04482056,9.44626132,extension,8506302
s-bahn-st-gallen:RE15,1,Rapperswil SG,ch:1:sloid:3110,8503110,47.2248875,8.81674892,backbone,
s-bahn-st-gallen:RE15,2,Pfäffikon SZ,ch:1:sloid:3209,8503209,47.20299991,8.77813034,backbone,
s-bahn-st-gallen:RE15,3,Ziegelbrücke,ch:1:sloid:3225,8503225,47.13615854,9.06004863,backbone,
s-bahn-st-gallen:RE15,4,Unterterzen,ch:1:sloid:9416,8509416,47.11385532,9.25501898,backbone,
s-bahn-st-gallen:RE15,5,Sargans,ch:1:sloid:9411,8509411,47.04482056,9.44626132,backbone,
s-bahn-st-gallen:RE15,6,Bad Ragaz,ch:1:sloid:9004,8509004,47.01030945,9.50522673,backbone,
s-bahn-st-gallen:RE15,7,Landquart,ch:1:sloid:9002,8509002,46.96743957,9.55404119,backbone,
s-bahn-st-gallen:RE15,8,Chur,ch:1:sloid:9000,8509000,46.85308692,9.52893328,backbone,
s-bahn-st-gallen:RE35,1,Ziegelbrücke,ch:1:sloid:3225,8503225,47.13615854,9.06004863,backbone,
s-bahn-st-gallen:RE35,2,Unterterzen,ch:1:sloid:9416,8509416,47.11385532,9.25501898,backbone,
s-bahn-st-gallen:RE35,3,Walenstadt,ch:1:sloid:9414,8509414,47.11987671,9.31297828,backbone,
s-bahn-st-gallen:RE35,4,Flums,ch:1:sloid:9413,8509413,47.09661878,9.34793173,backbone,
s-bahn-st-gallen:RE35,5,Sargans,ch:1:sloid:9411,8509411,47.04482056,9.44626132,backbone,
s-bahn-st-gallen:RE35,6,Bad Ragaz,ch:1:sloid:9004,8509004,47.01030945,9.50522673,backbone,
s-bahn-st-gallen:RE35,7,Maienfeld,ch:1:sloid:9003,8509003,47.00384073,9.52921175,backbone,
s-bahn-st-gallen:RE35,8,Landquart,ch:1:sloid:9002,8509002,46.96743957,9.55404119,backbone,
s-bahn-st-gallen:RE35,9,Chur,ch:1:sloid:9000,8509000,46.85308692,9.52893328,backbone,
s-bahn-st-gallen:RE75,1,Zürich HB,ch:1:sloid:3000,8503000,47.3781762,8.54021154,extension,8506000
s-bahn-st-gallen:RE75,2,Zürich Flughafen,ch:1:sloid:3016,8503016,47.45038663,8.56239993,extension,8506000
s-bahn-st-gallen:RE75,3,Winterthur,ch:1:sloid:6000,8506000,47.50033307,8.7238182,backbone,
s-bahn-st-gallen:RE75,4,Frauenfeld,ch:1:sloid:6100,8506100,47.558162,8.89656423,backbone,
s-bahn-st-gallen:RE75,5,Weinfelden,ch:1:sloid:6105,8506105,47.56622411,9.10636577,backbone,
s-bahn-st-gallen:RE75,6,Amriswil,ch:1:sloid:6109,8506109,47.55045031,9.30222545,backbone,
s-bahn-st-gallen:RE75,7,Romanshorn,ch:1:sloid:6121,8506121,47.56552099,9.37937276,backbone,
s-bahn-st-gallen:RE75,8,Kreuzlingen,ch:1:sloid:6131,8506131,47.65255022,9.16907716,branch,8506105
s-bahn-st-gallen:RE8,1,Zürich HB,ch:1:sloid:3000,8503000,47.3781762,8.54021154,backbone,
s-bahn-st-gallen:RE8,2,Zürich Flughafen,ch:1:sloid:3016,8503016,47.45038663,8.56239993,backbone,
s-bahn-st-gallen:RE8,3,Winterthur,ch:1:sloid:6000,8506000,47.50033307,8.7238182,backbone,
s-bahn-st-gallen:RE8,4,Frauenfeld,ch:1:sloid:6100,8506100,47.558162,8.89656423,backbone,
s-bahn-st-gallen:RE8,5,Weinfelden,ch:1:sloid:6105,8506105,47.56622411,9.10636577,backbone,
s-bahn-st-gallen:RE8,6,Sulgen,ch:1:sloid:6217,8506217,47.5388018,9.18369275,backbone,
s-bahn-st-gallen:RE8,7,Amriswil,ch:1:sloid:6109,8506109,47.55045031,9.30222545,backbone,
s-bahn-st-gallen:RE8,8,Romanshorn,ch:1:sloid:6121,8506121,47.56552099,9.37937276,backbone,
s-bahn-st-gallen:RE:8503000-8506302,1,Zürich HB,ch:1:sloid:3000,8503000,47.3781762,8.54021154,backbone,
s-bahn-st-gallen:RE:8503000-8506302,2,Winterthur,ch:1:sloid:6000,8506000,47.50033307,8.7238182,backbone,
s-bahn-st-gallen:RE:8503000-8506302,3,Wil SG,ch:1:sloid:6206,8506206,47.46241308,9.04099536,backbone,
s-bahn-st-gallen:RE:8503000-8506302,4,Uzwil,ch:1:sloid:6208,8506208,47.43644343,9.13098859,backbone,
s-bahn-st-gallen:RE:8503000-8506302,5,Flawil,ch:1:sloid:6209,8506209,47.41519041,9.18978332,backbone,
s-bahn-st-gallen:RE:8503000-8506302,6,Gossau SG,ch:1:sloid:6210,8506210,47.41183485,9.25305167,backbone,
s-bahn-st-gallen:RE:8503000-8506302,7,St. Gallen,ch:1:sloid:6302,8506302,47.42317725,9.36989554,backbone,
s-bahn-st-gallen:RE:8506317-8509000,1,Heerbrugg,ch:1:sloid:6317,8506317,47.41039408,9.6272449,backbone,
s-bahn-st-gallen:RE:8506317-8509000,2,Altstätten SG,ch:1:sloid:6319,8506319,47.37423427,9.55652054,backbone,
s-bahn-st-gallen:RE:8506317-8509000,3,Buchs SG,ch:1:sloid:9404,8509404,47.16841413,9.4786366,backbone,
s-bahn-st-gallen:RE:8506317-8509000,4,Sevelen,ch:1:sloid:9406,8509406,47.12537788,9.4938361,backbone,
s-bahn-st-gallen:RE:8506317-8509000,5,Sargans,ch:1:sloid:9411,8509411,47.04482056,9.44626132,backbone,
s-bahn-st-gallen:RE:8506317-8509000,6,Bad Ragaz,ch:1:sloid:9004,8509004,47.01030945,9.50522673,backbone,
s-bahn-st-gallen:RE:8506317-8509000,7,Maienfeld,ch:1:sloid:9003,8509003,47.00384073,9.52921175,backbone,
s-bahn-st-gallen:RE:8506317-8509000,8,Landquart,ch:1:sloid:9002,8509002,46.96743957,9.55404119,backbone,
s-bahn-st-gallen:RE:8506317-8509000,9,Chur,ch:1:sloid:9000,8509000,46.85308692,9.52893328,backbone,
s-bahn-st-gallen:S1,1,Schaffhausen,ch:1:sloid:3424,8503424,47.69828386,8.63275598,backbone,
s-bahn-st-gallen:S1,2,Feuerthalen,ch:1:sloid:3425,8503425,47.69217102,8.6459702,backbone,
s-bahn-st-gallen:S1,3,Langwiesen,ch:1:sloid:3426,8503426,47.68345098,8.66231954,backbone,
s-bahn-st-gallen:S1,4,Schlatt TG,ch:1:sloid:3427,8503427,47.67950169,8.6875083,backbone,
s-bahn-st-gallen:S1,5,St. Katharinental,ch:1:sloid:6148,8506148,47.68756325,8.73203779,backbone,
s-bahn-st-gallen:S1,6,Diessenhofen,ch:1:sloid:3428,8503428,47.68547087,8.7522948,backbone,
s-bahn-st-gallen:S1,7,Schlattingen,ch:1:sloid:3429,8503429,47.66662358,8.77043178,backbone,
s-bahn-st-gallen:S1,8,Etzwilen,ch:1:sloid:6025,8506025,47.66114232,8.81861741,backbone,
s-bahn-st-gallen:S1,9,Stein am Rhein,ch:1:sloid:6139,8506139,47.65610824,8.85501715,backbone,
s-bahn-st-gallen:S1,10,Eschenz,ch:1:sloid:6138,8506138,47.64540922,8.87655875,backbone,
s-bahn-st-gallen:S1,11,Mammern,ch:1:sloid:6137,8506137,47.64416248,8.91400053,backbone,
s-bahn-st-gallen:S1,12,Steckborn,ch:1:sloid:6136,8506136,47.66450617,8.98103282,backbone,
s-bahn-st-gallen:S1,13,Berlingen,ch:1:sloid:6135,8506135,47.67321123,9.02202294,backbone,
s-bahn-st-gallen:S1,14,Mannenbach-Salenstein,ch:1:sloid:6134,8506134,47.67364675,9.05280821,backbone,
s-bahn-st-gallen:S1,15,Ermatingen,ch:1:sloid:6133,8506133,47.66999918,9.08566858,backbone,
s-bahn-st-gallen:S1,16,Triboltingen,ch:1:sloid:6118,8506118,47.66289687,9.10876427,backbone,
s-bahn-st-gallen:S1,17,Tägerwilen-Gottlieben,ch:1:sloid:6132,8506132,47.65961763,9.13298285,backbone,
s-bahn-st-gallen:S1,18,Kreuzlingen,ch:1:sloid:6131,8506131,47.65255022,9.16907716,backbone,
s-bahn-st-gallen:S1,19,Kreuzlingen Hafen,ch:1:sloid:6128,8506128,47.64916139,9.18198595,backbone,
s-bahn-st-gallen:S1,20,Kurzrickenbach Seepark,ch:1:sloid:6119,8506119,47.64307911,9.19635899,backbone,
s-bahn-st-gallen:S1,21,Bottighofen,ch:1:sloid:6127,8506127,47.64070653,9.21310359,backbone,
s-bahn-st-gallen:S1,22,Münsterlingen-Scherzingen,ch:1:sloid:6126,8506126,47.63342469,9.22700951,backbone,
s-bahn-st-gallen:S1,23,Münsterlingen Spital,ch:1:sloid:6143,8506143,47.63204447,9.23611843,backbone,
s-bahn-st-gallen:S1,24,Landschlacht,ch:1:sloid:88122,8588122,47.62889043,9.24695211,backbone,
s-bahn-st-gallen:S1,25,Altnau,ch:1:sloid:6125,8506125,47.6213708,9.26591554,backbone,
s-bahn-st-gallen:S1,26,Güttingen,ch:1:sloid:6124,8506124,47.60875089,9.29224516,backbone,
s-bahn-st-gallen:S1,27,Kesswil,ch:1:sloid:6123,8506123,47.59549792,9.31742494,backbone,
s-bahn-st-gallen:S1,28,Uttwil,ch:1:sloid:6122,8506122,47.58602254,9.33970316,backbone,
s-bahn-st-gallen:S1,29,Romanshorn,ch:1:sloid:6121,8506121,47.56552099,9.37937276,backbone,
s-bahn-st-gallen:S1,30,Neukirch-Egnach,ch:1:sloid:6398,8506398,47.53879574,9.37585137,backbone,
s-bahn-st-gallen:S1,31,Steinebrunn,ch:1:sloid:6397,8506397,47.53153003,9.34986311,backbone,
s-bahn-st-gallen:S1,32,Muolen,ch:1:sloid:6396,8506396,47.51762656,9.33708906,backbone,
s-bahn-st-gallen:S1,33,Häggenschwil-Winden,ch:1:sloid:6395,8506395,47.50386504,9.3587205,backbone,
s-bahn-st-gallen:S1,34,Roggwil-Berg,ch:1:sloid:6394,8506394,47.48558966,9.39202104,backbone,
s-bahn-st-gallen:S1,35,Wittenbach,ch:1:sloid:6393,8506393,47.46285036,9.38854456,backbone,
s-bahn-st-gallen:S1,36,St. Gallen St. Fiden,ch:1:sloid:6303,8506303,47.43454152,9.39344038,backbone,
s-bahn-st-gallen:S1,37,St. Gallen,ch:1:sloid:6302,8506302,47.42317725,9.36989554,backbone,
s-bahn-st-gallen:S1,38,St. Gallen Bruggen,ch:1:sloid:6301,8506301,47.40720236,9.32965101,backbone,
s-bahn-st-gallen:S1,39,St. Gallen Winkeln,ch:1:sloid:6300,8506300,47.4039314,9.30086001,backbone,
s-bahn-st-gallen:S1,40,Gossau SG,ch:1:sloid:6210,8506210,47.41183485,9.25305167,backbone,
s-bahn-st-gallen:S1,41,Flawil,ch:1:sloid:6209,8506209,47.41519041,9.18978332,backbone,
s-bahn-st-gallen:S1,42,Uzwil,ch:1:sloid:6208,8506208,47.43644343,9.13098859,backbone,
s-bahn-st-gallen:S1,43,Wil SG,ch:1:sloid:6206,8506206,47.46241308,9.04099536,backbone,
s-bahn-st-gallen:S10,1,Romanshorn,ch:1:sloid:6121,8506121,47.56552099,9.37937276,backbone,
s-bahn-st-gallen:S10,2,Amriswil,ch:1:sloid:6109,8506109,47.55045031,9.30222545,backbone,
s-bahn-st-gallen:S10,3,Oberaach,ch:1:sloid:6108,8506108,47.55331807,9.27106289,backbone,
s-bahn-st-gallen:S10,4,Erlen,ch:1:sloid:6107,8506107,47.55146283,9.22620102,backbone,
s-bahn-st-gallen:S10,5,Sulgen,ch:1:sloid:6217,8506217,47.5388018,9.18369275,backbone,
s-bahn-st-gallen:S10,6,Bürglen TG,ch:1:sloid:6106,8506106,47.54909822,9.14988016,backbone,
s-bahn-st-gallen:S10,7,Weinfelden,ch:1:sloid:6105,8506105,47.56622411,9.10636577,backbone,
s-bahn-st-gallen:S10,8,Bussnang,ch:1:sloid:6190,8506190,47.55608262,9.08415941,backbone,
s-bahn-st-gallen:S10,9,Oppikon,ch:1:sloid:6185,8506185,47.55206306,9.06210577,backbone,
s-bahn-st-gallen:S10,10,Märwil,ch:1:sloid:6184,8506184,47.53313124,9.06923839,backbone,
s-bahn-st-gallen:S10,11,Tobel-Affeltrangen,ch:1:sloid:6183,8506183,47.52130297,9.03371003,backbone,
s-bahn-st-gallen:S10,12,Tägerschen,ch:1:sloid:6168,8506168,47.5093628,9.02478975,backbone,
s-bahn-st-gallen:S10,13,Bettwiesen,ch:1:sloid:6182,8506182,47.49862161,9.02078327,backbone,
s-bahn-st-gallen:S10,14,Bronschhofen AMP,ch:1:sloid:6188,8506188,47.48126722,9.03092525,backbone,
s-bahn-st-gallen:S10,15,Bronschhofen,ch:1:sloid:6181,8506181,47.47544471,9.03468021,backbone,
s-bahn-st-gallen:S10,16,Wil SG,ch:1:sloid:6206,8506206,47.46241308,9.04099536,backbone,
s-bahn-st-gallen:S12,1,Chur,ch:1:sloid:9000,8509000,46.85308692,9.52893328,backbone,
s-bahn-st-gallen:S12,2,Landquart,ch:1:sloid:9002,8509002,46.96743957,9.55404119,backbone,
s-bahn-st-gallen:S12,3,Maienfeld,ch:1:sloid:9003,8509003,47.00384073,9.52921175,backbone,
s-bahn-st-gallen:S12,4,Bad Ragaz,ch:1:sloid:9004,8509004,47.01030945,9.50522673,backbone,
s-bahn-st-gallen:S12,5,Sargans,ch:1:sloid:9411,8509411,47.04482056,9.44626132,backbone,
s-bahn-st-gallen:S13,1,St. Margrethen SG,ch:1:sloid:6314,8506314,47.45321734,9.63825825,extension,8506319
s-bahn-st-gallen:S13,2,Au SG,ch:1:sloid:6316,8506316,47.43611531,9.64125862,extension,8506319
s-bahn-st-gallen:S13,3,Heerbrugg,ch:1:sloid:6317,8506317,47.41039408,9.6272449,extension,8506319
s-bahn-st-gallen:S13,4,Rebstein-Marbach,ch:1:sloid:6318,8506318,47.39263959,9.58675783,extension,8506319
s-bahn-st-gallen:S13,5,Altstätten SG,ch:1:sloid:6319,8506319,47.37423427,9.55652054,backbone,
s-bahn-st-gallen:S13,6,Oberriet SG,ch:1:sloid:9400,8509400,47.32348604,9.57137867,backbone,
s-bahn-st-gallen:S13,7,Rüthi SG,ch:1:sloid:9401,8509401,47.28673649,9.53605692,backbone,
s-bahn-st-gallen:S13,8,Salez-Sennwald,ch:1:sloid:9402,8509402,47.2414482,9.50233416,backbone,
s-bahn-st-gallen:S13,9,Buchs SG,ch:1:sloid:9404,8509404,47.16841413,9.4786366,backbone,
s-bahn-st-gallen:S13,10,Sevelen,ch:1:sloid:9406,8509406,47.12537788,9.4938361,backbone,
s-bahn-st-gallen:S13,11,Sargans,ch:1:sloid:9411,8509411,47.04482056,9.44626132,backbone,
s-bahn-st-gallen:S14,1,Kreuzlingen Hafen,ch:1:sloid:6128,8506128,47.64916139,9.18198595,backbone,
s-bahn-st-gallen:S14,2,Kreuzlingen,ch:1:sloid:6131,8506131,47.65255022,9.16907716,backbone,
s-bahn-st-gallen:S14,3,Tägerwilen Dorf,ch:1:sloid:6198,8506198,47.6537181,9.13955852,backbone,
s-bahn-st-gallen:S14,4,Kreuzlingen Bernrain,ch:1:sloid:6197,8506197,47.64211678,9.16320217,backbone,
s-bahn-st-gallen:S14,5,Lengwil,ch:1:sloid:6196,8506196,47.62559694,9.19028638,backbone,
s-bahn-st-gallen:S14,6,Siegershausen,ch:1:sloid:6195,8506195,47.61091902,9.16825969,backbone,
s-bahn-st-gallen:S14,7,Berg,ch:1:sloid:6194,8506194,47.58249003,9.17391907,backbone,
s-bahn-st-gallen:S14,8,Kehlhof,ch:1:sloid:6193,8506193,47.57225472,9.16975089,backbone,
s-bahn-st-gallen:S14,9,Weinfelden,ch:1:sloid:6105,8506105,47.56622411,9.10636577,backbone,
s-bahn-st-gallen:S14,10,Bussnang,ch:1:sloid:6190,8506190,47.55608262,9.08415941,backbone,
s-bahn-st-gallen:S14,11,Oppikon,ch:1:sloid:6185,8506185,47.55206306,9.06210577,backbone,
s-bahn-st-gallen:S14,12,Märwil,ch:1:sloid:6184,8506184,47.53313124,9.06923839,backbone,
s-bahn-st-gallen:S14,13,Tobel-Affeltrangen,ch:1:sloid:6183,8506183,47.52130297,9.03371003,backbone,
s-bahn-st-gallen:S14,14,Tägerschen,ch:1:sloid:6168,8506168,47.5093628,9.02478975,backbone,
s-bahn-st-gallen:S14,15,Bettwiesen,ch:1:sloid:6182,8506182,47.49862161,9.02078327,backbone,
s-bahn-st-gallen:S14,16,Bronschhofen AMP,ch:1:sloid:6188,8506188,47.48126722,9.03092525,backbone,
s-bahn-st-gallen:S14,17,Bronschhofen,ch:1:sloid:6181,8506181,47.47544471,9.03468021,backbone,
s-bahn-st-gallen:S14,18,Wil SG,ch:1:sloid:6206,8506206,47.46241308,9.04099536,backbone,
s-bahn-st-gallen:S15,1,Frauenfeld,ch:1:sloid:6100,8506100,47.558162,8.89656423,backbone,
s-bahn-st-gallen:S15,2,Frauenfeld Marktplatz,ch:1:sloid:6171,8506171,47.55420323,8.89872917,backbone,
s-bahn-st-gallen:S15,3,Lüdem,ch:1:sloid:6179,8506179,47.54188245,8.9024482,backbone,
s-bahn-st-gallen:S15,4,Weberei Matzingen,ch:1:sloid:6173,8506173,47.52729023,8.9219596,backbone,
s-bahn-st-gallen:S15,5,Matzingen,ch:1:sloid:6174,8506174,47.52047185,8.93275735,backbone,
s-bahn-st-gallen:S15,6,Jakobstal,ch:1:sloid:6175,8506175,47.50828878,8.94409409,backbone,
s-bahn-st-gallen:S15,7,Wiesengrund,ch:1:sloid:6169,8506169,47.50219011,8.94875635,backbone,
s-bahn-st-gallen:S15,8,Wängi,ch:1:sloid:6176,8506176,47.49630924,8.95328386,backbone,
s-bahn-st-gallen:S15,9,Rosental,ch:1:sloid:6177,8506177,47.49233973,8.97514885,backbone,
s-bahn-st-gallen:S15,10,Münchwilen Pflegeheim,ch:1:sloid:6170,8506170,47.48149185,8.99194735,backbone,
s-bahn-st-gallen:S15,11,Münchwilen TG,ch:1:sloid:6178,8506178,47.47690799,8.99921472,backbone,
s-bahn-st-gallen:S15,12,Wil SG,ch:1:sloid:6206,8506206,47.46241308,9.04099536,backbone,
s-bahn-st-gallen:S17,1,Rapperswil SG,ch:1:sloid:3110,8503110,47.2248875,8.81674892,backbone,
s-bahn-st-gallen:S17,2,Blumenau,ch:1:sloid:3113,8503113,47.22367345,8.8424048,backbone,
s-bahn-st-gallen:S17,3,Schmerikon,ch:1:sloid:3115,8503115,47.22516203,8.94338442,backbone,
s-bahn-st-gallen:S17,4,Uznach,ch:1:sloid:3116,8503116,47.22428353,8.98069146,backbone,
s-bahn-st-gallen:S17,5,Benken SG,ch:1:sloid:3118,8503118,47.20445855,9.00865601,backbone,
s-bahn-st-gallen:S17,6,Schänis,ch:1:sloid:3119,8503119,47.15765833,9.04397777,backbone,
s-bahn-st-gallen:S17,7,Ziegelbrücke,ch:1:sloid:3225,8503225,47.13615854,9.06004863,backbone,
s-bahn-st-gallen:S17,8,Mühlehorn,ch:1:sloid:9418,8509418,47.11784113,9.17302076,backbone,
s-bahn-st-gallen:S17,9,Murg,ch:1:sloid:9417,8509417,47.11317673,9.21504395,backbone,
s-bahn-st-gallen:S17,10,Unterterzen,ch:1:sloid:9416,8509416,47.11385532,9.25501898,backbone,
s-bahn-st-gallen:S17,11,Walenstadt,ch:1:sloid:9414,8509414,47.11987671,9.31297828,backbone,
s-bahn-st-gallen:S17,12,Flums,ch:1:sloid:9413,8509413,47.09661878,9.34793173,backbone,
s-bahn-st-gallen:S17,13,Mels,ch:1:sloid:9412,8509412,47.05374475,9.41775778,backbone,
s-bahn-st-gallen:S17,14,Sargans,ch:1:sloid:9411,8509411,47.04482056,9.44626132,backbone,
s-bahn-st-gallen:S2,1,Nesslau-Neu St. Johann,ch:1:sloid:6299,8506299,47.22682747,9.19756273,backbone,
s-bahn-st-gallen:S2,2,Krummenau,ch:1:sloid:6298,8506298,47.24883328,9.16815189,backbone,
s-bahn-st-gallen:S2,3,Ebnat-Kappel,ch:1:sloid:6297,8506297,47.26366741,9.12099034,backbone,
s-bahn-st-gallen:S2,4,Wattwil,ch:1:sloid:6200,8506200,47.29947654,9.08648605,backbone,
s-bahn-st-gallen:S2,5,Lichtensteig,ch:1:sloid:6201,8506201,47.31969835,9.08318923,backbone,
s-bahn-st-gallen:S2,6,Brunnadern-Neckertal,ch:1:sloid:6294,8506294,47.33782441,9.13059333,backbone,
s-bahn-st-gallen:S2,7,Mogelsberg,ch:1:sloid:6293,8506293,47.3637271,9.14202888,backbone,
s-bahn-st-gallen:S2,8,Degersheim,ch:1:sloid:6292,8506292,47.37257954,9.20012293,backbone,
s-bahn-st-gallen:S2,9,Schachen (Herisau),ch:1:sloid:6291,8506291,47.38513469,9.24320613,backbone,
s-bahn-st-gallen:S2,10,Herisau,ch:1:sloid:6290,8506290,47.39016443,9.27681211,backbone,
s-bahn-st-gallen:S2,11,St. Gallen Haggen,ch:1:sloid:6392,8506392,47.4077556,9.33814908,backbone,
s-bahn-st-gallen:S2,12,St. Gallen,ch:1:sloid:6302,8506302,47.42317725,9.36989554,backbone,
s-bahn-st-gallen:S2,13,St. Gallen St. Fiden,ch:1:sloid:6303,8506303,47.43454152,9.39344038,backbone,
s-bahn-st-gallen:S2,14,Mörschwil,ch:1:sloid:6304,8506304,47.47477074,9.41438011,backbone,
s-bahn-st-gallen:S2,15,Goldach,ch:1:sloid:6305,8506305,47.47379924,9.46699444,backbone,
s-bahn-st-gallen:S2,16,Rorschach Stadt,ch:1:sloid:6322,8506322,47.47559044,9.48936249,backbone,
s-bahn-st-gallen:S2,17,Rorschach,ch:1:sloid:6311,8506311,47.47800087,9.5051369,backbone,
s-bahn-st-gallen:S2,18,Staad SG,ch:1:sloid:6312,8506312,47.48069046,9.53552691,backbone,
s-bahn-st-gallen:S2,19,Rheineck,ch:1:sloid:6313,8506313,47.4668889,9.59091703,backbone,
s-bahn-st-gallen:S2,20,St. Margrethen SG,ch:1:sloid:6314,8506314,47.45321734,9.63825825,backbone,
s-bahn-st-gallen:S2,21,Au SG,ch:1:sloid:6316,8506316,47.43611531,9.64125862,backbone,
s-bahn-st-gallen:S2,22,Heerbrugg,ch:1:sloid:6317,8506317,47.41039408,9.6272449,backbone,
s-bahn-st-gallen:S2,23,Rebstein-Marbach,ch:1:sloid:6318,8506318,47.39263959,9.58675783,backbone,
s-bahn-st-gallen:S2,24,Altstätten SG,ch:1:sloid:6319,8506319,47.37423427,9.55652054,backbone,
s-bahn-st-gallen:S20,1,Appenzell,ch:1:sloid:6286,8506286,47.32853383,9.40952921,backbone,
s-bahn-st-gallen:S20,2,Hirschberg,ch:1:sloid:6380,8506380,47.33138328,9.42286021,backbone,
s-bahn-st-gallen:S20,3,Sammelplatz,ch:1:sloid:6381,8506381,47.34826978,9.43245421,backbone,
s-bahn-st-gallen:S20,4,Gais,ch:1:sloid:6378,8506378,47.36092199,9.45115714,backbone,
s-bahn-st-gallen:S20,5,Bühler,ch:1:sloid:6377,8506377,47.37297498,9.42109053,backbone,
s-bahn-st-gallen:S20,6,Teufen AR,ch:1:sloid:6375,8506375,47.39045026,9.38979322,backbone,
s-bahn-st-gallen:S20,7,Niederteufen,ch:1:sloid:6373,8506373,47.39220781,9.36761382,backbone,
s-bahn-st-gallen:S20,8,St. Gallen,ch:1:sloid:6302,8506302,47.42317725,9.36989554,backbone,
s-bahn-st-gallen:S21,1,Appenzell,ch:1:sloid:6286,8506286,47.32853383,9.40952921,backbone,
s-bahn-st-gallen:S21,2,Hirschberg,ch:1:sloid:6380,8506380,47.33138328,9.42286021,backbone,
s-bahn-st-gallen:S21,3,Sammelplatz,ch:1:sloid:6381,8506381,47.34826978,9.43245421,backbone,
s-bahn-st-gallen:S21,4,Gais,ch:1:sloid:6378,8506378,47.36092199,9.45115714,backbone,
s-bahn-st-gallen:S21,5,Zweibrücken,ch:1:sloid:6382,8506382,47.36016136,9.44441977,backbone,
s-bahn-st-gallen:S21,6,Strahlholz,ch:1:sloid:6276,8506276,47.36655031,9.43186133,backbone,
s-bahn-st-gallen:S21,7,Bühler,ch:1:sloid:6377,8506377,47.37297498,9.42109053,backbone,
s-bahn-st-gallen:S21,8,Steigbach,ch:1:sloid:6376,8506376,47.37701433,9.40491187,backbone,
s-bahn-st-gallen:S21,9,Teufen AR,ch:1:sloid:6375,8506375,47.39045026,9.38979322,backbone,
s-bahn-st-gallen:S21,10,Teufen AR Stofel,ch:1:sloid:6470,8506470,47.3909976,9.37998362,backbone,
s-bahn-st-gallen:S21,11,Sternen bei Teufen,ch:1:sloid:6374,8506374,47.38948328,9.37483627,backbone,
s-bahn-st-gallen:S21,12,Niederteufen,ch:1:sloid:6373,8506373,47.39220781,9.36761382,backbone,
s-bahn-st-gallen:S21,13,Lustmühle,ch:1:sloid:6372,8506372,47.40033799,9.35915169,backbone,
s-bahn-st-gallen:S21,14,St. Gallen Riethüsli,ch:1:sloid:6371,8506371,47.41137891,9.36727246,backbone,
s-bahn-st-gallen:S21,15,St. Gallen Güterbahnhof,ch:1:sloid:19306,8519306,47.41729969,9.36246647,backbone,
s-bahn-st-gallen:S21,16,St. Gallen,ch:1:sloid:6302,8506302,47.42317725,9.36989554,backbone,
s-bahn-st-gallen:S21,17,St. Gallen Marktplatz,ch:1:sloid:6270,8506270,47.42636193,9.37672273,backbone,
s-bahn-st-gallen:S21,18,St. Gallen Spisertor,ch:1:sloid:6358,8506358,47.42473315,9.37962429,backbone,
s-bahn-st-gallen:S21,19,St. Gallen Schülerhaus,ch:1:sloid:6359,8506359,47.42500664,9.38742167,backbone,
s-bahn-st-gallen:S21,20,St. Gallen Birnbäumen,ch:1:sloid:18100,8518100,47.42583319,9.39298224,backbone,
s-bahn-st-gallen:S21,21,St. Gallen Notkersegg,ch:1:sloid:6361,8506361,47.42522543,9.4040405,backbone,
s-bahn-st-gallen:S21,22,Schwarzer Bären,ch:1:sloid:6362,8506362,47.4225877,9.41536826,backbone,
s-bahn-st-gallen:S21,23,Vögelinsegg,ch:1:sloid:6364,8506364,47.41609005,9.43638883,backbone,
s-bahn-st-gallen:S21,24,Schützengarten,ch:1:sloid:6365,8506365,47.41272239,9.43825733,backbone,
s-bahn-st-gallen:S21,25,Speicher,ch:1:sloid:6366,8506366,47.411002,9.44271297,backbone,
s-bahn-st-gallen:S21,26,Bendlehn,ch:1:sloid:6367,8506367,47.40695917,9.45051035,backbone,
s-bahn-st-gallen:S21,27,Gfeld,ch:1:sloid:6368,8506368,47.40503188,9.45575651,backbone,
s-bahn-st-gallen:S21,28,Trogen,ch:1:sloid:6369,8506369,47.40726315,9.4614159,backbone,
s-bahn-st-gallen:S22,1,Appenzell,ch:1:sloid:6286,8506286,47.32853383,9.40952921,backbone,
s-bahn-st-gallen:S22,2,Hirschberg,ch:1:sloid:6380,8506380,47.33138328,9.42286021,backbone,
s-bahn-st-gallen:S22,3,Sammelplatz,ch:1:sloid:6381,8506381,47.34826978,9.43245421,backbone,
s-bahn-st-gallen:S22,4,Gais,ch:1:sloid:6378,8506378,47.36092199,9.45115714,backbone,
s-bahn-st-gallen:S22,5,Zweibrücken,ch:1:sloid:6382,8506382,47.36016136,9.44441977,backbone,
s-bahn-st-gallen:S22,6,Strahlholz,ch:1:sloid:6276,8506276,47.36655031,9.43186133,backbone,
s-bahn-st-gallen:S22,7,Bühler,ch:1:sloid:6377,8506377,47.37297498,9.42109053,backbone,
s-bahn-st-gallen:S22,8,Steigbach,ch:1:sloid:6376,8506376,47.37701433,9.40491187,backbone,
s-bahn-st-gallen:S22,9,Teufen AR,ch:1:sloid:6375,8506375,47.39045026,9.38979322,backbone,
s-bahn-st-gallen:S22,10,Teufen AR Stofel,ch:1:sloid:6470,8506470,47.3909976,9.37998362,backbone,
s-bahn-st-gallen:S22,11,Sternen bei Teufen,ch:1:sloid:6374,8506374,47.38948328,9.37483627,backbone,
s-bahn-st-gallen:S22,12,Niederteufen,ch:1:sloid:6373,8506373,47.39220781,9.36761382,backbone,
s-bahn-st-gallen:S22,13,Lustmühle,ch:1:sloid:6372,8506372,47.40033799,9.35915169,backbone,
s-bahn-st-gallen:S22,14,St. Gallen Riethüsli,ch:1:sloid:6371,8506371,47.41137891,9.36727246,backbone,
s-bahn-st-gallen:S22,15,St. Gallen Güterbahnhof,ch:1:sloid:19306,8519306,47.41729969,9.36246647,backbone,
s-bahn-st-gallen:S22,16,St. Gallen,ch:1:sloid:6302,8506302,47.42317725,9.36989554,backbone,
s-bahn-st-gallen:S22,17,St. Gallen Marktplatz,ch:1:sloid:6270,8506270,47.42636193,9.37672273,backbone,
s-bahn-st-gallen:S22,18,St. Gallen Spisertor,ch:1:sloid:6358,8506358,47.42473315,9.37962429,backbone,
s-bahn-st-gallen:S22,19,St. Gallen Schülerhaus,ch:1:sloid:6359,8506359,47.42500664,9.38742167,backbone,
s-bahn-st-gallen:S22,20,St. Gallen Birnbäumen,ch:1:sloid:18100,8518100,47.42583319,9.39298224,backbone,
s-bahn-st-gallen:S22,21,St. Gallen Notkersegg,ch:1:sloid:6361,8506361,47.42522543,9.4040405,backbone,
s-bahn-st-gallen:S22,22,Schwarzer Bären,ch:1:sloid:6362,8506362,47.4225877,9.41536826,backbone,
s-bahn-st-gallen:S22,23,Vögelinsegg,ch:1:sloid:6364,8506364,47.41609005,9.43638883,backbone,
s-bahn-st-gallen:S22,24,Schützengarten,ch:1:sloid:6365,8506365,47.41272239,9.43825733,backbone,
s-bahn-st-gallen:S22,25,Speicher,ch:1:sloid:6366,8506366,47.411002,9.44271297,backbone,
s-bahn-st-gallen:S22,26,Bendlehn,ch:1:sloid:6367,8506367,47.40695917,9.45051035,backbone,
s-bahn-st-gallen:S22,27,Gfeld,ch:1:sloid:6368,8506368,47.40503188,9.45575651,backbone,
s-bahn-st-gallen:S22,28,Trogen,ch:1:sloid:6369,8506369,47.40726315,9.4614159,backbone,
s-bahn-st-gallen:S23,1,Gossau SG,ch:1:sloid:6210,8506210,47.41183485,9.25305167,backbone,
s-bahn-st-gallen:S23,2,Herisau,ch:1:sloid:6290,8506290,47.39016443,9.27681211,backbone,
s-bahn-st-gallen:S23,3,Herisau Wilen,ch:1:sloid:6280,8506280,47.37567603,9.27925553,backbone,
s-bahn-st-gallen:S23,4,Waldstatt,ch:1:sloid:6281,8506281,47.35751429,9.28610967,backbone,
s-bahn-st-gallen:S23,5,Zürchersmühle,ch:1:sloid:6282,8506282,47.33017776,9.29282009,backbone,
s-bahn-st-gallen:S23,6,Urnäsch,ch:1:sloid:6283,8506283,47.31782877,9.28546288,backbone,
s-bahn-st-gallen:S23,7,Jakobsbad,ch:1:sloid:6284,8506284,47.32008201,9.32817778,backbone,
s-bahn-st-gallen:S23,8,Gonten,ch:1:sloid:6285,8506285,47.32818068,9.34732986,backbone,
s-bahn-st-gallen:S23,9,Gontenbad,ch:1:sloid:6271,8506271,47.33166334,9.37243777,backbone,
s-bahn-st-gallen:S23,10,Appenzell,ch:1:sloid:6286,8506286,47.32853383,9.40952921,backbone,
s-bahn-st-gallen:S23,11,Steinegg,ch:1:sloid:6275,8506275,47.32011246,9.43078335,backbone,
s-bahn-st-gallen:S23,12,Weissbad,ch:1:sloid:6288,8506288,47.31044723,9.43569713,backbone,
s-bahn-st-gallen:S23,13,Schwende,ch:1:sloid:6277,8506277,47.30005529,9.43558933,backbone,
s-bahn-st-gallen:S23,14,Wasserauen,ch:1:sloid:6289,8506289,47.28556042,9.42861841,backbone,
s-bahn-st-gallen:S24,1,Gais,ch:1:sloid:6378,8506378,47.36092199,9.45115714,backbone,
s-bahn-st-gallen:S24,2,Hebrig,ch:1:sloid:6383,8506383,47.36215115,9.4648295,backbone,
s-bahn-st-gallen:S24,3,Schachen (Gais),ch:1:sloid:6384,8506384,47.36154874,9.47736099,backbone,
s-bahn-st-gallen:S24,4,Rietli,ch:1:sloid:6385,8506385,47.36069685,9.48712568,backbone,
s-bahn-st-gallen:S24,5,Stoss AR,ch:1:sloid:6386,8506386,47.36078812,9.49512069,backbone,
s-bahn-st-gallen:S24,6,Kreuzstrasse,ch:1:sloid:6387,8506387,47.36562548,9.50523572,backbone,
s-bahn-st-gallen:S24,7,Warmesberg,ch:1:sloid:6388,8506388,47.36534559,9.51322174,backbone,
s-bahn-st-gallen:S24,8,Alter Zoll,ch:1:sloid:6389,8506389,47.36858244,9.5220432,backbone,
s-bahn-st-gallen:S24,9,Altstätten Stadt,ch:1:sloid:6379,8506379,47.37683792,9.53749422,backbone,
s-bahn-st-gallen:S25,1,Rorschach Hafen,ch:1:sloid:6306,8506306,47.4785898,9.49291982,backbone,
s-bahn-st-gallen:S25,2,Rorschach,ch:1:sloid:6311,8506311,47.47800087,9.5051369,backbone,
s-bahn-st-gallen:S25,3,Seebleiche,ch:1:sloid:6278,8506278,47.47736943,9.51699467,backbone,
s-bahn-st-gallen:S25,4,Sandbüchel,ch:1:sloid:6400,8506400,47.47536578,9.5216659,backbone,
s-bahn-st-gallen:S25,5,Wartensee,ch:1:sloid:6352,8506352,47.47175902,9.5336135,backbone,
s-bahn-st-gallen:S25,6,Wienacht-Tobel,ch:1:sloid:6353,8506353,47.46623911,9.54067426,backbone,
s-bahn-st-gallen:S25,7,Schwendi bei Heiden,ch:1:sloid:6354,8506354,47.45946746,9.53064906,backbone,
s-bahn-st-gallen:S25,8,Heiden,ch:1:sloid:6355,8506355,47.44600054,9.53648811,backbone,
s-bahn-st-gallen:S26,1,Rheineck,ch:1:sloid:6313,8506313,47.4668889,9.59091703,backbone,
s-bahn-st-gallen:S26,2,Ruderbach,ch:1:sloid:6351,8506351,47.46158711,9.59516606,backbone,
s-bahn-st-gallen:S26,3,Walzenhausen,ch:1:sloid:6350,8506350,47.45126745,9.60135545,backbone,
s-bahn-st-gallen:S3,1,Weinfelden,ch:1:sloid:6105,8506105,47.56622411,9.10636577,backbone,
s-bahn-st-gallen:S3,2,Bürglen TG,ch:1:sloid:6106,8506106,47.54909822,9.14988016,backbone,
s-bahn-st-gallen:S3,3,Sulgen,ch:1:sloid:6217,8506217,47.5388018,9.18369275,backbone,
s-bahn-st-gallen:S3,4,Kradolf,ch:1:sloid:6216,8506216,47.52472434,9.2015782,backbone,
s-bahn-st-gallen:S3,5,Bischofszell Nord,ch:1:sloid:6215,8506215,47.50041803,9.23403433,backbone,
s-bahn-st-gallen:S3,6,Sitterdorf,ch:1:sloid:6214,8506214,47.5052183,9.24900027,backbone,
s-bahn-st-gallen:S3,7,Bischofszell Stadt,ch:1:sloid:6213,8506213,47.49213942,9.24148137,backbone,
s-bahn-st-gallen:S3,8,Hauptwil,ch:1:sloid:6212,8506212,47.47686549,9.2515964,backbone,
s-bahn-st-gallen:S3,9,Arnegg,ch:1:sloid:6211,8506211,47.44200292,9.25202759,backbone,
s-bahn-st-gallen:S3,10,Gossau SG,ch:1:sloid:6210,8506210,47.41183485,9.25305167,backbone,
s-bahn-st-gallen:S3,11,St. Gallen Winkeln,ch:1:sloid:6300,8506300,47.4039314,9.30086001,backbone,
s-bahn-st-gallen:S3,12,St. Gallen Bruggen,ch:1:sloid:6301,8506301,47.40720236,9.32965101,backbone,
s-bahn-st-gallen:S3,13,St. Gallen,ch:1:sloid:6302,8506302,47.42317725,9.36989554,backbone,
s-bahn-st-gallen:S3,14,St. Gallen St. Fiden,ch:1:sloid:6303,8506303,47.43454152,9.39344038,backbone,
s-bahn-st-gallen:S3,15,Goldach,ch:1:sloid:6305,8506305,47.47379924,9.46699444,backbone,
s-bahn-st-gallen:S3,16,Rorschach Stadt,ch:1:sloid:6322,8506322,47.47559044,9.48936249,backbone,
s-bahn-st-gallen:S3,17,Rorschach,ch:1:sloid:6311,8506311,47.47800087,9.5051369,backbone,
s-bahn-st-gallen:S3,18,Rheineck,ch:1:sloid:6313,8506313,47.4668889,9.59091703,backbone,
s-bahn-st-gallen:S3,19,St. Margrethen SG,ch:1:sloid:6314,8506314,47.45321734,9.63825825,backbone,
s-bahn-st-gallen:S4,1,Rapperswil SG,ch:1:sloid:3110,8503110,47.2248875,8.81674892,backbone,
s-bahn-st-gallen:S4,2,Blumenau,ch:1:sloid:3113,8503113,47.22367345,8.8424048,backbone,
s-bahn-st-gallen:S4,3,Schmerikon,ch:1:sloid:3115,8503115,47.22516203,8.94338442,backbone,
s-bahn-st-gallen:S4,4,Uznach,ch:1:sloid:3116,8503116,47.22428353,8.98069146,backbone,
s-bahn-st-gallen:S4,5,Kaltbrunn,ch:1:sloid:3117,8503117,47.2179811,9.02242719,backbone,
s-bahn-st-gallen:S4,6,Wattwil,ch:1:sloid:6200,8506200,47.29947654,9.08648605,backbone,
s-bahn-st-gallen:S4,7,Lichtensteig,ch:1:sloid:6201,8506201,47.31969835,9.08318923,backbone,
s-bahn-st-gallen:S4,8,Brunnadern-Neckertal,ch:1:sloid:6294,8506294,47.33782441,9.13059333,backbone,
s-bahn-st-gallen:S4,9,Mogelsberg,ch:1:sloid:6293,8506293,47.3637271,9.14202888,backbone,
s-bahn-st-gallen:S4,10,Degersheim,ch:1:sloid:6292,8506292,47.37257954,9.20012293,backbone,
s-bahn-st-gallen:S4,11,Schachen (Herisau),ch:1:sloid:6291,8506291,47.38513469,9.24320613,backbone,
s-bahn-st-gallen:S4,12,Herisau,ch:1:sloid:6290,8506290,47.39016443,9.27681211,backbone,
s-bahn-st-gallen:S4,13,St. Gallen Haggen,ch:1:sloid:6392,8506392,47.4077556,9.33814908,backbone,
s-bahn-st-gallen:S4,14,St. Gallen,ch:1:sloid:6302,8506302,47.42317725,9.36989554,backbone,
s-bahn-st-gallen:S4,15,St. Gallen St. Fiden,ch:1:sloid:6303,8506303,47.43454152,9.39344038,backbone,
s-bahn-st-gallen:S4,16,Mörschwil,ch:1:sloid:6304,8506304,47.47477074,9.41438011,backbone,
s-bahn-st-gallen:S4,17,Goldach,ch:1:sloid:6305,8506305,47.47379924,9.46699444,backbone,
s-bahn-st-gallen:S4,18,Rorschach Stadt,ch:1:sloid:6322,8506322,47.47559044,9.48936249,backbone,
s-bahn-st-gallen:S4,19,Rorschach,ch:1:sloid:6311,8506311,47.47800087,9.5051369,backbone,
s-bahn-st-gallen:S4,20,Staad SG,ch:1:sloid:6312,8506312,47.48069046,9.53552691,backbone,
s-bahn-st-gallen:S4,21,Rheineck,ch:1:sloid:6313,8506313,47.4668889,9.59091703,backbone,
s-bahn-st-gallen:S4,22,St. Margrethen SG,ch:1:sloid:6314,8506314,47.45321734,9.63825825,backbone,
s-bahn-st-gallen:S4,23,Au SG,ch:1:sloid:6316,8506316,47.43611531,9.64125862,backbone,
s-bahn-st-gallen:S4,24,Heerbrugg,ch:1:sloid:6317,8506317,47.41039408,9.6272449,backbone,
s-bahn-st-gallen:S4,25,Rebstein-Marbach,ch:1:sloid:6318,8506318,47.39263959,9.58675783,backbone,
s-bahn-st-gallen:S4,26,Altstätten SG,ch:1:sloid:6319,8506319,47.37423427,9.55652054,backbone,
s-bahn-st-gallen:S4,27,Oberriet SG,ch:1:sloid:9400,8509400,47.32348604,9.57137867,backbone,
s-bahn-st-gallen:S4,28,Rüthi SG,ch:1:sloid:9401,8509401,47.28673649,9.53605692,backbone,
s-bahn-st-gallen:S4,29,Salez-Sennwald,ch:1:sloid:9402,8509402,47.2414482,9.50233416,backbone,
s-bahn-st-gallen:S4,30,Buchs SG,ch:1:sloid:9404,8509404,47.16841413,9.4786366,backbone,
s-bahn-st-gallen:S4,31,Sevelen,ch:1:sloid:9406,8509406,47.12537788,9.4938361,backbone,
s-bahn-st-gallen:S4,32,Sargans,ch:1:sloid:9411,8509411,47.04482056,9.44626132,backbone,
s-bahn-st-gallen:S44,1,Weinfelden,ch:1:sloid:6105,8506105,47.56622411,9.10636577,backbone,
s-bahn-st-gallen:S44,2,Kreuzlingen,ch:1:sloid:6131,8506131,47.65255022,9.16907716,backbone,
s-bahn-st-gallen:S44,3,Kreuzlingen Hafen,ch:1:sloid:6128,8506128,47.64916139,9.18198595,extension,8506131
s-bahn-st-gallen:S5,1,Weinfelden,ch:1:sloid:6105,8506105,47.56622411,9.10636577,backbone,
s-bahn-st-gallen:S5,2,Bürglen TG,ch:1:sloid:6106,8506106,47.54909822,9.14988016,backbone,
s-bahn-st-gallen:S5,3,Sulgen,ch:1:sloid:6217,8506217,47.5388018,9.18369275,backbone,
s-bahn-st-gallen:S5,4,Kradolf,ch:1:sloid:6216,8506216,47.52472434,9.2015782,backbone,
s-bahn-st-gallen:S5,5,Bischofszell Nord,ch:1:sloid:6215,8506215,47.50041803,9.23403433,backbone,
s-bahn-st-gallen:S5,6,Sitterdorf,ch:1:sloid:6214,8506214,47.5052183,9.24900027,backbone,
s-bahn-st-gallen:S5,7,Bischofszell Stadt,ch:1:sloid:6213,8506213,47.49213942,9.24148137,backbone,
s-bahn-st-gallen:S5,8,Hauptwil,ch:1:sloid:6212,8506212,47.47686549,9.2515964,backbone,
s-bahn-st-gallen:S5,9,Arnegg,ch:1:sloid:6211,8506211,47.44200292,9.25202759,backbone,
s-bahn-st-gallen:S5,10,Gossau SG,ch:1:sloid:6210,8506210,47.41183485,9.25305167,backbone,
s-bahn-st-gallen:S5,11,St. Gallen Winkeln,ch:1:sloid:6300,8506300,47.4039314,9.30086001,backbone,
s-bahn-st-gallen:S5,12,St. Gallen Bruggen,ch:1:sloid:6301,8506301,47.40720236,9.32965101,backbone,
s-bahn-st-gallen:S5,13,St. Gallen,ch:1:sloid:6302,8506302,47.42317725,9.36989554,backbone,
s-bahn-st-gallen:S5,14,St. Gallen St. Fiden,ch:1:sloid:6303,8506303,47.43454152,9.39344038,backbone,
s-bahn-st-gallen:S5,15,Mörschwil,ch:1:sloid:6304,8506304,47.47477074,9.41438011,backbone,
s-bahn-st-gallen:S5,16,Goldach,ch:1:sloid:6305,8506305,47.47379924,9.46699444,backbone,
s-bahn-st-gallen:S5,17,Rorschach Stadt,ch:1:sloid:6322,8506322,47.47559044,9.48936249,backbone,
s-bahn-st-gallen:S5,18,Rorschach,ch:1:sloid:6311,8506311,47.47800087,9.5051369,backbone,
s-bahn-st-gallen:S5,19,Staad SG,ch:1:sloid:6312,8506312,47.48069046,9.53552691,backbone,
s-bahn-st-gallen:S5,20,Rheineck,ch:1:sloid:6313,8506313,47.4668889,9.59091703,backbone,
s-bahn-st-gallen:S5,21,St. Margrethen SG,ch:1:sloid:6314,8506314,47.45321734,9.63825825,backbone,
s-bahn-st-gallen:S5,22,Au SG,ch:1:sloid:6316,8506316,47.43611531,9.64125862,backbone,
s-bahn-st-gallen:S5,23,Heerbrugg,ch:1:sloid:6317,8506317,47.41039408,9.6272449,backbone,
s-bahn-st-gallen:S5,24,Rebstein-Marbach,ch:1:sloid:6318,8506318,47.39263959,9.58675783,backbone,
s-bahn-st-gallen:S5,25,Altstätten SG,ch:1:sloid:6319,8506319,47.37423427,9.55652054,backbone,
s-bahn-st-gallen:S6,1,Rapperswil SG,ch:1:sloid:3110,8503110,47.2248875,8.81674892,backbone,
s-bahn-st-gallen:S6,2,Blumenau,ch:1:sloid:3113,8503113,47.22367345,8.8424048,backbone,
s-bahn-st-gallen:S6,3,Schmerikon,ch:1:sloid:3115,8503115,47.22516203,8.94338442,backbone,
s-bahn-st-gallen:S6,4,Uznach,ch:1:sloid:3116,8503116,47.22428353,8.98069146,backbone,
s-bahn-st-gallen:S6,5,Benken SG,ch:1:sloid:3118,8503118,47.20445855,9.00865601,backbone,
s-bahn-st-gallen:S6,6,Schänis,ch:1:sloid:3119,8503119,47.15765833,9.04397777,backbone,
s-bahn-st-gallen:S6,7,Ziegelbrücke,ch:1:sloid:3225,8503225,47.13615854,9.06004863,backbone,
s-bahn-st-gallen:S6,8,Nieder- und Oberurnen,ch:1:sloid:3226,8503226,47.12236453,9.06239323,backbone,
s-bahn-st-gallen:S6,9,Näfels-Mollis,ch:1:sloid:3227,8503227,47.09871632,9.06995705,backbone,
s-bahn-st-gallen:S6,10,Netstal,ch:1:sloid:3228,8503228,47.06452768,9.05943778,backbone,
s-bahn-st-gallen:S6,11,Glarus,ch:1:sloid:3230,8503230,47.03992325,9.07156503,backbone,
s-bahn-st-gallen:S6,12,Ennenda,ch:1:sloid:3231,8503231,47.03296218,9.07719747,backbone,
s-bahn-st-gallen:S6,13,Mitlödi,ch:1:sloid:3232,8503232,47.01013182,9.08121294,backbone,
s-bahn-st-gallen:S6,14,Schwanden GL,ch:1:sloid:3233,8503233,46.99685044,9.07746696,backbone,
s-bahn-st-gallen:S6,15,Nidfurn-Haslen,ch:1:sloid:3234,8503234,46.9858945,9.05927608,backbone,
s-bahn-st-gallen:S6,16,Leuggelbach,ch:1:sloid:3235,8503235,46.97574538,9.04694221,backbone,
s-bahn-st-gallen:S6,17,Luchsingen-Hätzingen,ch:1:sloid:3236,8503236,46.96507325,9.03901907,backbone,
s-bahn-st-gallen:S6,18,Diesbach-Betschwanden,ch:1:sloid:3237,8503237,46.94618185,9.02437653,backbone,
s-bahn-st-gallen:S6,19,Rüti GL,ch:1:sloid:3238,8503238,46.93454692,9.01303979,backbone,
s-bahn-st-gallen:S6,20,Linthal Braunwaldbahn,ch:1:sloid:3240,8503240,46.92830828,9.00264628,backbone,
s-bahn-st-gallen:S6,21,Linthal,ch:1:sloid:3239,8503239,46.925566,8.99779538,backbone,
s-bahn-st-gallen:S7,1,Weinfelden,ch:1:sloid:6105,8506105,47.56622411,9.10636577,backbone,
s-bahn-st-gallen:S7,2,Amriswil,ch:1:sloid:6109,8506109,47.55045031,9.30222545,backbone,
s-bahn-st-gallen:S7,3,Romanshorn,ch:1:sloid:6121,8506121,47.56552099,9.37937276,backbone,
s-bahn-st-gallen:S7,4,Egnach,ch:1:sloid:6309,8506309,47.54399271,9.38301992,backbone,
s-bahn-st-gallen:S7,5,Arbon Seemoosriet,ch:1:sloid:16270,8516270,47.52119377,9.42501616,backbone,
s-bahn-st-gallen:S7,6,Arbon,ch:1:sloid:6308,8506308,47.51058849,9.43336151,backbone,
s-bahn-st-gallen:S7,7,Steinach,ch:1:sloid:16271,8516271,47.50095816,9.44200331,backbone,
s-bahn-st-gallen:S7,8,Horn,ch:1:sloid:6307,8506307,47.49317735,9.46339219,backbone,
s-bahn-st-gallen:S7,9,Rorschach Hafen,ch:1:sloid:6306,8506306,47.4785898,9.49291982,backbone,
s-bahn-st-gallen:S7,10,Rorschach,ch:1:sloid:6311,8506311,47.47800087,9.5051369,backbone,
s-bahn-st-gallen:S7,11,St. Margrethen SG,ch:1:sloid:6314,8506314,47.45321734,9.63825825,extension,8506311
s-bahn-st-gallen:S81,1,Herisau,ch:1:sloid:6290,8506290,47.39016443,9.27681211,backbone,
s-bahn-st-gallen:S81,2,St. Gallen Haggen,ch:1:sloid:6392,8506392,47.4077556,9.33814908,backbone,
s-bahn-st-gallen:S81,3,St. Gallen,ch:1:sloid:6302,8506302,47.42317725,9.36989554,backbone,
s-bahn-st-gallen:S82,1,Romanshorn,ch:1:sloid:6121,8506121,47.56552099,9.37937276,backbone,
s-bahn-st-gallen:S82,2,Wittenbach,ch:1:sloid:6393,8506393,47.46285036,9.38854456,backbone,
s-bahn-st-gallen:S82,3,St. Gallen St. Fiden,ch:1:sloid:6303,8506303,47.43454152,9.39344038,backbone,
s-bahn-st-gallen:S82,4,St. Gallen,ch:1:sloid:6302,8506302,47.42317725,9.36989554,backbone,
s-bahn-st-gallen:S9,1,Wattwil,ch:1:sloid:6200,8506200,47.29947654,9.08648605,backbone,
s-bahn-st-gallen:S9,2,Lichtensteig,ch:1:sloid:6201,8506201,47.31969835,9.08318923,backbone,
s-bahn-st-gallen:S9,3,Dietfurt,ch:1:sloid:6202,8506202,47.34455083,9.07832036,backbone,
s-bahn-st-gallen:S9,4,Bütschwil,ch:1:sloid:6203,8506203,47.35958936,9.07514931,backbone,
s-bahn-st-gallen:S9,5,Lütisburg,ch:1:sloid:6204,8506204,47.3848245,9.07109791,backbone,
s-bahn-st-gallen:S9,6,Bazenheid,ch:1:sloid:6205,8506205,47.41012659,9.06905873,backbone,
s-bahn-st-gallen:S9,7,Wil SG,ch:1:sloid:6206,8506206,47.46241308,9.04099536,backbone,
s-bahn-st-gallen:S:8506121-8506131,1,Steckborn,ch:1:sloid:6136,8506136,47.66450617,8.98103282,backbone,
s-bahn-st-gallen:S:8506121-8506131,2,Berlingen,ch:1:sloid:6135,8506135,47.67321123,9.02202294,backbone,
s-bahn-st-gallen:S:8506121-8506131,3,Mannenbach-Salenstein,ch:1:sloid:6134,8506134,47.67364675,9.05280821,backbone,
s-bahn-st-gallen:S:8506121-8506131,4,Ermatingen,ch:1:sloid:6133,8506133,47.66999918,9.08566858,backbone,
s-bahn-st-gallen:S:8506121-8506131,5,Triboltingen,ch:1:sloid:6118,8506118,47.66289687,9.10876427,backbone,
s-bahn-st-gallen:S:8506121-8506131,6,Tägerwilen-Gottlieben,ch:1:sloid:6132,8506132,47.65961763,9.13298285,backbone,
s-bahn-st-gallen:S:8506121-8506131,7,Kreuzlingen,ch:1:sloid:6131,8506131,47.65255022,9.16907716,backbone,
s-bahn-st-gallen:S:8506121-8506131,8,Kreuzlingen Hafen,ch:1:sloid:6128,8506128,47.64916139,9.18198595,backbone,
s-bahn-st-gallen:S:8506121-8506131,9,Kurzrickenbach Seepark,ch:1:sloid:6119,8506119,47.64307911,9.19635899,backbone,
s-bahn-st-gallen:S:8506121-8506131,10,Bottighofen,ch:1:sloid:6127,8506127,47.64070653,9.21310359,backbone,
s-bahn-st-gallen:S:8506121-8506131,11,Münsterlingen-Scherzingen,ch:1:sloid:6126,8506126,47.63342469,9.22700951,backbone,
s-bahn-st-gallen:S:8506121-8506131,12,Münsterlingen Spital,ch:1:sloid:6143,8506143,47.63204447,9.23611843,backbone,
s-bahn-st-gallen:S:8506121-8506131,13,Landschlacht,ch:1:sloid:88122,8588122,47.62889043,9.24695211,backbone,
s-bahn-st-gallen:S:8506121-8506131,14,Altnau,ch:1:sloid:6125,8506125,47.6213708,9.26591554,backbone,
s-bahn-st-gallen:S:8506121-8506131,15,Kesswil,ch:1:sloid:6123,8506123,47.59549792,9.31742494,backbone,
s-bahn-st-gallen:S:8506121-8506131,16,Uttwil,ch:1:sloid:6122,8506122,47.58602254,9.33970316,backbone,
s-bahn-st-gallen:S:8506121-8506131,17,Romanshorn,ch:1:sloid:6121,8506121,47.56552099,9.37937276,backbone,
s-bahn-st-gallen:S:8506121-8506131,18,St. Gallen,ch:1:sloid:6302,8506302,47.42317725,9.36989554,backbone,
s-bahn-st-gallen:S:8506200-8506294,1,Wattwil,ch:1:sloid:6200,8506200,47.29947654,9.08648605,backbone,
s-bahn-st-gallen:S:8506200-8506294,2,Lichtensteig,ch:1:sloid:6201,8506201,47.31969835,9.08318923,backbone,
s-bahn-st-gallen:S:8506200-8506294,3,Brunnadern-Neckertal,ch:1:sloid:6294,8506294,47.33782441,9.13059333,backbone,
s-bahn-st-gallen:S:8506311-8509002,1,Rorschach,ch:1:sloid:6311,8506311,47.47800087,9.5051369,backbone,
s-bahn-st-gallen:S:8506311-8509002,2,Rheineck,ch:1:sloid:6313,8506313,47.4668889,9.59091703,backbone,
s-bahn-st-gallen:S:8506311-8509002,3,St. Margrethen SG,ch:1:sloid:6314,8506314,47.45321734,9.63825825,backbone,
s-bahn-st-gallen:S:8506311-8509002,4,Heerbrugg,ch:1:sloid:6317,8506317,47.41039408,9.6272449,backbone,
s-bahn-st-gallen:S:8506311-8509002,5,Altstätten SG,ch:1:sloid:6319,8506319,47.37423427,9.55652054,backbone,
s-bahn-st-gallen:S:8506311-8509002,6,Buchs SG,ch:1:sloid:9404,8509404,47.16841413,9.4786366,backbone,
s-bahn-st-gallen:S:8506311-8509002,7,Sevelen,ch:1:sloid:9406,8509406,47.12537788,9.4938361,backbone,
s-bahn-st-gallen:S:8506311-8509002,8,Sargans,ch:1:sloid:9411,8509411,47.04482056,9.44626132,backbone,
s-bahn-st-gallen:S:8506311-8509002,9,Bad Ragaz,ch:1:sloid:9004,8509004,47.01030945,9.50522673,backbone,
s-bahn-st-gallen:S:8506311-8509002,10,Maienfeld,ch:1:sloid:9003,8509003,47.00384073,9.52921175,backbone,
s-bahn-st-gallen:S:8506311-8509002,11,Landquart,ch:1:sloid:9002,8509002,46.96743957,9.55404119,backbone,
s-bahn-st-gallen:SN44,1,Rapperswil SG,ch:1:sloid:3110,8503110,47.2248875,8.81674892,backbone,
s-bahn-st-gallen:SN44,2,Blumenau,ch:1:sloid:3113,8503113,47.22367345,8.8424048,backbone,
s-bahn-st-gallen:SN44,3,Schmerikon,ch:1:sloid:3115,8503115,47.22516203,8.94338442,backbone,
s-bahn-st-gallen:SN44,4,Uznach,ch:1:sloid:3116,8503116,47.22428353,8.98069146,backbone,
s-bahn-st-gallen:SN44,5,Kaltbrunn,ch:1:sloid:3117,8503117,47.2179811,9.02242719,backbone,
s-bahn-st-gallen:SN44,6,Wattwil,ch:1:sloid:6200,8506200,47.29947654,9.08648605,backbone,
s-bahn-st-gallen:SN44,7,Lichtensteig,ch:1:sloid:6201,8506201,47.31969835,9.08318923,backbone,
s-bahn-st-gallen:SN71,1,Kreuzlingen,ch:1:sloid:6131,8506131,47.65255022,9.16907716,backbone,
s-bahn-st-gallen:SN71,2,Kreuzlingen Hafen,ch:1:sloid:6128,8506128,47.64916139,9.18198595,backbone,
s-bahn-st-gallen:SN71,3,Kurzrickenbach Seepark,ch:1:sloid:6119,8506119,47.64307911,9.19635899,backbone,
s-bahn-st-gallen:SN71,4,Bottighofen,ch:1:sloid:6127,8506127,47.64070653,9.21310359,backbone,
s-bahn-st-gallen:SN71,5,Münsterlingen-Scherzingen,ch:1:sloid:6126,8506126,47.63342469,9.22700951,backbone,
s-bahn-st-gallen:SN71,6,Münsterlingen Spital,ch:1:sloid:6143,8506143,47.63204447,9.23611843,backbone,
s-bahn-st-gallen:SN71,7,Landschlacht,ch:1:sloid:88122,8588122,47.62889043,9.24695211,backbone,
s-bahn-st-gallen:SN71,8,Altnau,ch:1:sloid:6125,8506125,47.6213708,9.26591554,backbone,
s-bahn-st-gallen:SN71,9,Güttingen,ch:1:sloid:6124,8506124,47.60875089,9.29224516,backbone,
s-bahn-st-gallen:SN71,10,Kesswil,ch:1:sloid:6123,8506123,47.59549792,9.31742494,backbone,
s-bahn-st-gallen:SN71,11,Uttwil,ch:1:sloid:6122,8506122,47.58602254,9.33970316,backbone,
s-bahn-st-gallen:SN71,12,Romanshorn,ch:1:sloid:6121,8506121,47.56552099,9.37937276,backbone,
s-bahn-st-gallen:SN71,13,Egnach,ch:1:sloid:6309,8506309,47.54399271,9.38301992,backbone,
s-bahn-st-gallen:SN71,14,Arbon Seemoosriet,ch:1:sloid:16270,8516270,47.52119377,9.42501616,backbone,
s-bahn-st-gallen:SN71,15,Arbon,ch:1:sloid:6308,8506308,47.51058849,9.43336151,backbone,
s-bahn-st-gallen:SN71,16,Steinach,ch:1:sloid:16271,8516271,47.50095816,9.44200331,backbone,
s-bahn-st-gallen:SN71,17,Horn,ch:1:sloid:6307,8506307,47.49317735,9.46339219,backbone,
s-bahn-st-gallen:SN71,18,Rorschach Hafen,ch:1:sloid:6306,8506306,47.4785898,9.49291982,backbone,
s-bahn-st-gallen:SN71,19,Rorschach,ch:1:sloid:6311,8506311,47.47800087,9.5051369,backbone,
s-bahn-st-gallen:SN72,1,Romanshorn,ch:1:sloid:6121,8506121,47.56552099,9.37937276,backbone,
s-bahn-st-gallen:SN72,2,Neukirch-Egnach,ch:1:sloid:6398,8506398,47.53879574,9.37585137,backbone,
s-bahn-st-gallen:SN72,3,Steinebrunn,ch:1:sloid:6397,8506397,47.53153003,9.34986311,backbone,
s-bahn-st-gallen:SN72,4,Muolen,ch:1:sloid:6396,8506396,47.51762656,9.33708906,backbone,
s-bahn-st-gallen:SN72,5,Häggenschwil-Winden,ch:1:sloid:6395,8506395,47.50386504,9.3587205,backbone,
s-bahn-st-gallen:SN72,6,Roggwil-Berg,ch:1:sloid:6394,8506394,47.48558966,9.39202104,backbone,
s-bahn-st-gallen:SN72,7,Wittenbach,ch:1:sloid:6393,8506393,47.46285036,9.38854456,backbone,
s-bahn-st-gallen:SN72,8,St. Gallen St. Fiden,ch:1:sloid:6303,8506303,47.43454152,9.39344038,backbone,
s-bahn-st-gallen:SN72,9,St. Gallen,ch:1:sloid:6302,8506302,47.42317725,9.36989554,backbone,
s-bahn-st-gallen:SN72,10,Herisau,ch:1:sloid:6290,8506290,47.39016443,9.27681211,backbone,
s-bahn-st-gallen:SN72,11,Schachen (Herisau),ch:1:sloid:6291,8506291,47.38513469,9.24320613,backbone,
s-bahn-st-gallen:SN72,12,Degersheim,ch:1:sloid:6292,8506292,47.37257954,9.20012293,backbone,
s-bahn-st-gallen:SN72,13,Mogelsberg,ch:1:sloid:6293,8506293,47.3637271,9.14202888,backbone,
s-bahn-st-gallen:SN72,14,Brunnadern-Neckertal,ch:1:sloid:6294,8506294,47.33782441,9.13059333,backbone,
s-bahn-st-gallen:SN72,15,Lichtensteig,ch:1:sloid:6201,8506201,47.31969835,9.08318923,backbone,
s-bahn-st-gallen:SN72,16,Wattwil,ch:1:sloid:6200,8506200,47.29947654,9.08648605,backbone,
s-bahn-st-gallen:SN:8506290-8506302,1,Herisau,ch:1:sloid:6290,8506290,47.39016443,9.27681211,backbone,
s-bahn-st-gallen:SN:8506290-8506302,2,St. Gallen,ch:1:sloid:6302,8506302,47.42317725,9.36989554,backbone,
s-bahn-zuerich:RE-N7,1,Zürich HB,ch:1:sloid:3000,8503000,47.3781762,8.54021154,backbone,
s-bahn-zuerich:RE-N7,2,Thalwil,ch:1:sloid:3202,8503202,47.29597958,8.56477148,backbone,
s-bahn-zuerich:RE-N7,3,Baar,ch:1:sloid:2206,8502206,47.19536428,8.52326931,backbone,
s-bahn-zuerich:RE-N7,4,Zug,ch:1:sloid:2204,8502204,47.17370877,8.51504973,backbone,
s-bahn-zuerich:RE-N7,5,Cham,ch:1:sloid:2203,8502203,47.17824574,8.45750365,backbone,
s-bahn-zuerich:RE-N7,6,Rotkreuz,ch:1:sloid:2202,8502202,47.14176191,8.43049131,backbone,
s-bahn-zuerich:RE-N7,7,Gisikon-Root,ch:1:sloid:2201,8502201,47.12132541,8.39479226,backbone,
s-bahn-zuerich:RE-N7,8,Ebikon,ch:1:sloid:2200,8502200,47.08426422,8.3423576,backbone,
s-bahn-zuerich:RE-N7,9,Luzern,ch:1:sloid:5000,8505000,47.05017648,8.31017995,backbone,
s-bahn-zuerich:RE12,1,Olten,ch:1:sloid:218,8500218,47.3519337,7.90769877,backbone,
s-bahn-zuerich:RE12,2,Aarau,ch:1:sloid:2113,8502113,47.39136249,8.0512765,backbone,
s-bahn-zuerich:RE12,3,Wildegg,ch:1:sloid:2115,8502115,47.41527551,8.16301794,backbone,
s-bahn-zuerich:RE12,4,Holderbank AG,ch:1:sloid:2128,8502128,47.42864091,8.16662018,backbone,
s-bahn-zuerich:RE12,5,Schinznach Bad,ch:1:sloid:2116,8502116,47.45178378,8.16695256,backbone,
s-bahn-zuerich:RE12,6,Brugg AG,ch:1:sloid:309,8500309,47.48086045,8.208841,backbone,
s-bahn-zuerich:RE12,7,Turgi,ch:1:sloid:3503,8503503,47.49175702,8.25346032,backbone,
s-bahn-zuerich:RE12,8,Baden,ch:1:sloid:3504,8503504,47.47642226,8.30770958,backbone,
s-bahn-zuerich:RE12,9,Wettingen,ch:1:sloid:3505,8503505,47.45963752,8.31601001,backbone,
s-bahn-zuerich:RE12,10,Neuenhof,ch:1:sloid:3511,8503511,47.45066606,8.33125442,backbone,
s-bahn-zuerich:RE12,11,Killwangen-Spreitenbach,ch:1:sloid:3506,8503506,47.43332621,8.35421536,backbone,
s-bahn-zuerich:RE12,12,Dietikon,ch:1:sloid:3508,8503508,47.40578578,8.40498814,backbone,
s-bahn-zuerich:RE12,13,Glanzenberg,ch:1:sloid:3512,8503512,47.39887866,8.42043916,backbone,
s-bahn-zuerich:RE12,14,Schlieren,ch:1:sloid:3509,8503509,47.39917661,8.44724489,backbone,
s-bahn-zuerich:RE12,15,Zürich Altstetten,ch:1:sloid:3001,8503001,47.39148412,8.48896265,backbone,
s-bahn-zuerich:RE12,16,Zürich HB,ch:1:sloid:3000,8503000,47.3781762,8.54021154,backbone,
s-bahn-zuerich:RE25,1,Zürich HB,ch:1:sloid:3000,8503000,47.3781762,8.54021154,backbone,
s-bahn-zuerich:RE25,2,Horgen,ch:1:sloid:3204,8503204,47.26148492,8.5969132,backbone,
s-bahn-zuerich:RE25,3,Wädenswil,ch:1:sloid:3206,8503206,47.22930419,8.67521934,backbone,
s-bahn-zuerich:RE25,4,Burghalden,ch:1:sloid:3287,8503287,47.20867556,8.69271853,backbone,
s-bahn-zuerich:RE25,5,Samstagern,ch:1:sloid:3286,8503286,47.19154911,8.68599015,backbone,
s-bahn-zuerich:RE25,6,Schindellegi-Feusisberg,ch:1:sloid:3285,8503285,47.17640779,8.70938228,backbone,
s-bahn-zuerich:RE25,7,Biberbrugg,ch:1:sloid:3284,8503284,47.15638166,8.72271327,backbone,
s-bahn-zuerich:RE25,8,Einsiedeln,ch:1:sloid:3283,8503283,47.12858053,8.74447945,backbone,
s-bahn-zuerich:RE35,1,Zürich HB,ch:1:sloid:3000,8503000,47.3781762,8.54021154,backbone,
s-bahn-zuerich:RE35,2,Thalwil,ch:1:sloid:3202,8503202,47.29597958,8.56477148,backbone,
s-bahn-zuerich:RE35,3,Wädenswil,ch:1:sloid:3206,8503206,47.22930419,8.67521934,backbone,
s-bahn-zuerich:RE35,4,Pfäffikon SZ,ch:1:sloid:3209,8503209,47.20299991,8.77813034,backbone,
s-bahn-zuerich:RE37,1,Olten,ch:1:sloid:218,8500218,47.3519337,7.90769877,backbone,
s-bahn-zuerich:RE37,2,Dulliken,ch:1:sloid:2110,8502110,47.35427677,7.946497,backbone,
s-bahn-zuerich:RE37,3,Däniken SO,ch:1:sloid:2111,8502111,47.35638848,7.97877347,backbone,
s-bahn-zuerich:RE37,4,Schönenwerd SO,ch:1:sloid:2112,8502112,47.37142364,8.00016236,backbone,
s-bahn-zuerich:RE37,5,Aarau,ch:1:sloid:2113,8502113,47.39136249,8.0512765,backbone,
s-bahn-zuerich:RE37,6,Lenzburg,ch:1:sloid:2119,8502119,47.39119829,8.1703931,backbone,
s-bahn-zuerich:RE37,7,Zürich Altstetten,ch:1:sloid:3001,8503001,47.39148412,8.48896265,detour,8502119
s-bahn-zuerich:RE37,8,Zürich HB,ch:1:sloid:3000,8503000,47.3781762,8.54021154,backbone,
s-bahn-zuerich:RE37,9,Zürich Hardbrücke,ch:1:sloid:3020,8503020,47.38519551,8.51712484,branch,8502119
s-bahn-zuerich:RE48,1,Zürich HB,ch:1:sloid:3000,8503000,47.3781762,8.54021154,backbone,
s-bahn-zuerich:RE48,2,Zürich Oerlikon,ch:1:sloid:3006,8503006,47.41153089,8.54413718,backbone,
s-bahn-zuerich:RE48,3,Bülach,ch:1:sloid:3400,8503400,47.52394788,8.53620505,backbone,
s-bahn-zuerich:RE48,4,Hüntwangen-Wil,ch:1:sloid:3403,8503403,47.58126602,8.51284886,backbone,
s-bahn-zuerich:RE48,5,Neuhausen Rheinfall,ch:1:sloid:18924,8518924,47.67980409,8.61694563,detour,8503400
s-bahn-zuerich:RE48,6,Schaffhausen,ch:1:sloid:3424,8503424,47.69828386,8.63275598,backbone,
s-bahn-zuerich:RE48,7,Jestetten,ch:1:sloid:3421,8503421,47.65440187,8.57329649,branch,8503400
s-bahn-zuerich:RE:8500218-8503000,1,Olten,ch:1:sloid:218,8500218,47.3519337,7.90769877,backbone,
s-bahn-zuerich:RE:8500218-8503000,2,Aarau,ch:1:sloid:2113,8502113,47.39136249,8.0512765,backbone,
s-bahn-zuerich:RE:8500218-8503000,3,Lenzburg,ch:1:sloid:2119,8502119,47.39119829,8.1703931,backbone,
s-bahn-zuerich:RE:8500218-8503000,4,Dietikon,ch:1:sloid:3508,8503508,47.40578578,8.40498814,detour,8502119
s-bahn-zuerich:RE:8500218-8503000,5,Zürich Altstetten,ch:1:sloid:3001,8503001,47.39148412,8.48896265,backbone,
s-bahn-zuerich:RE:8500218-8503000,6,Zürich HB,ch:1:sloid:3000,8503000,47.3781762,8.54021154,backbone,
s-bahn-zuerich:RE:8502204-8503000,1,Zürich HB,ch:1:sloid:3000,8503000,47.3781762,8.54021154,backbone,
s-bahn-zuerich:RE:8502204-8503000,2,Zürich Enge,ch:1:sloid:3010,8503010,47.36409826,8.53082415,detour,8503000
s-bahn-zuerich:RE:8502204-8503000,3,Thalwil,ch:1:sloid:3202,8503202,47.29597958,8.56477148,backbone,
s-bahn-zuerich:RE:8502204-8503000,4,Horgen Oberdorf,ch:1:sloid:2208,8502208,47.25874755,8.58981651,detour,8503202
s-bahn-zuerich:RE:8502204-8503000,5,Baar,ch:1:sloid:2206,8502206,47.19536428,8.52326931,backbone,
s-bahn-zuerich:RE:8502204-8503000,6,Zug,ch:1:sloid:2204,8502204,47.17370877,8.51504973,backbone,
s-bahn-zuerich:RE:8502204-8503000,7,Cham,ch:1:sloid:2203,8502203,47.17824574,8.45750365,backbone,
s-bahn-zuerich:RE:8502204-8503000,8,Rotkreuz,ch:1:sloid:2202,8502202,47.14176191,8.43049131,backbone,
s-bahn-zuerich:RE:8502204-8503000,9,Gisikon-Root,ch:1:sloid:2201,8502201,47.12132541,8.39479226,backbone,
s-bahn-zuerich:RE:8502204-8503000,10,Ebikon,ch:1:sloid:2200,8502200,47.08426422,8.3423576,backbone,
s-bahn-zuerich:RE:8502204-8503000,11,Luzern,ch:1:sloid:5000,8505000,47.05017648,8.31017995,backbone,
s-bahn-zuerich:RE:8503000-8503283,1,Zürich HB,ch:1:sloid:3000,8503000,47.3781762,8.54021154,backbone,
s-bahn-zuerich:RE:8503000-8503283,2,Horgen,ch:1:sloid:3204,8503204,47.26148492,8.5969132,backbone,
s-bahn-zuerich:RE:8503000-8503283,3,Wädenswil,ch:1:sloid:3206,8503206,47.22930419,8.67521934,backbone,
s-bahn-zuerich:RE:8503000-8503283,4,Burghalden,ch:1:sloid:3287,8503287,47.20867556,8.69271853,backbone,
s-bahn-zuerich:RE:8503000-8503283,5,Samstagern,ch:1:sloid:3286,8503286,47.19154911,8.68599015,backbone,
s-bahn-zuerich:RE:8503000-8503283,6,Schindellegi-Feusisberg,ch:1:sloid:3285,8503285,47.17640779,8.70938228,backbone,
s-bahn-zuerich:RE:8503000-8503283,7,Biberbrugg,ch:1:sloid:3284,8503284,47.15638166,8.72271327,backbone,
s-bahn-zuerich:RE:8503000-8503283,8,Einsiedeln,ch:1:sloid:3283,8503283,47.12858053,8.74447945,backbone,
s-bahn-zuerich:RE:8503000-8503421,1,Zürich HB,ch:1:sloid:3000,8503000,47.3781762,8.54021154,backbone,
s-bahn-zuerich:RE:8503000-8503421,2,Zürich Oerlikon,ch:1:sloid:3006,8503006,47.41153089,8.54413718,backbone,
s-bahn-zuerich:RE:8503000-8503421,3,Bülach,ch:1:sloid:3400,8503400,47.52394788,8.53620505,backbone,
s-bahn-zuerich:RE:8503000-8503421,4,Jestetten,ch:1:sloid:3421,8503421,47.65440187,8.57329649,backbone,
s-bahn-zuerich:RE:8503000-8506000,1,Zürich HB,ch:1:sloid:3000,8503000,47.3781762,8.54021154,backbone,
s-bahn-zuerich:RE:8503000-8506000,2,Zürich Flughafen,ch:1:sloid:3016,8503016,47.45038663,8.56239993,backbone,
s-bahn-zuerich:RE:8503000-8506000,3,Winterthur,ch:1:sloid:6000,8506000,47.50033307,8.7238182,backbone,
s-bahn-zuerich:S10,1,Zürich HB,ch:1:sloid:3000,8503000,47.3781762,8.54021154,backbone,
s-bahn-zuerich:S10,2,Zürich Selnau,ch:1:sloid:3090,8503090,47.37223886,8.53172246,backbone,
s-bahn-zuerich:S10,3,Zürich Binz,ch:1:sloid:3051,8503051,47.36276571,8.51829265,backbone,
s-bahn-zuerich:S10,4,Zürich Friesenberg,ch:1:sloid:3052,8503052,47.36479799,8.50750388,backbone,
s-bahn-zuerich:S10,5,Zürich Schweighof,ch:1:sloid:3053,8503053,47.36494402,8.50353333,backbone,
s-bahn-zuerich:S10,6,Zürich Triemli,ch:1:sloid:3054,8503054,47.36499269,8.49537663,backbone,
s-bahn-zuerich:S10,7,Uitikon Waldegg,ch:1:sloid:3055,8503055,47.36592362,8.46592087,backbone,
s-bahn-zuerich:S10,8,Ringlikon,ch:1:sloid:3056,8503056,47.36029524,8.47742829,backbone,
s-bahn-zuerich:S10,9,Uetliberg,ch:1:sloid:3057,8503057,47.35207368,8.4875523,backbone,
s-bahn-zuerich:S11,1,Aarau,ch:1:sloid:2113,8502113,47.39136249,8.0512765,backbone,
s-bahn-zuerich:S11,2,Rupperswil,ch:1:sloid:2114,8502114,47.403293,8.12695956,detour,8502113
s-bahn-zuerich:S11,3,Lenzburg,ch:1:sloid:2119,8502119,47.39119829,8.1703931,backbone,
s-bahn-zuerich:S11,4,Othmarsingen,ch:1:sloid:2105,8502105,47.40743338,8.21480581,backbone,
s-bahn-zuerich:S11,5,Mägenwil,ch:1:sloid:2106,8502106,47.41450959,8.23515265,backbone,
s-bahn-zuerich:S11,6,Mellingen Heitersberg,ch:1:sloid:16219,8516219,47.42807573,8.27636736,backbone,
s-bahn-zuerich:S11,7,Killwangen-Spreitenbach,ch:1:sloid:3506,8503506,47.43332621,8.35421536,backbone,
s-bahn-zuerich:S11,8,Dietikon,ch:1:sloid:3508,8503508,47.40578578,8.40498814,backbone,
s-bahn-zuerich:S11,9,Glanzenberg,ch:1:sloid:3512,8503512,47.39887866,8.42043916,backbone,
s-bahn-zuerich:S11,10,Schlieren,ch:1:sloid:3509,8503509,47.39917661,8.44724489,backbone,
s-bahn-zuerich:S11,11,Zürich Altstetten,ch:1:sloid:3001,8503001,47.39148412,8.48896265,backbone,
s-bahn-zuerich:S11,12,Zürich Hardbrücke,ch:1:sloid:3020,8503020,47.38519551,8.51712484,backbone,
s-bahn-zuerich:S11,13,Zürich HB,ch:1:sloid:3000,8503000,47.3781762,8.54021154,backbone,
s-bahn-zuerich:S11,14,Zürich Stadelhofen,ch:1:sloid:3003,8503003,47.36661115,8.54848502,backbone,
s-bahn-zuerich:S11,15,Stettbach,ch:1:sloid:3147,8503147,47.39721255,8.59614065,backbone,
s-bahn-zuerich:S11,16,Kemptthal,ch:1:sloid:3304,8503304,47.45284073,8.7055824,detour,8503147
s-bahn-zuerich:S11,17,Winterthur,ch:1:sloid:6000,8506000,47.50033307,8.7238182,backbone,
s-bahn-zuerich:S11,18,Winterthur Grüze,ch:1:sloid:6001,8506001,47.49875513,8.75105512,backbone,
s-bahn-zuerich:S11,19,Winterthur Seen,ch:1:sloid:6002,8506002,47.48743509,8.76681157,backbone,
s-bahn-zuerich:S11,20,Sennhof-Kyburg,ch:1:sloid:6003,8506003,47.46517635,8.7603437,backbone,
s-bahn-zuerich:S11,21,Kollbrunn,ch:1:sloid:6004,8506004,47.45832561,8.77401606,backbone,
s-bahn-zuerich:S11,22,Rikon,ch:1:sloid:6005,8506005,47.44501028,8.79633021,backbone,
s-bahn-zuerich:S11,23,Rämismühle-Zell,ch:1:sloid:6006,8506006,47.44154117,8.81913844,backbone,
s-bahn-zuerich:S11,24,Turbenthal,ch:1:sloid:6007,8506007,47.43738524,8.84382414,backbone,
s-bahn-zuerich:S11,25,Wila,ch:1:sloid:6008,8506008,47.41777381,8.84849538,backbone,
s-bahn-zuerich:S11,26,Oberwinterthur,ch:1:sloid:6016,8506016,47.5079247,8.76038862,branch,8506000
s-bahn-zuerich:S11,27,Winterthur Wallrüti,ch:1:sloid:6038,8506038,47.51672258,8.76088269,branch,8506000
s-bahn-zuerich:S11,28,Reutlingen,ch:1:sloid:6036,8506036,47.52966189,8.75215107,branch,8506000
s-bahn-zuerich:S11,29,Seuzach,ch:1:sloid:6020,8506020,47.53576949,8.73888295,branch,8506000
s-bahn-zuerich:S11,30,Hendschiken,ch:1:sloid:2211,8502211,47.38942855,8.20738573,branch,8502105
s-bahn-zuerich:S12,1,Brugg AG,ch:1:sloid:309,8500309,47.48086045,8.208841,backbone,
s-bahn-zuerich:S12,2,Turgi,ch:1:sloid:3503,8503503,47.49175702,8.25346032,backbone,
s-bahn-zuerich:S12,3,Baden,ch:1:sloid:3504,8503504,47.47642226,8.30770958,backbone,
s-bahn-zuerich:S12,4,Wettingen,ch:1:sloid:3505,8503505,47.45963752,8.31601001,backbone,
s-bahn-zuerich:S12,5,Neuenhof,ch:1:sloid:3511,8503511,47.45066606,8.33125442,backbone,
s-bahn-zuerich:S12,6,Killwangen-Spreitenbach,ch:1:sloid:3506,8503506,47.43332621,8.35421536,backbone,
s-bahn-zuerich:S12,7,Dietikon,ch:1:sloid:3508,8503508,47.40578578,8.40498814,backbone,
s-bahn-zuerich:S12,8,Glanzenberg,ch:1:sloid:3512,8503512,47.39887866,8.42043916,backbone,
s-bahn-zuerich:S12,9,Schlieren,ch:1:sloid:3509,8503509,47.39917661,8.44724489,backbone,
s-bahn-zuerich:S12,10,Zürich Altstetten,ch:1:sloid:3001,8503001,47.39148412,8.48896265,backbone,
s-bahn-zuerich:S12,11,Zürich Hardbrücke,ch:1:sloid:3020,8503020,47.38519551,8.51712484,backbone,
s-bahn-zuerich:S12,12,Zürich HB,ch:1:sloid:3000,8503000,47.3781762,8.54021154,backbone,
s-bahn-zuerich:S12,13,Zürich Stadelhofen,ch:1:sloid:3003,8503003,47.36661115,8.54848502,backbone,
s-bahn-zuerich:S12,14,Stettbach,ch:1:sloid:3147,8503147,47.39721255,8.59614065,backbone,
s-bahn-zuerich:S12,15,Dietlikon,ch:1:sloid:3306,8503306,47.42019904,8.61927227,detour,8503147
s-bahn-zuerich:S12,16,Kemptthal,ch:1:sloid:3304,8503304,47.45284073,8.7055824,detour,8503147
s-bahn-zuerich:S12,17,Winterthur,ch:1:sloid:6000,8506000,47.50033307,8.7238182,backbone,
s-bahn-zuerich:S12,18,Winterthur Grüze,ch:1:sloid:6001,8506001,47.49875513,8.75105512,backbone,
s-bahn-zuerich:S12,19,Winterthur Hegi,ch:1:sloid:16218,8516218,47.50148614,8.76894956,backbone,
s-bahn-zuerich:S12,20,Räterschen,ch:1:sloid:6015,8506015,47.4986823,8.79501867,backbone,
s-bahn-zuerich:S12,21,Schottikon,ch:1:sloid:6035,8506035,47.50011459,8.81171835,backbone,
s-bahn-zuerich:S12,22,Elgg,ch:1:sloid:6014,8506014,47.49853057,8.8634164,backbone,
s-bahn-zuerich:S12,23,Aadorf,ch:1:sloid:6013,8506013,47.48811497,8.9033016,backbone,
s-bahn-zuerich:S12,24,Guntershausen,ch:1:sloid:6012,8506012,47.47412105,8.91702785,backbone,
s-bahn-zuerich:S12,25,Eschlikon TG,ch:1:sloid:6011,8506011,47.46148994,8.958539,backbone,
s-bahn-zuerich:S12,26,Sirnach,ch:1:sloid:6010,8506010,47.46199403,9.00047236,backbone,
s-bahn-zuerich:S12,27,Wil SG,ch:1:sloid:6206,8506206,47.46241308,9.04099536,backbone,
s-bahn-zuerich:S12,28,Hettlingen,ch:1:sloid:6045,8506045,47.54544195,8.69482957,branch,8506000
s-bahn-zuerich:S12,29,Henggart,ch:1:sloid:6046,8506046,47.56425416,8.68507386,branch,8506000
s-bahn-zuerich:S12,30,Andelfingen,ch:1:sloid:6047,8506047,47.59376534,8.67800412,branch,8506000
s-bahn-zuerich:S12,31,Marthalen,ch:1:sloid:6048,8506048,47.63137857,8.65606726,branch,8506000
s-bahn-zuerich:S12,32,Dachsen,ch:1:sloid:6049,8506049,47.6670894,8.6138195,branch,8506000
s-bahn-zuerich:S12,33,Schloss Laufen am Rheinfall,ch:1:sloid:6039,8506039,47.67656825,8.61426865,branch,8506000
s-bahn-zuerich:S12,34,Neuhausen,ch:1:sloid:3423,8503423,47.68313045,8.62493166,branch,8506000
s-bahn-zuerich:S12,35,Schaffhausen,ch:1:sloid:3424,8503424,47.69828386,8.63275598,branch,8506000
s-bahn-zuerich:S13,1,Wädenswil,ch:1:sloid:3206,8503206,47.22930419,8.67521934,backbone,
s-bahn-zuerich:S13,2,Burghalden,ch:1:sloid:3287,8503287,47.20867556,8.69271853,backbone,
s-bahn-zuerich:S13,3,Grüenfeld,ch:1:sloid:3293,8503293,47.19829415,8.6872927,backbone,
s-bahn-zuerich:S13,4,Samstagern,ch:1:sloid:3286,8503286,47.19154911,8.68599015,backbone,
s-bahn-zuerich:S13,5,Schindellegi-Feusisberg,ch:1:sloid:3285,8503285,47.17640779,8.70938228,backbone,
s-bahn-zuerich:S13,6,Biberbrugg,ch:1:sloid:3284,8503284,47.15638166,8.72271327,backbone,
s-bahn-zuerich:S13,7,Einsiedeln,ch:1:sloid:3283,8503283,47.12858053,8.74447945,backbone,
s-bahn-zuerich:S14,1,Affoltern am Albis,ch:1:sloid:2224,8502224,47.27607172,8.44659811,backbone,
s-bahn-zuerich:S14,2,Hedingen,ch:1:sloid:2223,8502223,47.29878204,8.44596928,backbone,
s-bahn-zuerich:S14,3,Bonstetten-Wettswil,ch:1:sloid:2222,8502222,47.32590344,8.4681936,backbone,
s-bahn-zuerich:S14,4,Birmensdorf ZH,ch:1:sloid:2221,8502221,47.35742909,8.43755207,backbone,
s-bahn-zuerich:S14,5,Urdorf Weihermatt,ch:1:sloid:2229,8502229,47.38096822,8.4303386,backbone,
s-bahn-zuerich:S14,6,Urdorf,ch:1:sloid:2220,8502220,47.39088205,8.43473136,backbone,
s-bahn-zuerich:S14,7,Zürich Altstetten,ch:1:sloid:3001,8503001,47.39148412,8.48896265,backbone,
s-bahn-zuerich:S14,8,Zürich HB,ch:1:sloid:3000,8503000,47.3781762,8.54021154,backbone,
s-bahn-zuerich:S14,9,Zürich Oerlikon,ch:1:sloid:3006,8503006,47.41153089,8.54413718,backbone,
s-bahn-zuerich:S14,10,Wallisellen,ch:1:sloid:3129,8503129,47.41272239,8.59192755,backbone,
s-bahn-zuerich:S14,11,Stettbach,ch:1:sloid:3147,8503147,47.39721255,8.59614065,detour,8503000
s-bahn-zuerich:S14,12,Dübendorf,ch:1:sloid:3128,8503128,47.40008261,8.62342249,backbone,
s-bahn-zuerich:S14,13,Schwerzenbach ZH,ch:1:sloid:3127,8503127,47.38438657,8.65867238,backbone,
s-bahn-zuerich:S14,14,Nänikon-Greifensee,ch:1:sloid:3126,8503126,47.3693612,8.68641235,backbone,
s-bahn-zuerich:S14,15,Uster,ch:1:sloid:3125,8503125,47.35036957,8.71870679,backbone,
s-bahn-zuerich:S14,16,Aathal,ch:1:sloid:3124,8503124,47.33596155,8.7656258,backbone,
s-bahn-zuerich:S14,17,Wetzikon ZH,ch:1:sloid:3123,8503123,47.31802974,8.79228779,backbone,
s-bahn-zuerich:S14,18,Bubikon,ch:1:sloid:3122,8503122,47.27084215,8.82271373,backbone,
s-bahn-zuerich:S14,19,Rüti ZH,ch:1:sloid:3121,8503121,47.2604851,8.8540829,backbone,
s-bahn-zuerich:S14,20,Jona,ch:1:sloid:3120,8503120,47.23097561,8.83461641,backbone,
s-bahn-zuerich:S14,21,Rapperswil SG,ch:1:sloid:3110,8503110,47.2248875,8.81674892,backbone,
s-bahn-zuerich:S14,22,Hinwil,ch:1:sloid:3130,8503130,47.30005529,8.83971884,branch,8503123
s-bahn-zuerich:S15,1,Pfäffikon SZ,ch:1:sloid:3209,8503209,47.20299991,8.77813034,backbone,
s-bahn-zuerich:S15,2,Rapperswil SG,ch:1:sloid:3110,8503110,47.2248875,8.81674892,backbone,
s-bahn-zuerich:S15,3,Jona,ch:1:sloid:3120,8503120,47.23097561,8.83461641,backbone,
s-bahn-zuerich:S15,4,Rüti ZH,ch:1:sloid:3121,8503121,47.2604851,8.8540829,backbone,
s-bahn-zuerich:S15,5,Bubikon,ch:1:sloid:3122,8503122,47.27084215,8.82271373,backbone,
s-bahn-zuerich:S15,6,Wetzikon ZH,ch:1:sloid:3123,8503123,47.31802974,8.79228779,backbone,
s-bahn-zuerich:S15,7,Uster,ch:1:sloid:3125,8503125,47.35036957,8.71870679,backbone,
s-bahn-zuerich:S15,8,Stettbach,ch:1:sloid:3147,8503147,47.39721255,8.59614065,detour,8503125
s-bahn-zuerich:S15,9,Zürich Stadelhofen,ch:1:sloid:3003,8503003,47.36661115,8.54848502,backbone,
s-bahn-zuerich:S15,10,Zürich HB,ch:1:sloid:3000,8503000,47.3781762,8.54021154,backbone,
s-bahn-zuerich:S15,11,Zürich Hardbrücke,ch:1:sloid:3020,8503020,47.38519551,8.51712484,backbone,
s-bahn-zuerich:S15,12,Zürich Oerlikon,ch:1:sloid:3006,8503006,47.41153089,8.54413718,backbone,
s-bahn-zuerich:S15,13,Glattbrugg,ch:1:sloid:3310,8503310,47.43082865,8.55885158,backbone,
s-bahn-zuerich:S15,14,Rümlang,ch:1:sloid:3311,8503311,47.45406774,8.53276451,backbone,
s-bahn-zuerich:S15,15,Oberglatt ZH,ch:1:sloid:3312,8503312,47.47020452,8.51062104,backbone,
s-bahn-zuerich:S15,16,Niederhasli,ch:1:sloid:3314,8503314,47.47832872,8.48871113,backbone,
s-bahn-zuerich:S15,17,Dielsdorf,ch:1:sloid:3315,8503315,47.48242071,8.45944401,backbone,
s-bahn-zuerich:S15,18,Steinmaur,ch:1:sloid:3316,8503316,47.48998459,8.44685862,backbone,
s-bahn-zuerich:S15,19,Schöfflisdorf-Oberweningen,ch:1:sloid:3317,8503317,47.49797221,8.41181534,backbone,
s-bahn-zuerich:S15,20,Niederweningen Dorf,ch:1:sloid:3318,8503318,47.50591615,8.38107499,backbone,
s-bahn-zuerich:S15,21,Niederweningen,ch:1:sloid:3319,8503319,47.51120133,8.36963045,backbone,
s-bahn-zuerich:S16,1,Zürich Flughafen,ch:1:sloid:3016,8503016,47.45038663,8.56239993,backbone,
s-bahn-zuerich:S16,2,Zürich Oerlikon,ch:1:sloid:3006,8503006,47.41153089,8.54413718,backbone,
s-bahn-zuerich:S16,3,Zürich Hardbrücke,ch:1:sloid:3020,8503020,47.38519551,8.51712484,backbone,
s-bahn-zuerich:S16,4,Zürich HB,ch:1:sloid:3000,8503000,47.3781762,8.54021154,backbone,
s-bahn-zuerich:S16,5,Zürich Stadelhofen,ch:1:sloid:3003,8503003,47.36661115,8.54848502,backbone,
s-bahn-zuerich:S16,6,Zürich Tiefenbrunnen,ch:1:sloid:3004,8503004,47.35012612,8.56139382,backbone,
s-bahn-zuerich:S16,7,Zollikon,ch:1:sloid:3100,8503100,47.33733739,8.56973916,backbone,
s-bahn-zuerich:S16,8,Küsnacht Goldbach,ch:1:sloid:3141,8503141,47.32685941,8.57596449,backbone,
s-bahn-zuerich:S16,9,Küsnacht ZH,ch:1:sloid:3101,8503101,47.31915637,8.58063573,backbone,
s-bahn-zuerich:S16,10,Erlenbach ZH,ch:1:sloid:3102,8503102,47.30579364,8.59152331,backbone,
s-bahn-zuerich:S16,11,Winkel am Zürichsee,ch:1:sloid:3111,8503111,47.29721024,8.59898831,backbone,
s-bahn-zuerich:S16,12,Herrliberg-Feldmeilen,ch:1:sloid:3103,8503103,47.28182486,8.61273253,backbone,
s-bahn-zuerich:S16,13,Meilen,ch:1:sloid:3104,8503104,47.26981202,8.64430832,backbone,
s-bahn-zuerich:S16,14,Uetikon,ch:1:sloid:3105,8503105,47.259028,8.67878566,backbone,
s-bahn-zuerich:S16,15,Männedorf,ch:1:sloid:3106,8503106,47.25342481,8.69235022,backbone,
s-bahn-zuerich:S16,16,Stäfa,ch:1:sloid:3107,8503107,47.24052728,8.72165326,backbone,
s-bahn-zuerich:S16,17,Uerikon,ch:1:sloid:3108,8503108,47.23586145,8.75262717,backbone,
s-bahn-zuerich:S16,18,Feldbach,ch:1:sloid:3109,8503109,47.23920382,8.78350227,backbone,
s-bahn-zuerich:S16,19,Kempraten,ch:1:sloid:3112,8503112,47.23839874,8.81431448,backbone,
s-bahn-zuerich:S16,20,Rapperswil SG,ch:1:sloid:3110,8503110,47.2248875,8.81674892,backbone,
s-bahn-zuerich:S17,1,Wohlen AG,ch:1:sloid:2213,8502213,47.34846455,8.26979169,backbone,
s-bahn-zuerich:S17,2,Wohlen Oberdorf,ch:1:sloid:2271,8502271,47.34685162,8.28688663,backbone,
s-bahn-zuerich:S17,3,Wohlen Fulenbach,ch:1:sloid:18701,8518701,47.34343692,8.301089,backbone,
s-bahn-zuerich:S17,4,Erdmannlistein,ch:1:sloid:2269,8502269,47.34936533,8.31262336,backbone,
s-bahn-zuerich:S17,5,Bremgarten West,ch:1:sloid:2272,8502272,47.34568907,8.33711144,backbone,
s-bahn-zuerich:S17,6,Bremgarten Isenlauf,ch:1:sloid:2185,8502185,47.34606644,8.34152217,backbone,
s-bahn-zuerich:S17,7,Bremgarten Obertor,ch:1:sloid:2248,8502248,47.35057041,8.34374999,backbone,
s-bahn-zuerich:S17,8,Bremgarten,ch:1:sloid:2273,8502273,47.35151985,8.34648985,backbone,
s-bahn-zuerich:S17,9,Bibenlos-Sonnenhof,ch:1:sloid:17377,8517377,47.3537899,8.35028074,backbone,
s-bahn-zuerich:S17,10,Zufikon,ch:1:sloid:2274,8502274,47.3525849,8.35468249,backbone,
s-bahn-zuerich:S17,11,Zufikon Hammergut,ch:1:sloid:2188,8502188,47.35595641,8.35459265,backbone,
s-bahn-zuerich:S17,12,Widen Heinrüti,ch:1:sloid:2275,8502275,47.36192601,8.35487113,backbone,
s-bahn-zuerich:S17,13,Zufikon Belvédère,ch:1:sloid:2268,8502268,47.35767251,8.35928186,backbone,
s-bahn-zuerich:S17,14,Berikon-Widen,ch:1:sloid:2276,8502276,47.36205379,8.36636957,backbone,
s-bahn-zuerich:S17,15,Rudolfstetten Hofacker,ch:1:sloid:2187,8502187,47.36467021,8.37695172,backbone,
s-bahn-zuerich:S17,16,Rudolfstetten,ch:1:sloid:2277,8502277,47.36976274,8.38153313,backbone,
s-bahn-zuerich:S17,17,Reppischhof,ch:1:sloid:2278,8502278,47.38400339,8.39617567,backbone,
s-bahn-zuerich:S17,18,Dietikon Stoffelbach,ch:1:sloid:2186,8502186,47.39332677,8.39896045,backbone,
s-bahn-zuerich:S17,19,Bergfrieden,ch:1:sloid:2270,8502270,47.39746794,8.39896045,backbone,
s-bahn-zuerich:S17,20,Dietikon Schöneggstrasse,ch:1:sloid:17376,8517376,47.40196144,8.40099064,backbone,
s-bahn-zuerich:S17,21,Dietikon,ch:1:sloid:3508,8503508,47.40578578,8.40498814,backbone,
s-bahn-zuerich:S19,1,Koblenz,ch:1:sloid:329,8500329,47.60033795,8.22704985,backbone,
s-bahn-zuerich:S19,2,Klingnau,ch:1:sloid:16176,8516176,47.58155688,8.25029825,backbone,
s-bahn-zuerich:S19,3,Döttingen,ch:1:sloid:3501,8503501,47.5752728,8.25636188,backbone,
s-bahn-zuerich:S19,4,Siggenthal-Würenlingen,ch:1:sloid:3502,8503502,47.52069025,8.24065933,backbone,
s-bahn-zuerich:S19,5,Turgi,ch:1:sloid:3503,8503503,47.49175702,8.25346032,backbone,
s-bahn-zuerich:S19,6,Baden,ch:1:sloid:3504,8503504,47.47642226,8.30770958,backbone,
s-bahn-zuerich:S19,7,Wettingen,ch:1:sloid:3505,8503505,47.45963752,8.31601001,backbone,
s-bahn-zuerich:S19,8,Dietikon,ch:1:sloid:3508,8503508,47.40578578,8.40498814,backbone,
s-bahn-zuerich:S19,9,Zürich Altstetten,ch:1:sloid:3001,8503001,47.39148412,8.48896265,backbone,
s-bahn-zuerich:S19,10,Zürich HB,ch:1:sloid:3000,8503000,47.3781762,8.54021154,backbone,
s-bahn-zuerich:S19,11,Zürich Oerlikon,ch:1:sloid:3006,8503006,47.41153089,8.54413718,backbone,
s-bahn-zuerich:S19,12,Wallisellen,ch:1:sloid:3129,8503129,47.41272239,8.59192755,backbone,
s-bahn-zuerich:S19,13,Dietlikon,ch:1:sloid:3306,8503306,47.42019904,8.61927227,backbone,
s-bahn-zuerich:S19,14,Effretikon,ch:1:sloid:3305,8503305,47.42581495,8.68668185,backbone,
s-bahn-zuerich:S19,15,Illnau,ch:1:sloid:3303,8503303,47.40881952,8.72273124,backbone,
s-bahn-zuerich:S19,16,Fehraltorf,ch:1:sloid:3302,8503302,47.38512253,8.75029155,backbone,
s-bahn-zuerich:S19,17,Pfäffikon ZH,ch:1:sloid:3301,8503301,47.36708573,8.78479584,backbone,
s-bahn-zuerich:S2,1,Zürich Flughafen,ch:1:sloid:3016,8503016,47.45038663,8.56239993,backbone,
s-bahn-zuerich:S2,2,Zürich Oerlikon,ch:1:sloid:3006,8503006,47.41153089,8.54413718,backbone,
s-bahn-zuerich:S2,3,Zürich HB,ch:1:sloid:3000,8503000,47.3781762,8.54021154,backbone,
s-bahn-zuerich:S2,4,Zürich Wiedikon,ch:1:sloid:3011,8503011,47.37147839,8.52348491,backbone,
s-bahn-zuerich:S2,5,Zürich Enge,ch:1:sloid:3010,8503010,47.36409826,8.53082415,backbone,
s-bahn-zuerich:S2,6,Thalwil,ch:1:sloid:3202,8503202,47.29597958,8.56477148,backbone,
s-bahn-zuerich:S2,7,Horgen,ch:1:sloid:3204,8503204,47.26148492,8.5969132,backbone,
s-bahn-zuerich:S2,8,Au ZH,ch:1:sloid:3205,8503205,47.24682094,8.64372441,backbone,
s-bahn-zuerich:S2,9,Wädenswil,ch:1:sloid:3206,8503206,47.22930419,8.67521934,backbone,
s-bahn-zuerich:S2,10,Richterswil,ch:1:sloid:3207,8503207,47.20837654,8.70747785,backbone,
s-bahn-zuerich:S2,11,Pfäffikon SZ,ch:1:sloid:3209,8503209,47.20299991,8.77813034,backbone,
s-bahn-zuerich:S2,12,Altendorf,ch:1:sloid:3211,8503211,47.19396643,8.82290238,backbone,
s-bahn-zuerich:S2,13,Lachen SZ,ch:1:sloid:3220,8503220,47.19006569,8.85271746,backbone,
s-bahn-zuerich:S2,14,Siebnen-Wangen,ch:1:sloid:3221,8503221,47.18267242,8.90071445,backbone,
s-bahn-zuerich:S2,15,Schübelbach-Buttikon,ch:1:sloid:3222,8503222,47.17638947,8.93878505,backbone,
s-bahn-zuerich:S2,16,Reichenburg,ch:1:sloid:3223,8503223,47.17269507,8.98232639,backbone,
s-bahn-zuerich:S2,17,Bilten,ch:1:sloid:3224,8503224,47.15219104,9.02991913,backbone,
s-bahn-zuerich:S2,18,Ziegelbrücke,ch:1:sloid:3225,8503225,47.13615854,9.06004863,backbone,
s-bahn-zuerich:S20,1,Zürich Hardbrücke,ch:1:sloid:3020,8503020,47.38519551,8.51712484,backbone,
s-bahn-zuerich:S20,2,Zürich HB,ch:1:sloid:3000,8503000,47.3781762,8.54021154,backbone,
s-bahn-zuerich:S20,3,Zürich Stadelhofen,ch:1:sloid:3003,8503003,47.36661115,8.54848502,backbone,
s-bahn-zuerich:S20,4,Küsnacht ZH,ch:1:sloid:3101,8503101,47.31915637,8.58063573,backbone,
s-bahn-zuerich:S20,5,Meilen,ch:1:sloid:3104,8503104,47.26981202,8.64430832,backbone,
s-bahn-zuerich:S20,6,Uetikon,ch:1:sloid:3105,8503105,47.259028,8.67878566,backbone,
s-bahn-zuerich:S20,7,Männedorf,ch:1:sloid:3106,8503106,47.25342481,8.69235022,backbone,
s-bahn-zuerich:S20,8,Stäfa,ch:1:sloid:3107,8503107,47.24052728,8.72165326,backbone,
s-bahn-zuerich:S20,9,Uerikon,ch:1:sloid:3108,8503108,47.23586145,8.75262717,backbone,
s-bahn-zuerich:S21,1,Zürich HB,ch:1:sloid:3000,8503000,47.3781762,8.54021154,backbone,
s-bahn-zuerich:S21,2,Zürich Hardbrücke,ch:1:sloid:3020,8503020,47.38519551,8.51712484,backbone,
s-bahn-zuerich:S21,3,Zürich Oerlikon,ch:1:sloid:3006,8503006,47.41153089,8.54413718,backbone,
s-bahn-zuerich:S21,4,Zürich Affoltern,ch:1:sloid:3008,8503008,47.42091018,8.50858186,backbone,
s-bahn-zuerich:S21,5,Regensdorf-Watt,ch:1:sloid:3526,8503526,47.43656495,8.47208331,backbone,
s-bahn-zuerich:S23,1,Zürich HB,ch:1:sloid:3000,8503000,47.3781762,8.54021154,backbone,
s-bahn-zuerich:S23,2,Zürich Stadelhofen,ch:1:sloid:3003,8503003,47.36661115,8.54848502,backbone,
s-bahn-zuerich:S23,3,Kemptthal,ch:1:sloid:3304,8503304,47.45284073,8.7055824,backbone,
s-bahn-zuerich:S23,4,Winterthur,ch:1:sloid:6000,8506000,47.50033307,8.7238182,backbone,
s-bahn-zuerich:S23,5,Frauenfeld,ch:1:sloid:6100,8506100,47.558162,8.89656423,backbone,
s-bahn-zuerich:S23,6,Weinfelden,ch:1:sloid:6105,8506105,47.56622411,9.10636577,backbone,
s-bahn-zuerich:S23,7,Sulgen,ch:1:sloid:6217,8506217,47.5388018,9.18369275,backbone,
s-bahn-zuerich:S23,8,Amriswil,ch:1:sloid:6109,8506109,47.55045031,9.30222545,backbone,
s-bahn-zuerich:S23,9,Romanshorn,ch:1:sloid:6121,8506121,47.56552099,9.37937276,backbone,
s-bahn-zuerich:S24,1,Zug,ch:1:sloid:2204,8502204,47.17370877,8.51504973,backbone,
s-bahn-zuerich:S24,2,Baar,ch:1:sloid:2206,8502206,47.19536428,8.52326931,backbone,
s-bahn-zuerich:S24,3,Horgen Oberdorf,ch:1:sloid:2208,8502208,47.25874755,8.58981651,backbone,
s-bahn-zuerich:S24,4,Oberrieden Dorf,ch:1:sloid:2209,8502209,47.27672995,8.57765332,backbone,
s-bahn-zuerich:S24,5,Thalwil,ch:1:sloid:3202,8503202,47.29597958,8.56477148,backbone,
s-bahn-zuerich:S24,6,Rüschlikon,ch:1:sloid:3201,8503201,47.30713372,8.55515951,backbone,
s-bahn-zuerich:S24,7,Kilchberg ZH,ch:1:sloid:3200,8503200,47.32442987,8.5480179,backbone,
s-bahn-zuerich:S24,8,Zürich Wollishofen,ch:1:sloid:3009,8503009,47.34744202,8.53359994,backbone,
s-bahn-zuerich:S24,9,Zürich Enge,ch:1:sloid:3010,8503010,47.36409826,8.53082415,backbone,
s-bahn-zuerich:S24,10,Zürich Wiedikon,ch:1:sloid:3011,8503011,47.37147839,8.52348491,backbone,
s-bahn-zuerich:S24,11,Zürich HB,ch:1:sloid:3000,8503000,47.3781762,8.54021154,backbone,
s-bahn-zuerich:S24,12,Zürich Wipkingen,ch:1:sloid:3015,8503015,47.39304095,8.52937786,backbone,
s-bahn-zuerich:S24,13,Zürich Oerlikon,ch:1:sloid:3006,8503006,47.41153089,8.54413718,backbone,
s-bahn-zuerich:S24,14,Zürich Flughafen,ch:1:sloid:3016,8503016,47.45038663,8.56239993,backbone,
s-bahn-zuerich:S24,15,Bassersdorf,ch:1:sloid:3307,8503307,47.43857008,8.62622523,backbone,
s-bahn-zuerich:S24,16,Effretikon,ch:1:sloid:3305,8503305,47.42581495,8.68668185,backbone,
s-bahn-zuerich:S24,17,Kemptthal,ch:1:sloid:3304,8503304,47.45284073,8.7055824,backbone,
s-bahn-zuerich:S24,18,Winterthur,ch:1:sloid:6000,8506000,47.50033307,8.7238182,backbone,
s-bahn-zuerich:S24,19,Oberwinterthur,ch:1:sloid:6016,8506016,47.5079247,8.76038862,backbone,
s-bahn-zuerich:S24,20,Wiesendangen,ch:1:sloid:6017,8506017,47.52554325,8.77603727,backbone,
s-bahn-zuerich:S24,21,Rickenbach-Attikon,ch:1:sloid:6018,8506018,47.53535709,8.78917064,backbone,
s-bahn-zuerich:S24,22,Islikon,ch:1:sloid:6019,8506019,47.54783705,8.84619569,backbone,
s-bahn-zuerich:S24,23,Frauenfeld,ch:1:sloid:6100,8506100,47.558162,8.89656423,backbone,
s-bahn-zuerich:S24,24,Felben-Wellhausen,ch:1:sloid:6101,8506101,47.57710296,8.94317781,backbone,
s-bahn-zuerich:S24,25,Hüttlingen-Mettendorf,ch:1:sloid:6102,8506102,47.58234461,8.97455596,backbone,
s-bahn-zuerich:S24,26,Müllheim-Wigoltingen,ch:1:sloid:6103,8506103,47.58816737,9.01551914,backbone,
s-bahn-zuerich:S24,27,Märstetten,ch:1:sloid:6104,8506104,47.5828233,9.0621956,backbone,
s-bahn-zuerich:S24,28,Weinfelden,ch:1:sloid:6105,8506105,47.56622411,9.10636577,backbone,
s-bahn-zuerich:S24,29,Andelfingen,ch:1:sloid:6047,8506047,47.59376534,8.67800412,branch,8506000
s-bahn-zuerich:S24,30,Neuhausen,ch:1:sloid:3423,8503423,47.68313045,8.62493166,branch,8506000
s-bahn-zuerich:S24,31,Schaffhausen,ch:1:sloid:3424,8503424,47.69828386,8.63275598,branch,8506000
s-bahn-zuerich:S24,32,Herblingen,ch:1:sloid:3462,8503462,47.71721037,8.6643138,branch,8506000
s-bahn-zuerich:S24,33,Thayngen,ch:1:sloid:3461,8503461,47.7456265,8.7021688,branch,8506000
s-bahn-zuerich:S24,34,Henggart,ch:1:sloid:6046,8506046,47.56425416,8.68507386,branch,8506047
s-bahn-zuerich:S25,1,Zürich HB,ch:1:sloid:3000,8503000,47.3781762,8.54021154,backbone,
s-bahn-zuerich:S25,2,Wädenswil,ch:1:sloid:3206,8503206,47.22930419,8.67521934,backbone,
s-bahn-zuerich:S25,3,Richterswil,ch:1:sloid:3207,8503207,47.20837654,8.70747785,detour,8503206
s-bahn-zuerich:S25,4,Pfäffikon SZ,ch:1:sloid:3209,8503209,47.20299991,8.77813034,backbone,
s-bahn-zuerich:S25,5,Altendorf,ch:1:sloid:3211,8503211,47.19396643,8.82290238,backbone,
s-bahn-zuerich:S25,6,Lachen SZ,ch:1:sloid:3220,8503220,47.19006569,8.85271746,backbone,
s-bahn-zuerich:S25,7,Siebnen-Wangen,ch:1:sloid:3221,8503221,47.18267242,8.90071445,backbone,
s-bahn-zuerich:S25,8,Schübelbach-Buttikon,ch:1:sloid:3222,8503222,47.17638947,8.93878505,backbone,
s-bahn-zuerich:S25,9,Reichenburg,ch:1:sloid:3223,8503223,47.17269507,8.98232639,backbone,
s-bahn-zuerich:S25,10,Bilten,ch:1:sloid:3224,8503224,47.15219104,9.02991913,backbone,
s-bahn-zuerich:S25,11,Ziegelbrücke,ch:1:sloid:3225,8503225,47.13615854,9.06004863,backbone,
s-bahn-zuerich:S25,12,Näfels-Mollis,ch:1:sloid:3227,8503227,47.09871632,9.06995705,backbone,
s-bahn-zuerich:S25,13,Netstal,ch:1:sloid:3228,8503228,47.06452768,9.05943778,backbone,
s-bahn-zuerich:S25,14,Glarus,ch:1:sloid:3230,8503230,47.03992325,9.07156503,backbone,
s-bahn-zuerich:S25,15,Ennenda,ch:1:sloid:3231,8503231,47.03296218,9.07719747,backbone,
s-bahn-zuerich:S25,16,Mitlödi,ch:1:sloid:3232,8503232,47.01013182,9.08121294,backbone,
s-bahn-zuerich:S25,17,Schwanden GL,ch:1:sloid:3233,8503233,46.99685044,9.07746696,backbone,
s-bahn-zuerich:S25,18,Nidfurn-Haslen,ch:1:sloid:3234,8503234,46.9858945,9.05927608,backbone,
s-bahn-zuerich:S25,19,Leuggelbach,ch:1:sloid:3235,8503235,46.97574538,9.04694221,backbone,
s-bahn-zuerich:S25,20,Luchsingen-Hätzingen,ch:1:sloid:3236,8503236,46.96507325,9.03901907,backbone,
s-bahn-zuerich:S25,21,Diesbach-Betschwanden,ch:1:sloid:3237,8503237,46.94618185,9.02437653,backbone,
s-bahn-zuerich:S25,22,Rüti GL,ch:1:sloid:3238,8503238,46.93454692,9.01303979,backbone,
s-bahn-zuerich:S25,23,Linthal Braunwaldbahn,ch:1:sloid:3240,8503240,46.92830828,9.00264628,backbone,
s-bahn-zuerich:S25,24,Linthal,ch:1:sloid:3239,8503239,46.925566,8.99779538,backbone,
s-bahn-zuerich:S26,1,Rüti ZH,ch:1:sloid:3121,8503121,47.2604851,8.8540829,backbone,
s-bahn-zuerich:S26,2,Tann-Dürnten,ch:1:sloid:3139,8503139,47.26837956,8.85272645,backbone,
s-bahn-zuerich:S26,3,Wald ZH,ch:1:sloid:3138,8503138,47.27268901,8.91400053,backbone,
s-bahn-zuerich:S26,4,Gibswil,ch:1:sloid:3137,8503137,47.31371789,8.9155097,backbone,
s-bahn-zuerich:S26,5,Fischenthal,ch:1:sloid:3136,8503136,47.33330109,8.92329809,backbone,
s-bahn-zuerich:S26,6,Steg,ch:1:sloid:3135,8503135,47.35385076,8.93237108,backbone,
s-bahn-zuerich:S26,7,Bauma,ch:1:sloid:3134,8503134,47.36883797,8.87822962,backbone,
s-bahn-zuerich:S26,8,Saland,ch:1:sloid:6009,8506009,47.39420854,8.85421765,backbone,
s-bahn-zuerich:S26,9,Wila,ch:1:sloid:6008,8506008,47.41777381,8.84849538,backbone,
s-bahn-zuerich:S26,10,Turbenthal,ch:1:sloid:6007,8506007,47.43738524,8.84382414,backbone,
s-bahn-zuerich:S26,11,Rämismühle-Zell,ch:1:sloid:6006,8506006,47.44154117,8.81913844,backbone,
s-bahn-zuerich:S26,12,Rikon,ch:1:sloid:6005,8506005,47.44501028,8.79633021,backbone,
s-bahn-zuerich:S26,13,Kollbrunn,ch:1:sloid:6004,8506004,47.45832561,8.77401606,backbone,
s-bahn-zuerich:S26,14,Sennhof-Kyburg,ch:1:sloid:6003,8506003,47.46517635,8.7603437,backbone,
s-bahn-zuerich:S26,15,Winterthur Seen,ch:1:sloid:6002,8506002,47.48743509,8.76681157,backbone,
s-bahn-zuerich:S26,16,Winterthur Grüze,ch:1:sloid:6001,8506001,47.49875513,8.75105512,backbone,
s-bahn-zuerich:S26,17,Winterthur,ch:1:sloid:6000,8506000,47.50033307,8.7238182,backbone,
s-bahn-zuerich:S27,1,Siebnen-Wangen,ch:1:sloid:3221,8503221,47.18267242,8.90071445,backbone,
s-bahn-zuerich:S27,2,Schübelbach-Buttikon,ch:1:sloid:3222,8503222,47.17638947,8.93878505,backbone,
s-bahn-zuerich:S27,3,Reichenburg,ch:1:sloid:3223,8503223,47.17269507,8.98232639,backbone,
s-bahn-zuerich:S27,4,Bilten,ch:1:sloid:3224,8503224,47.15219104,9.02991913,backbone,
s-bahn-zuerich:S27,5,Ziegelbrücke,ch:1:sloid:3225,8503225,47.13615854,9.06004863,backbone,
s-bahn-zuerich:S29,1,Winterthur,ch:1:sloid:6000,8506000,47.50033307,8.7238182,backbone,
s-bahn-zuerich:S29,2,Oberwinterthur,ch:1:sloid:6016,8506016,47.5079247,8.76038862,backbone,
s-bahn-zuerich:S29,3,Winterthur Wallrüti,ch:1:sloid:6038,8506038,47.51672258,8.76088269,backbone,
s-bahn-zuerich:S29,4,Reutlingen,ch:1:sloid:6036,8506036,47.52966189,8.75215107,backbone,
s-bahn-zuerich:S29,5,Seuzach,ch:1:sloid:6020,8506020,47.53576949,8.73888295,backbone,
s-bahn-zuerich:S29,6,Dinhard,ch:1:sloid:6021,8506021,47.55334232,8.75297752,backbone,
s-bahn-zuerich:S29,7,Thalheim-Altikon,ch:1:sloid:6022,8506022,47.56961831,8.75763977,backbone,
s-bahn-zuerich:S29,8,Ossingen,ch:1:sloid:6023,8506023,47.61461311,8.72411465,backbone,
s-bahn-zuerich:S29,9,Stammheim,ch:1:sloid:6024,8506024,47.63488356,8.78874843,backbone,
s-bahn-zuerich:S29,10,Etzwilen,ch:1:sloid:6025,8506025,47.66114232,8.81861741,backbone,
s-bahn-zuerich:S29,11,Stein am Rhein,ch:1:sloid:6139,8506139,47.65610824,8.85501715,backbone,
s-bahn-zuerich:S3,1,Hinwil,ch:1:sloid:3130,8503130,47.30005529,8.83971884,extension,8503123
s-bahn-zuerich:S3,2,Wetzikon ZH,ch:1:sloid:3123,8503123,47.31802974,8.79228779,backbone,
s-bahn-zuerich:S3,3,Kempten,ch:1:sloid:3300,8503300,47.33204082,8.80472048,backbone,
s-bahn-zuerich:S3,4,Pfäffikon ZH,ch:1:sloid:3301,8503301,47.36708573,8.78479584,backbone,
s-bahn-zuerich:S3,5,Fehraltorf,ch:1:sloid:3302,8503302,47.38512253,8.75029155,backbone,
s-bahn-zuerich:S3,6,Illnau,ch:1:sloid:3303,8503303,47.40881952,8.72273124,backbone,
s-bahn-zuerich:S3,7,Effretikon,ch:1:sloid:3305,8503305,47.42581495,8.68668185,backbone,
s-bahn-zuerich:S3,8,Dietlikon,ch:1:sloid:3306,8503306,47.42019904,8.61927227,backbone,
s-bahn-zuerich:S3,9,Stettbach,ch:1:sloid:3147,8503147,47.39721255,8.59614065,backbone,
s-bahn-zuerich:S3,10,Zürich Stadelhofen,ch:1:sloid:3003,8503003,47.36661115,8.54848502,backbone,
s-bahn-zuerich:S3,11,Zürich HB,ch:1:sloid:3000,8503000,47.3781762,8.54021154,backbone,
s-bahn-zuerich:S3,12,Zürich Hardbrücke,ch:1:sloid:3020,8503020,47.38519551,8.51712484,backbone,
s-bahn-zuerich:S3,13,Zürich Oerlikon,ch:1:sloid:3006,8503006,47.41153089,8.54413718,backbone,
s-bahn-zuerich:S3,14,Glattbrugg,ch:1:sloid:3310,8503310,47.43082865,8.55885158,backbone,
s-bahn-zuerich:S3,15,Oberglatt ZH,ch:1:sloid:3312,8503312,47.47020452,8.51062104,backbone,
s-bahn-zuerich:S3,16,Bülach,ch:1:sloid:3400,8503400,47.52394788,8.53620505,backbone,
s-bahn-zuerich:S3,17,Zürich Altstetten,ch:1:sloid:3001,8503001,47.39148412,8.48896265,branch,8503020
s-bahn-zuerich:S30,1,Winterthur,ch:1:sloid:6000,8506000,47.50033307,8.7238182,backbone,
s-bahn-zuerich:S30,2,Oberwinterthur,ch:1:sloid:6016,8506016,47.5079247,8.76038862,backbone,
s-bahn-zuerich:S30,3,Wiesendangen,ch:1:sloid:6017,8506017,47.52554325,8.77603727,backbone,
s-bahn-zuerich:S30,4,Rickenbach-Attikon,ch:1:sloid:6018,8506018,47.53535709,8.78917064,backbone,
s-bahn-zuerich:S30,5,Islikon,ch:1:sloid:6019,8506019,47.54783705,8.84619569,backbone,
s-bahn-zuerich:S30,6,Frauenfeld,ch:1:sloid:6100,8506100,47.558162,8.89656423,backbone,
s-bahn-zuerich:S30,7,Felben-Wellhausen,ch:1:sloid:6101,8506101,47.57710296,8.94317781,backbone,
s-bahn-zuerich:S30,8,Hüttlingen-Mettendorf,ch:1:sloid:6102,8506102,47.58234461,8.97455596,backbone,
s-bahn-zuerich:S30,9,Müllheim-Wigoltingen,ch:1:sloid:6103,8506103,47.58816737,9.01551914,backbone,
s-bahn-zuerich:S30,10,Märstetten,ch:1:sloid:6104,8506104,47.5828233,9.0621956,backbone,
s-bahn-zuerich:S30,11,Weinfelden,ch:1:sloid:6105,8506105,47.56622411,9.10636577,backbone,
s-bahn-zuerich:S33,1,Schaffhausen,ch:1:sloid:3424,8503424,47.69828386,8.63275598,backbone,
s-bahn-zuerich:S33,2,Neuhausen,ch:1:sloid:3423,8503423,47.68313045,8.62493166,backbone,
s-bahn-zuerich:S33,3,Schloss Laufen am Rheinfall,ch:1:sloid:6039,8506039,47.67656825,8.61426865,backbone,
s-bahn-zuerich:S33,4,Dachsen,ch:1:sloid:6049,8506049,47.6670894,8.6138195,backbone,
s-bahn-zuerich:S33,5,Marthalen,ch:1:sloid:6048,8506048,47.63137857,8.65606726,backbone,
s-bahn-zuerich:S33,6,Andelfingen,ch:1:sloid:6047,8506047,47.59376534,8.67800412,backbone,
s-bahn-zuerich:S33,7,Henggart,ch:1:sloid:6046,8506046,47.56425416,8.68507386,backbone,
s-bahn-zuerich:S33,8,Hettlingen,ch:1:sloid:6045,8506045,47.54544195,8.69482957,backbone,
s-bahn-zuerich:S33,9,Winterthur,ch:1:sloid:6000,8506000,47.50033307,8.7238182,backbone,
s-bahn-zuerich:S35,1,Winterthur,ch:1:sloid:6000,8506000,47.50033307,8.7238182,backbone,
s-bahn-zuerich:S35,2,Winterthur Grüze,ch:1:sloid:6001,8506001,47.49875513,8.75105512,backbone,
s-bahn-zuerich:S35,3,Winterthur Hegi,ch:1:sloid:16218,8516218,47.50148614,8.76894956,backbone,
s-bahn-zuerich:S35,4,Räterschen,ch:1:sloid:6015,8506015,47.4986823,8.79501867,backbone,
s-bahn-zuerich:S35,5,Schottikon,ch:1:sloid:6035,8506035,47.50011459,8.81171835,backbone,
s-bahn-zuerich:S35,6,Elgg,ch:1:sloid:6014,8506014,47.49853057,8.8634164,backbone,
s-bahn-zuerich:S35,7,Aadorf,ch:1:sloid:6013,8506013,47.48811497,8.9033016,backbone,
s-bahn-zuerich:S35,8,Guntershausen,ch:1:sloid:6012,8506012,47.47412105,8.91702785,backbone,
s-bahn-zuerich:S35,9,Eschlikon TG,ch:1:sloid:6011,8506011,47.46148994,8.958539,backbone,
s-bahn-zuerich:S35,10,Sirnach,ch:1:sloid:6010,8506010,47.46199403,9.00047236,backbone,
s-bahn-zuerich:S35,11,Wil SG,ch:1:sloid:6206,8506206,47.46241308,9.04099536,backbone,
s-bahn-zuerich:S36,1,Koblenz,ch:1:sloid:329,8500329,47.60033795,8.22704985,backbone,
s-bahn-zuerich:S36,2,Koblenz Dorf,ch:1:sloid:3411,8503411,47.6093868,8.24016525,backbone,
s-bahn-zuerich:S36,3,Rietheim,ch:1:sloid:3410,8503410,47.60074984,8.27732856,backbone,
s-bahn-zuerich:S36,4,Bad Zurzach,ch:1:sloid:3409,8503409,47.58831278,8.29559131,backbone,
s-bahn-zuerich:S36,5,Rekingen AG,ch:1:sloid:3408,8503408,47.56996984,8.32712217,backbone,
s-bahn-zuerich:S36,6,Mellikon,ch:1:sloid:3414,8503414,47.56848491,8.35250856,backbone,
s-bahn-zuerich:S36,7,Rümikon AG,ch:1:sloid:3415,8503415,47.56538158,8.37366389,backbone,
s-bahn-zuerich:S36,8,Kaiserstuhl AG,ch:1:sloid:3413,8503413,47.56644837,8.41916356,backbone,
s-bahn-zuerich:S36,9,Zweidlen,ch:1:sloid:3405,8503405,47.57044864,8.46791513,backbone,
s-bahn-zuerich:S36,10,Eglisau,ch:1:sloid:3402,8503402,47.57237594,8.5165589,backbone,
s-bahn-zuerich:S36,11,Bülach,ch:1:sloid:3400,8503400,47.52394788,8.53620505,backbone,
s-bahn-zuerich:S4,1,Zürich HB,ch:1:sloid:3000,8503000,47.3781762,8.54021154,backbone,
s-bahn-zuerich:S4,2,Zürich Selnau,ch:1:sloid:3090,8503090,47.37223886,8.53172246,backbone,
s-bahn-zuerich:S4,3,Zürich Giesshübel,ch:1:sloid:3091,8503091,47.36261359,8.52201167,backbone,
s-bahn-zuerich:S4,4,Zürich Saalsporthalle,ch:1:sloid:3087,8503087,47.35779422,8.52196676,backbone,
s-bahn-zuerich:S4,5,Zürich Brunau,ch:1:sloid:3086,8503086,47.35164157,8.52623376,backbone,
s-bahn-zuerich:S4,6,Zürich Manegg,ch:1:sloid:3093,8503093,47.33793398,8.51963114,backbone,
s-bahn-zuerich:S4,7,Zürich Leimbach,ch:1:sloid:3094,8503094,47.33304538,8.51856214,backbone,
s-bahn-zuerich:S4,8,Sood-Oberleimbach,ch:1:sloid:3095,8503095,47.31961919,8.5215176,backbone,
s-bahn-zuerich:S4,9,Adliswil,ch:1:sloid:3096,8503096,47.31227444,8.52425746,backbone,
s-bahn-zuerich:S4,10,Sihlau,ch:1:sloid:3099,8503099,47.30329004,8.52516476,backbone,
s-bahn-zuerich:S4,11,Wildpark-Höfli,ch:1:sloid:3089,8503089,47.29654008,8.5356481,backbone,
s-bahn-zuerich:S4,12,Langnau-Gattikon,ch:1:sloid:3097,8503097,47.28730928,8.54383175,backbone,
s-bahn-zuerich:S4,13,Sihlwald,ch:1:sloid:3098,8503098,47.26829422,8.55751309,backbone,
s-bahn-zuerich:S40,1,Rapperswil SG,ch:1:sloid:3110,8503110,47.2248875,8.81674892,backbone,
s-bahn-zuerich:S40,2,Hurden,ch:1:sloid:3299,8503299,47.21414314,8.80074992,backbone,
s-bahn-zuerich:S40,3,Pfäffikon SZ,ch:1:sloid:3209,8503209,47.20299991,8.77813034,backbone,
s-bahn-zuerich:S40,4,Freienbach SOB,ch:1:sloid:3289,8503289,47.20420222,8.75940047,backbone,
s-bahn-zuerich:S40,5,Wilen bei Wollerau,ch:1:sloid:3295,8503295,47.19758611,8.73433747,backbone,
s-bahn-zuerich:S40,6,Wollerau,ch:1:sloid:3288,8503288,47.19543753,8.72501296,backbone,
s-bahn-zuerich:S40,7,Riedmatt SZ,ch:1:sloid:3294,8503294,47.19670716,8.71210417,backbone,
s-bahn-zuerich:S40,8,Samstagern,ch:1:sloid:3286,8503286,47.19154911,8.68599015,backbone,
s-bahn-zuerich:S40,9,Schindellegi-Feusisberg,ch:1:sloid:3285,8503285,47.17640779,8.70938228,backbone,
s-bahn-zuerich:S40,10,Biberbrugg,ch:1:sloid:3284,8503284,47.15638166,8.72271327,backbone,
s-bahn-zuerich:S40,11,Einsiedeln,ch:1:sloid:3283,8503283,47.12858053,8.74447945,backbone,
s-bahn-zuerich:S41,1,Bülach,ch:1:sloid:3400,8503400,47.52394788,8.53620505,backbone,
s-bahn-zuerich:S41,2,Embrach-Rorbas,ch:1:sloid:6041,8506041,47.52058712,8.58706767,backbone,
s-bahn-zuerich:S41,3,Pfungen,ch:1:sloid:6042,8506042,47.51603701,8.64663495,backbone,
s-bahn-zuerich:S41,4,Winterthur Wülflingen,ch:1:sloid:6043,8506043,47.50643802,8.68093263,backbone,
s-bahn-zuerich:S41,5,Winterthur Töss,ch:1:sloid:6044,8506044,47.48980855,8.70931041,backbone,
s-bahn-zuerich:S41,6,Winterthur,ch:1:sloid:6000,8506000,47.50033307,8.7238182,backbone,
s-bahn-zuerich:S42,1,Zürich HB,ch:1:sloid:3000,8503000,47.3781762,8.54021154,backbone,
s-bahn-zuerich:S42,2,Zürich Altstetten,ch:1:sloid:3001,8503001,47.39148412,8.48896265,backbone,
s-bahn-zuerich:S42,3,Dietikon,ch:1:sloid:3508,8503508,47.40578578,8.40498814,backbone,
s-bahn-zuerich:S42,4,Othmarsingen,ch:1:sloid:2105,8502105,47.40743338,8.21480581,backbone,
s-bahn-zuerich:S42,5,Hendschiken,ch:1:sloid:2211,8502211,47.38942855,8.20738573,backbone,
s-bahn-zuerich:S42,6,Dottikon-Dintikon,ch:1:sloid:2212,8502212,47.37364417,8.23471248,backbone,
s-bahn-zuerich:S42,7,Wohlen AG,ch:1:sloid:2213,8502213,47.34846455,8.26979169,backbone,
s-bahn-zuerich:S42,8,Boswil-Bünzen,ch:1:sloid:2214,8502214,47.30518451,8.31528238,backbone,
s-bahn-zuerich:S42,9,Muri AG,ch:1:sloid:2215,8502215,47.276669,8.33982435,backbone,
s-bahn-zuerich:S42,10,Arth-Goldau,ch:1:sloid:5004,8505004,47.04904413,8.54944622,backbone,
s-bahn-zuerich:S5,1,Zug,ch:1:sloid:2204,8502204,47.17370877,8.51504973,backbone,
s-bahn-zuerich:S5,2,Steinhausen Rigiblick,ch:1:sloid:18459,8518459,47.18786186,8.47970102,backbone,
s-bahn-zuerich:S5,3,Steinhausen,ch:1:sloid:2227,8502227,47.19458295,8.4784344,backbone,
s-bahn-zuerich:S5,4,Knonau,ch:1:sloid:2226,8502226,47.22026299,8.46672935,backbone,
s-bahn-zuerich:S5,5,Mettmenstetten,ch:1:sloid:2225,8502225,47.2440706,8.45737789,backbone,
s-bahn-zuerich:S5,6,Affoltern am Albis,ch:1:sloid:2224,8502224,47.27607172,8.44659811,backbone,
s-bahn-zuerich:S5,7,Hedingen,ch:1:sloid:2223,8502223,47.29878204,8.44596928,backbone,
s-bahn-zuerich:S5,8,Bonstetten-Wettswil,ch:1:sloid:2222,8502222,47.32590344,8.4681936,backbone,
s-bahn-zuerich:S5,9,Birmensdorf ZH,ch:1:sloid:2221,8502221,47.35742909,8.43755207,backbone,
s-bahn-zuerich:S5,10,Urdorf Weihermatt,ch:1:sloid:2229,8502229,47.38096822,8.4303386,backbone,
s-bahn-zuerich:S5,11,Urdorf,ch:1:sloid:2220,8502220,47.39088205,8.43473136,backbone,
s-bahn-zuerich:S5,12,Zürich Altstetten,ch:1:sloid:3001,8503001,47.39148412,8.48896265,backbone,
s-bahn-zuerich:S5,13,Zürich Hardbrücke,ch:1:sloid:3020,8503020,47.38519551,8.51712484,backbone,
s-bahn-zuerich:S5,14,Zürich HB,ch:1:sloid:3000,8503000,47.3781762,8.54021154,backbone,
s-bahn-zuerich:S5,15,Zürich Stadelhofen,ch:1:sloid:3003,8503003,47.36661115,8.54848502,backbone,
s-bahn-zuerich:S5,16,Stettbach,ch:1:sloid:3147,8503147,47.39721255,8.59614065,detour,8503003
s-bahn-zuerich:S5,17,Schwerzenbach ZH,ch:1:sloid:3127,8503127,47.38438657,8.65867238,backbone,
s-bahn-zuerich:S5,18,Nänikon-Greifensee,ch:1:sloid:3126,8503126,47.3693612,8.68641235,backbone,
s-bahn-zuerich:S5,19,Uster,ch:1:sloid:3125,8503125,47.35036957,8.71870679,backbone,
s-bahn-zuerich:S5,20,Wetzikon ZH,ch:1:sloid:3123,8503123,47.31802974,8.79228779,backbone,
s-bahn-zuerich:S5,21,Bubikon,ch:1:sloid:3122,8503122,47.27084215,8.82271373,backbone,
s-bahn-zuerich:S5,22,Rüti ZH,ch:1:sloid:3121,8503121,47.2604851,8.8540829,backbone,
s-bahn-zuerich:S5,23,Jona,ch:1:sloid:3120,8503120,47.23097561,8.83461641,backbone,
s-bahn-zuerich:S5,24,Rapperswil SG,ch:1:sloid:3110,8503110,47.2248875,8.81674892,backbone,
s-bahn-zuerich:S5,25,Pfäffikon SZ,ch:1:sloid:3209,8503209,47.20299991,8.77813034,extension,8503110
s-bahn-zuerich:S5,26,Schlieren,ch:1:sloid:3509,8503509,47.39917661,8.44724489,branch,8503001
s-bahn-zuerich:S6,1,Uetikon,ch:1:sloid:3105,8503105,47.259028,8.67878566,backbone,
s-bahn-zuerich:S6,2,Meilen,ch:1:sloid:3104,8503104,47.26981202,8.64430832,backbone,
s-bahn-zuerich:S6,3,Herrliberg-Feldmeilen,ch:1:sloid:3103,8503103,47.28182486,8.61273253,backbone,
s-bahn-zuerich:S6,4,Winkel am Zürichsee,ch:1:sloid:3111,8503111,47.29721024,8.59898831,backbone,
s-bahn-zuerich:S6,5,Erlenbach ZH,ch:1:sloid:3102,8503102,47.30579364,8.59152331,backbone,
s-bahn-zuerich:S6,6,Küsnacht ZH,ch:1:sloid:3101,8503101,47.31915637,8.58063573,backbone,
s-bahn-zuerich:S6,7,Küsnacht Goldbach,ch:1:sloid:3141,8503141,47.32685941,8.57596449,backbone,
s-bahn-zuerich:S6,8,Zollikon,ch:1:sloid:3100,8503100,47.33733739,8.56973916,backbone,
s-bahn-zuerich:S6,9,Zürich Tiefenbrunnen,ch:1:sloid:3004,8503004,47.35012612,8.56139382,backbone,
s-bahn-zuerich:S6,10,Zürich Stadelhofen,ch:1:sloid:3003,8503003,47.36661115,8.54848502,backbone,
s-bahn-zuerich:S6,11,Zürich HB,ch:1:sloid:3000,8503000,47.3781762,8.54021154,backbone,
s-bahn-zuerich:S6,12,Zürich Hardbrücke,ch:1:sloid:3020,8503020,47.38519551,8.51712484,backbone,
s-bahn-zuerich:S6,13,Zürich Oerlikon,ch:1:sloid:3006,8503006,47.41153089,8.54413718,backbone,
s-bahn-zuerich:S6,14,Zürich Seebach,ch:1:sloid:3007,8503007,47.41875242,8.5446582,backbone,
s-bahn-zuerich:S6,15,Zürich Affoltern,ch:1:sloid:3008,8503008,47.42091018,8.50858186,backbone,
s-bahn-zuerich:S6,16,Regensdorf-Watt,ch:1:sloid:3526,8503526,47.43656495,8.47208331,backbone,
s-bahn-zuerich:S6,17,Buchs-Dällikon,ch:1:sloid:3527,8503527,47.45340565,8.43560273,backbone,
s-bahn-zuerich:S6,18,Otelfingen Golfpark,ch:1:sloid:3525,8503525,47.45582317,8.40211353,backbone,
s-bahn-zuerich:S6,19,Otelfingen,ch:1:sloid:3528,8503528,47.45493635,8.38753388,backbone,
s-bahn-zuerich:S6,20,Würenlos,ch:1:sloid:3529,8503529,47.44575753,8.35766489,backbone,
s-bahn-zuerich:S6,21,Wettingen,ch:1:sloid:3505,8503505,47.45963752,8.31601001,backbone,
s-bahn-zuerich:S6,22,Baden,ch:1:sloid:3504,8503504,47.47642226,8.30770958,backbone,
s-bahn-zuerich:S7,1,Rapperswil SG,ch:1:sloid:3110,8503110,47.2248875,8.81674892,backbone,
s-bahn-zuerich:S7,2,Kempraten,ch:1:sloid:3112,8503112,47.23839874,8.81431448,backbone,
s-bahn-zuerich:S7,3,Feldbach,ch:1:sloid:3109,8503109,47.23920382,8.78350227,backbone,
s-bahn-zuerich:S7,4,Uerikon,ch:1:sloid:3108,8503108,47.23586145,8.75262717,backbone,
s-bahn-zuerich:S7,5,Stäfa,ch:1:sloid:3107,8503107,47.24052728,8.72165326,backbone,
s-bahn-zuerich:S7,6,Männedorf,ch:1:sloid:3106,8503106,47.25342481,8.69235022,backbone,
s-bahn-zuerich:S7,7,Uetikon,ch:1:sloid:3105,8503105,47.259028,8.67878566,backbone,
s-bahn-zuerich:S7,8,Meilen,ch:1:sloid:3104,8503104,47.26981202,8.64430832,backbone,
s-bahn-zuerich:S7,9,Zürich Stadelhofen,ch:1:sloid:3003,8503003,47.36661115,8.54848502,backbone,
s-bahn-zuerich:S7,10,Zürich HB,ch:1:sloid:3000,8503000,47.3781762,8.54021154,backbone,
s-bahn-zuerich:S7,11,Zürich Hardbrücke,ch:1:sloid:3020,8503020,47.38519551,8.51712484,backbone,
s-bahn-zuerich:S7,12,Zürich Oerlikon,ch:1:sloid:3006,8503006,47.41153089,8.54413718,backbone,
s-bahn-zuerich:S7,13,Opfikon,ch:1:sloid:3340,8503340,47.42995357,8.56179806,backbone,
s-bahn-zuerich:S7,14,Kloten Balsberg,ch:1:sloid:3309,8503309,47.44228848,8.57071833,backbone,
s-bahn-zuerich:S7,15,Zürich Flughafen,ch:1:sloid:3016,8503016,47.45038663,8.56239993,detour,8503006
s-bahn-zuerich:S7,16,Kloten,ch:1:sloid:3308,8503308,47.44860672,8.58380678,backbone,
s-bahn-zuerich:S7,17,Bassersdorf,ch:1:sloid:3307,8503307,47.43857008,8.62622523,backbone,
s-bahn-zuerich:S7,18,Effretikon,ch:1:sloid:3305,8503305,47.42581495,8.68668185,backbone,
s-bahn-zuerich:S7,19,Kemptthal,ch:1:sloid:3304,8503304,47.45284073,8.7055824,backbone,
s-bahn-zuerich:S7,20,Winterthur,ch:1:sloid:6000,8506000,47.50033307,8.7238182,backbone,
s-bahn-zuerich:S7,21,Zürich Tiefenbrunnen,ch:1:sloid:3004,8503004,47.35012612,8.56139382,branch,8503003
s-bahn-zuerich:S7,22,Erlenbach ZH,ch:1:sloid:3102,8503102,47.30579364,8.59152331,branch,8503003
s-bahn-zuerich:S7,23,Küsnacht ZH,ch:1:sloid:3101,8503101,47.31915637,8.58063573,branch,8503003
s-bahn-zuerich:S7,24,Küsnacht Goldbach,ch:1:sloid:3141,8503141,47.32685941,8.57596449,branch,8503003
s-bahn-zuerich:S7,25,Zollikon,ch:1:sloid:3100,8503100,47.33733739,8.56973916,branch,8503003
s-bahn-zuerich:S7,26,Herrliberg-Feldmeilen,ch:1:sloid:3103,8503103,47.28182486,8.61273253,branch,8503003
s-bahn-zuerich:S7,27,Winkel am Zürichsee,ch:1:sloid:3111,8503111,47.29721024,8.59898831,branch,8503003
s-bahn-zuerich:S8,1,Ziegelbrücke,ch:1:sloid:3225,8503225,47.13615854,9.06004863,backbone,
s-bahn-zuerich:S8,2,Bilten,ch:1:sloid:3224,8503224,47.15219104,9.02991913,backbone,
s-bahn-zuerich:S8,3,Reichenburg,ch:1:sloid:3223,8503223,47.17269507,8.98232639,backbone,
s-bahn-zuerich:S8,4,Schübelbach-Buttikon,ch:1:sloid:3222,8503222,47.17638947,8.93878505,backbone,
s-bahn-zuerich:S8,5,Siebnen-Wangen,ch:1:sloid:3221,8503221,47.18267242,8.90071445,backbone,
s-bahn-zuerich:S8,6,Lachen SZ,ch:1:sloid:3220,8503220,47.19006569,8.85271746,backbone,
s-bahn-zuerich:S8,7,Altendorf,ch:1:sloid:3211,8503211,47.19396643,8.82290238,backbone,
s-bahn-zuerich:S8,8,Pfäffikon SZ,ch:1:sloid:3209,8503209,47.20299991,8.77813034,backbone,
s-bahn-zuerich:S8,9,Freienbach SBB,ch:1:sloid:3210,8503210,47.20730858,8.75622043,backbone,
s-bahn-zuerich:S8,10,Bäch SZ,ch:1:sloid:3208,8503208,47.20097972,8.7271779,backbone,
s-bahn-zuerich:S8,11,Richterswil,ch:1:sloid:3207,8503207,47.20837654,8.70747785,backbone,
s-bahn-zuerich:S8,12,Wädenswil,ch:1:sloid:3206,8503206,47.22930419,8.67521934,backbone,
s-bahn-zuerich:S8,13,Au ZH,ch:1:sloid:3205,8503205,47.24682094,8.64372441,backbone,
s-bahn-zuerich:S8,14,Horgen,ch:1:sloid:3204,8503204,47.26148492,8.5969132,backbone,
s-bahn-zuerich:S8,15,Oberrieden,ch:1:sloid:3203,8503203,47.2796736,8.57846181,backbone,
s-bahn-zuerich:S8,16,Thalwil,ch:1:sloid:3202,8503202,47.29597958,8.56477148,backbone,
s-bahn-zuerich:S8,17,Rüschlikon,ch:1:sloid:3201,8503201,47.30713372,8.55515951,backbone,
s-bahn-zuerich:S8,18,Kilchberg ZH,ch:1:sloid:3200,8503200,47.32442987,8.5480179,backbone,
s-bahn-zuerich:S8,19,Zürich Wollishofen,ch:1:sloid:3009,8503009,47.34744202,8.53359994,backbone,
s-bahn-zuerich:S8,20,Zürich Enge,ch:1:sloid:3010,8503010,47.36409826,8.53082415,backbone,
s-bahn-zuerich:S8,21,Zürich Wiedikon,ch:1:sloid:3011,8503011,47.37147839,8.52348491,backbone,
s-bahn-zuerich:S8,22,Zürich HB,ch:1:sloid:3000,8503000,47.3781762,8.54021154,backbone,
s-bahn-zuerich:S8,23,Zürich Oerlikon,ch:1:sloid:3006,8503006,47.41153089,8.54413718,backbone,
s-bahn-zuerich:S8,24,Wallisellen,ch:1:sloid:3129,8503129,47.41272239,8.59192755,backbone,
s-bahn-zuerich:S8,25,Dietlikon,ch:1:sloid:3306,8503306,47.42019904,8.61927227,backbone,
s-bahn-zuerich:S8,26,Effretikon,ch:1:sloid:3305,8503305,47.42581495,8.68668185,backbone,
s-bahn-zuerich:S8,27,Kemptthal,ch:1:sloid:3304,8503304,47.45284073,8.7055824,detour,8503305
s-bahn-zuerich:S8,28,Winterthur,ch:1:sloid:6000,8506000,47.50033307,8.7238182,backbone,
s-bahn-zuerich:S8,29,Rapperswil SG,ch:1:sloid:3110,8503110,47.2248875,8.81674892,branch,8503209
s-bahn-zuerich:S9,1,Uster,ch:1:sloid:3125,8503125,47.35036957,8.71870679,backbone,
s-bahn-zuerich:S9,2,Nänikon-Greifensee,ch:1:sloid:3126,8503126,47.3693612,8.68641235,backbone,
s-bahn-zuerich:S9,3,Schwerzenbach ZH,ch:1:sloid:3127,8503127,47.38438657,8.65867238,backbone,
s-bahn-zuerich:S9,4,Dübendorf,ch:1:sloid:3128,8503128,47.40008261,8.62342249,backbone,
s-bahn-zuerich:S9,5,Stettbach,ch:1:sloid:3147,8503147,47.39721255,8.59614065,backbone,
s-bahn-zuerich:S9,6,Zürich Stadelhofen,ch:1:sloid:3003,8503003,47.36661115,8.54848502,backbone,
s-bahn-zuerich:S9,7,Zürich HB,ch:1:sloid:3000,8503000,47.3781762,8.54021154,backbone,
s-bahn-zuerich:S9,8,Zürich Hardbrücke,ch:1:sloid:3020,8503020,47.38519551,8.51712484,backbone,
s-bahn-zuerich:S9,9,Zürich Oerlikon,ch:1:sloid:3006,8503006,47.41153089,8.54413718,backbone,
s-bahn-zuerich:S9,10,Glattbrugg,ch:1:sloid:3310,8503310,47.43082865,8.55885158,backbone,
s-bahn-zuerich:S9,11,Rümlang,ch:1:sloid:3311,8503311,47.45406774,8.53276451,backbone,
s-bahn-zuerich:S9,12,Oberglatt ZH,ch:1:sloid:3312,8503312,47.47020452,8.51062104,backbone,
s-bahn-zuerich:S9,13,Niederglatt ZH,ch:1:sloid:3313,8503313,47.48747151,8.50331773,backbone,
s-bahn-zuerich:S9,14,Bülach,ch:1:sloid:3400,8503400,47.52394788,8.53620505,backbone,
s-bahn-zuerich:S9,15,Glattfelden,ch:1:sloid:3401,8503401,47.54855859,8.52405085,backbone,
s-bahn-zuerich:S9,16,Eglisau,ch:1:sloid:3402,8503402,47.57237594,8.5165589,backbone,
s-bahn-zuerich:S9,17,Hüntwangen-Wil,ch:1:sloid:3403,8503403,47.58126602,8.51284886,backbone,
s-bahn-zuerich:S9,18,Rafz,ch:1:sloid:3404,8503404,47.60379656,8.54345446,backbone,
s-bahn-zuerich:S9,19,Lottstetten,ch:1:sloid:3420,8503420,47.62573619,8.56681964,backbone,
s-bahn-zuerich:S9,20,Jestetten,ch:1:sloid:3421,8503421,47.65440187,8.57329649,backbone,
s-bahn-zuerich:S9,21,Neuhausen Rheinfall,ch:1:sloid:18924,8518924,47.67980409,8.61694563,backbone,
s-bahn-zuerich:S9,22,Neuhausen,ch:1:sloid:3423,8503423,47.68313045,8.62493166,backbone,
s-bahn-zuerich:S9,23,Schaffhausen,ch:1:sloid:3424,8503424,47.69828386,8.63275598,backbone,
s-bahn-zuerich:S:8502119-8503000,1,Lenzburg,ch:1:sloid:2119,8502119,47.39119829,8.1703931,backbone,
s-bahn-zuerich:S:8502119-8503000,2,Othmarsingen,ch:1:sloid:2105,8502105,47.40743338,8.21480581,backbone,
s-bahn-zuerich:S:8502119-8503000,3,Mägenwil,ch:1:sloid:2106,8502106,47.41450959,8.23515265,backbone,
s-bahn-zuerich:S:8502119-8503000,4,Mellingen Heitersberg,ch:1:sloid:16219,8516219,47.42807573,8.27636736,backbone,
s-bahn-zuerich:S:8502119-8503000,5,Killwangen-Spreitenbach,ch:1:sloid:3506,8503506,47.43332621,8.35421536,backbone,
s-bahn-zuerich:S:8502119-8503000,6,Zürich Altstetten,ch:1:sloid:3001,8503001,47.39148412,8.48896265,detour,8503506
s-bahn-zuerich:S:8502119-8503000,7,Zürich Hardbrücke,ch:1:sloid:3020,8503020,47.38519551,8.51712484,detour,8503001
s-bahn-zuerich:S:8502119-8503000,8,Zürich HB,ch:1:sloid:3000,8503000,47.3781762,8.54021154,backbone,
s-bahn-zuerich:S:8503000-8503110,1,Rapperswil SG,ch:1:sloid:3110,8503110,47.2248875,8.81674892,backbone,
s-bahn-zuerich:S:8503000-8503110,2,Jona,ch:1:sloid:3120,8503120,47.23097561,8.83461641,backbone,
s-bahn-zuerich:S:8503000-8503110,3,Rüti ZH,ch:1:sloid:3121,8503121,47.2604851,8.8540829,backbone,
s-bahn-zuerich:S:8503000-8503110,4,Bubikon,ch:1:sloid:3122,8503122,47.27084215,8.82271373,backbone,
s-bahn-zuerich:S:8503000-8503110,5,Wetzikon ZH,ch:1:sloid:3123,8503123,47.31802974,8.79228779,backbone,
s-bahn-zuerich:S:8503000-8503110,6,Aathal,ch:1:sloid:3124,8503124,47.33596155,8.7656258,detour,8503123
s-bahn-zuerich:S:8503000-8503110,7,Uster,ch:1:sloid:3125,8503125,47.35036957,8.71870679,backbone,
s-bahn-zuerich:S:8503000-8503110,8,Nänikon-Greifensee,ch:1:sloid:3126,8503126,47.3693612,8.68641235,backbone,
s-bahn-zuerich:S:8503000-8503110,9,Schwerzenbach ZH,ch:1:sloid:3127,8503127,47.38438657,8.65867238,backbone,
s-bahn-zuerich:S:8503000-8503110,10,Dübendorf,ch:1:sloid:3128,8503128,47.40008261,8.62342249,backbone,
s-bahn-zuerich:S:8503000-8503110,11,Stettbach,ch:1:sloid:3147,8503147,47.39721255,8.59614065,backbone,
s-bahn-zuerich:S:8503000-8503110,12,Zürich Stadelhofen,ch:1:sloid:3003,8503003,47.36661115,8.54848502,backbone,
s-bahn-zuerich:S:8503000-8503110,13,Zürich HB,ch:1:sloid:3000,8503000,47.3781762,8.54021154,backbone,
s-bahn-zuerich:S:8503000-8503110,14,Zürich Hardbrücke,ch:1:sloid:3020,8503020,47.38519551,8.51712484,backbone,
s-bahn-zuerich:S:8503000-8503110,15,Zürich Oerlikon,ch:1:sloid:3006,8503006,47.41153089,8.54413718,backbone,
s-bahn-zuerich:S:8503000-8503110,16,Glattbrugg,ch:1:sloid:3310,8503310,47.43082865,8.55885158,backbone,
s-bahn-zuerich:S:8503000-8503110,17,Rümlang,ch:1:sloid:3311,8503311,47.45406774,8.53276451,backbone,
s-bahn-zuerich:S:8503000-8503110,18,Oberglatt ZH,ch:1:sloid:3312,8503312,47.47020452,8.51062104,backbone,
s-bahn-zuerich:S:8503000-8503110,19,Niederglatt ZH,ch:1:sloid:3313,8503313,47.48747151,8.50331773,backbone,
s-bahn-zuerich:S:8503000-8503110,20,Bülach,ch:1:sloid:3400,8503400,47.52394788,8.53620505,backbone,
s-bahn-zuerich:S:8503000-8503110,21,Glattfelden,ch:1:sloid:3401,8503401,47.54855859,8.52405085,backbone,
s-bahn-zuerich:S:8503000-8503110,22,Eglisau,ch:1:sloid:3402,8503402,47.57237594,8.5165589,backbone,
s-bahn-zuerich:S:8503000-8503110,23,Hüntwangen-Wil,ch:1:sloid:3403,8503403,47.58126602,8.51284886,backbone,
s-bahn-zuerich:S:8503000-8503110,24,Rafz,ch:1:sloid:3404,8503404,47.60379656,8.54345446,backbone,
s-bahn-zuerich:S:8503000-8503110,25,Lottstetten,ch:1:sloid:3420,8503420,47.62573619,8.56681964,backbone,
s-bahn-zuerich:S:8503000-8503110,26,Jestetten,ch:1:sloid:3421,8503421,47.65440187,8.57329649,backbone,
s-bahn-zuerich:S:8503000-8503110,27,Neuhausen Rheinfall,ch:1:sloid:18924,8518924,47.67980409,8.61694563,backbone,
s-bahn-zuerich:S:8503000-8503110,28,Neuhausen,ch:1:sloid:3423,8503423,47.68313045,8.62493166,backbone,
s-bahn-zuerich:S:8503000-8503110,29,Schaffhausen,ch:1:sloid:3424,8503424,47.69828386,8.63275598,backbone,
s-bahn-zuerich:S:8503000-8506000,1,Zürich HB,ch:1:sloid:3000,8503000,47.3781762,8.54021154,backbone,
s-bahn-zuerich:S:8503000-8506000,2,Zürich Hardbrücke,ch:1:sloid:3020,8503020,47.38519551,8.51712484,backbone,
s-bahn-zuerich:S:8503000-8506000,3,Zürich Wipkingen,ch:1:sloid:3015,8503015,47.39304095,8.52937786,detour,8503000
s-bahn-zuerich:S:8503000-8506000,4,Zürich Oerlikon,ch:1:sloid:3006,8503006,47.41153089,8.54413718,backbone,
s-bahn-zuerich:S:8503000-8506000,5,Zürich Flughafen,ch:1:sloid:3016,8503016,47.45038663,8.56239993,backbone,
s-bahn-zuerich:S:8503000-8506000,6,Bassersdorf,ch:1:sloid:3307,8503307,47.43857008,8.62622523,backbone,
s-bahn-zuerich:S:8503000-8506000,7,Effretikon,ch:1:sloid:3305,8503305,47.42581495,8.68668185,backbone,
s-bahn-zuerich:S:8503000-8506000,8,Kemptthal,ch:1:sloid:3304,8503304,47.45284073,8.7055824,detour,8503305
s-bahn-zuerich:S:8503000-8506000,9,Winterthur,ch:1:sloid:6000,8506000,47.50033307,8.7238182,backbone,
s-bahn-zuerich:S:8503000-8506000,10,Oberwinterthur,ch:1:sloid:6016,8506016,47.5079247,8.76038862,backbone,
s-bahn-zuerich:S:8503016-8503225,1,Ziegelbrücke,ch:1:sloid:3225,8503225,47.13615854,9.06004863,backbone,
s-bahn-zuerich:S:8503016-8503225,2,Bilten,ch:1:sloid:3224,8503224,47.15219104,9.02991913,backbone,
s-bahn-zuerich:S:8503016-8503225,3,Reichenburg,ch:1:sloid:3223,8503223,47.17269507,8.98232639,backbone,
s-bahn-zuerich:S:8503016-8503225,4,Schübelbach-Buttikon,ch:1:sloid:3222,8503222,47.17638947,8.93878505,backbone,
s-bahn-zuerich:S:8503016-8503225,5,Siebnen-Wangen,ch:1:sloid:3221,8503221,47.18267242,8.90071445,backbone,
s-bahn-zuerich:S:8503016-8503225,6,Lachen SZ,ch:1:sloid:3220,8503220,47.19006569,8.85271746,backbone,
s-bahn-zuerich:S:8503016-8503225,7,Altendorf,ch:1:sloid:3211,8503211,47.19396643,8.82290238,backbone,
s-bahn-zuerich:S:8503016-8503225,8,Pfäffikon SZ,ch:1:sloid:3209,8503209,47.20299991,8.77813034,backbone,
s-bahn-zuerich:S:8503016-8503225,9,Freienbach SBB,ch:1:sloid:3210,8503210,47.20730858,8.75622043,backbone,
s-bahn-zuerich:S:8503016-8503225,10,Bäch SZ,ch:1:sloid:3208,8503208,47.20097972,8.7271779,backbone,
s-bahn-zuerich:S:8503016-8503225,11,Richterswil,ch:1:sloid:3207,8503207,47.20837654,8.70747785,backbone,
s-bahn-zuerich:S:8503016-8503225,12,Wädenswil,ch:1:sloid:3206,8503206,47.22930419,8.67521934,backbone,
s-bahn-zuerich:S:8503016-8503225,13,Au ZH,ch:1:sloid:3205,8503205,47.24682094,8.64372441,backbone,
s-bahn-zuerich:S:8503016-8503225,14,Horgen,ch:1:sloid:3204,8503204,47.26148492,8.5969132,backbone,
s-bahn-zuerich:S:8503016-8503225,15,Oberrieden,ch:1:sloid:3203,8503203,47.2796736,8.57846181,backbone,
s-bahn-zuerich:S:8503016-8503225,16,Thalwil,ch:1:sloid:3202,8503202,47.29597958,8.56477148,backbone,
s-bahn-zuerich:S:8503016-8503225,17,Rüschlikon,ch:1:sloid:3201,8503201,47.30713372,8.55515951,backbone,
s-bahn-zuerich:S:8503016-8503225,18,Kilchberg ZH,ch:1:sloid:3200,8503200,47.32442987,8.5480179,backbone,
s-bahn-zuerich:S:8503016-8503225,19,Zürich Wollishofen,ch:1:sloid:3009,8503009,47.34744202,8.53359994,backbone,
s-bahn-zuerich:S:8503016-8503225,20,Zürich Enge,ch:1:sloid:3010,8503010,47.36409826,8.53082415,backbone,
s-bahn-zuerich:S:8503016-8503225,21,Zürich Wiedikon,ch:1:sloid:3011,8503011,47.37147839,8.52348491,backbone,
s-bahn-zuerich:S:8503016-8503225,22,Zürich HB,ch:1:sloid:3000,8503000,47.3781762,8.54021154,backbone,
s-bahn-zuerich:S:8503016-8503225,23,Zürich Oerlikon,ch:1:sloid:3006,8503006,47.41153089,8.54413718,backbone,
s-bahn-zuerich:S:8503016-8503225,24,Wallisellen,ch:1:sloid:3129,8503129,47.41272239,8.59192755,backbone,
s-bahn-zuerich:S:8503016-8503225,25,Dietlikon,ch:1:sloid:3306,8503306,47.42019904,8.61927227,backbone,
s-bahn-zuerich:S:8503016-8503225,26,Effretikon,ch:1:sloid:3305,8503305,47.42581495,8.68668185,backbone,
s-bahn-zuerich:S:8503016-8503225,27,Winterthur,ch:1:sloid:6000,8506000,47.50033307,8.7238182,backbone,
s-bahn-zuerich:S:8503016-8503225,28,Zürich Flughafen,ch:1:sloid:3016,8503016,47.45038663,8.56239993,branch,8503006
s-bahn-zuerich:S:8503110-8503209,1,Rapperswil SG,ch:1:sloid:3110,8503110,47.2248875,8.81674892,backbone,
s-bahn-zuerich:S:8503110-8503209,2,Pfäffikon SZ,ch:1:sloid:3209,8503209,47.20299991,8.77813034,backbone,
s-bahn-zuerich:S:8503110-8503284,1,Rapperswil SG,ch:1:sloid:3110,8503110,47.2248875,8.81674892,backbone,
s-bahn-zuerich:S:8503110-8503284,2,Hurden,ch:1:sloid:3299,8503299,47.21414314,8.80074992,backbone,
s-bahn-zuerich:S:8503110-8503284,3,Pfäffikon SZ,ch:1:sloid:3209,8503209,47.20299991,8.77813034,backbone,
s-bahn-zuerich:S:8503110-8503284,4,Freienbach SOB,ch:1:sloid:3289,8503289,47.20420222,8.75940047,backbone,
s-bahn-zuerich:S:8503110-8503284,5,Wilen bei Wollerau,ch:1:sloid:3295,8503295,47.19758611,8.73433747,backbone,
s-bahn-zuerich:S:8503110-8503284,6,Wollerau,ch:1:sloid:3288,8503288,47.19543753,8.72501296,backbone,
s-bahn-zuerich:S:8503110-8503284,7,Riedmatt SZ,ch:1:sloid:3294,8503294,47.19670716,8.71210417,backbone,
s-bahn-zuerich:S:8503110-8503284,8,Samstagern,ch:1:sloid:3286,8503286,47.19154911,8.68599015,backbone,
s-bahn-zuerich:S:8503110-8503284,9,Schindellegi-Feusisberg,ch:1:sloid:3285,8503285,47.17640779,8.70938228,backbone,
s-bahn-zuerich:S:8503110-8503284,10,Biberbrugg,ch:1:sloid:3284,8503284,47.15638166,8.72271327,backbone,
s-bahn-zuerich:S:8503424-8506000,1,Schaffhausen,ch:1:sloid:3424,8503424,47.69828386,8.63275598,backbone,
s-bahn-zuerich:S:8503424-8506000,2,Neuhausen,ch:1:sloid:3423,8503423,47.68313045,8.62493166,backbone,
s-bahn-zuerich:S:8503424-8506000,3,Dachsen,ch:1:sloid:6049,8506049,47.6670894,8.6138195,backbone,
s-bahn-zuerich:S:8503424-8506000,4,Marthalen,ch:1:sloid:6048,8506048,47.63137857,8.65606726,backbone,
s-bahn-zuerich:S:8503424-8506000,5,Andelfingen,ch:1:sloid:6047,8506047,47.59376534,8.67800412,backbone,
s-bahn-zuerich:S:8503424-8506000,6,Winterthur,ch:1:sloid:6000,8506000,47.50033307,8.7238182,backbone,
s-bahn-zuerich:S:8506000-8506016,1,Winterthur,ch:1:sloid:6000,8506000,47.50033307,8.7238182,backbone,
s-bahn-zuerich:S:8506000-8506016,2,Oberwinterthur,ch:1:sloid:6016,8506016,47.5079247,8.76038862,backbone,
s-bahn-zuerich:SN1,1,Olten,ch:1:sloid:218,8500218,47.3519337,7.90769877,extension,8502113
s-bahn-zuerich:SN1,2,Dulliken,ch:1:sloid:2110,8502110,47.35427677,7.946497,extension,8502113
s-bahn-zuerich:SN1,3,Däniken SO,ch:1:sloid:2111,8502111,47.35638848,7.97877347,extension,8502113
s-bahn-zuerich:SN1,4,Schönenwerd SO,ch:1:sloid:2112,8502112,47.37142364,8.00016236,extension,8502113
s-bahn-zuerich:SN1,5,Aarau,ch:1:sloid:2113,8502113,47.39136249,8.0512765,backbone,
s-bahn-zuerich:SN1,6,Rupperswil,ch:1:sloid:2114,8502114,47.403293,8.12695956,backbone,
s-bahn-zuerich:SN1,7,Lenzburg,ch:1:sloid:2119,8502119,47.39119829,8.1703931,detour,8502114
s-bahn-zuerich:SN1,8,Othmarsingen,ch:1:sloid:2105,8502105,47.40743338,8.21480581,detour,8502114
s-bahn-zuerich:SN1,9,Mägenwil,ch:1:sloid:2106,8502106,47.41450959,8.23515265,detour,8502114
s-bahn-zuerich:SN1,10,Mellingen Heitersberg,ch:1:sloid:16219,8516219,47.42807573,8.27636736,detour,8502114
s-bahn-zuerich:SN1,11,Wildegg,ch:1:sloid:2115,8502115,47.41527551,8.16301794,backbone,
s-bahn-zuerich:SN1,12,Holderbank AG,ch:1:sloid:2128,8502128,47.42864091,8.16662018,backbone,
s-bahn-zuerich:SN1,13,Schinznach Bad,ch:1:sloid:2116,8502116,47.45178378,8.16695256,backbone,
s-bahn-zuerich:SN1,14,Brugg AG,ch:1:sloid:309,8500309,47.48086045,8.208841,backbone,
s-bahn-zuerich:SN1,15,Turgi,ch:1:sloid:3503,8503503,47.49175702,8.25346032,backbone,
s-bahn-zuerich:SN1,16,Baden,ch:1:sloid:3504,8503504,47.47642226,8.30770958,backbone,
s-bahn-zuerich:SN1,17,Wettingen,ch:1:sloid:3505,8503505,47.45963752,8.31601001,backbone,
s-bahn-zuerich:SN1,18,Neuenhof,ch:1:sloid:3511,8503511,47.45066606,8.33125442,backbone,
s-bahn-zuerich:SN1,19,Killwangen-Spreitenbach,ch:1:sloid:3506,8503506,47.43332621,8.35421536,backbone,
s-bahn-zuerich:SN1,20,Dietikon,ch:1:sloid:3508,8503508,47.40578578,8.40498814,backbone,
s-bahn-zuerich:SN1,21,Glanzenberg,ch:1:sloid:3512,8503512,47.39887866,8.42043916,backbone,
s-bahn-zuerich:SN1,22,Schlieren,ch:1:sloid:3509,8503509,47.39917661,8.44724489,backbone,
s-bahn-zuerich:SN1,23,Zürich Altstetten,ch:1:sloid:3001,8503001,47.39148412,8.48896265,backbone,
s-bahn-zuerich:SN1,24,Zürich Hardbrücke,ch:1:sloid:3020,8503020,47.38519551,8.51712484,backbone,
s-bahn-zuerich:SN1,25,Zürich HB,ch:1:sloid:3000,8503000,47.3781762,8.54021154,backbone,
s-bahn-zuerich:SN1,26,Zürich Stadelhofen,ch:1:sloid:3003,8503003,47.36661115,8.54848502,backbone,
s-bahn-zuerich:SN1,27,Stettbach,ch:1:sloid:3147,8503147,47.39721255,8.59614065,backbone,
s-bahn-zuerich:SN1,28,Dietlikon,ch:1:sloid:3306,8503306,47.42019904,8.61927227,backbone,
s-bahn-zuerich:SN1,29,Effretikon,ch:1:sloid:3305,8503305,47.42581495,8.68668185,backbone,
s-bahn-zuerich:SN1,30,Kemptthal,ch:1:sloid:3304,8503304,47.45284073,8.7055824,backbone,
s-bahn-zuerich:SN1,31,Winterthur,ch:1:sloid:6000,8506000,47.50033307,8.7238182,backbone,
s-bahn-zuerich:SN1,32,Oberwinterthur,ch:1:sloid:6016,8506016,47.5079247,8.76038862,backbone,
s-bahn-zuerich:SN11,1,Olten,ch:1:sloid:218,8500218,47.3519337,7.90769877,backbone,
s-bahn-zuerich:SN11,2,Dulliken,ch:1:sloid:2110,8502110,47.35427677,7.946497,backbone,
s-bahn-zuerich:SN11,3,Däniken SO,ch:1:sloid:2111,8502111,47.35638848,7.97877347,backbone,
s-bahn-zuerich:SN11,4,Schönenwerd SO,ch:1:sloid:2112,8502112,47.37142364,8.00016236,backbone,
s-bahn-zuerich:SN11,5,Aarau,ch:1:sloid:2113,8502113,47.39136249,8.0512765,backbone,
s-bahn-zuerich:SN11,6,Rupperswil,ch:1:sloid:2114,8502114,47.403293,8.12695956,backbone,
s-bahn-zuerich:SN11,7,Lenzburg,ch:1:sloid:2119,8502119,47.39119829,8.1703931,backbone,
s-bahn-zuerich:SN11,8,Othmarsingen,ch:1:sloid:2105,8502105,47.40743338,8.21480581,backbone,
s-bahn-zuerich:SN11,9,Mägenwil,ch:1:sloid:2106,8502106,47.41450959,8.23515265,backbone,
s-bahn-zuerich:SN11,10,Mellingen Heitersberg,ch:1:sloid:16219,8516219,47.42807573,8.27636736,backbone,
s-bahn-zuerich:SN11,11,Killwangen-Spreitenbach,ch:1:sloid:3506,8503506,47.43332621,8.35421536,backbone,
s-bahn-zuerich:SN11,12,Dietikon,ch:1:sloid:3508,8503508,47.40578578,8.40498814,backbone,
s-bahn-zuerich:SN11,13,Glanzenberg,ch:1:sloid:3512,8503512,47.39887866,8.42043916,backbone,
s-bahn-zuerich:SN11,14,Schlieren,ch:1:sloid:3509,8503509,47.39917661,8.44724489,backbone,
s-bahn-zuerich:SN11,15,Zürich Altstetten,ch:1:sloid:3001,8503001,47.39148412,8.48896265,backbone,
s-bahn-zuerich:SN11,16,Zürich Hardbrücke,ch:1:sloid:3020,8503020,47.38519551,8.51712484,backbone,
s-bahn-zuerich:SN11,17,Zürich HB,ch:1:sloid:3000,8503000,47.3781762,8.54021154,backbone,
s-bahn-zuerich:SN11,18,Zürich Stadelhofen,ch:1:sloid:3003,8503003,47.36661115,8.54848502,backbone,
s-bahn-zuerich:SN11,19,Stettbach,ch:1:sloid:3147,8503147,47.39721255,8.59614065,backbone,
s-bahn-zuerich:SN11,20,Dietlikon,ch:1:sloid:3306,8503306,47.42019904,8.61927227,backbone,
s-bahn-zuerich:SN11,21,Effretikon,ch:1:sloid:3305,8503305,47.42581495,8.68668185,backbone,
s-bahn-zuerich:SN11,22,Kemptthal,ch:1:sloid:3304,8503304,47.45284073,8.7055824,backbone,
s-bahn-zuerich:SN11,23,Winterthur,ch:1:sloid:6000,8506000,47.50033307,8.7238182,backbone,
s-bahn-zuerich:SN13,1,Wädenswil,ch:1:sloid:3206,8503206,47.22930419,8.67521934,backbone,
s-bahn-zuerich:SN13,2,Burghalden,ch:1:sloid:3287,8503287,47.20867556,8.69271853,backbone,
s-bahn-zuerich:SN13,3,Grüenfeld,ch:1:sloid:3293,8503293,47.19829415,8.6872927,backbone,
s-bahn-zuerich:SN13,4,Samstagern,ch:1:sloid:3286,8503286,47.19154911,8.68599015,backbone,
s-bahn-zuerich:SN13,5,Schindellegi-Feusisberg,ch:1:sloid:3285,8503285,47.17640779,8.70938228,backbone,
s-bahn-zuerich:SN13,6,Biberbrugg,ch:1:sloid:3284,8503284,47.15638166,8.72271327,backbone,
s-bahn-zuerich:SN13,7,Einsiedeln,ch:1:sloid:3283,8503283,47.12858053,8.74447945,backbone,
s-bahn-zuerich:SN14,1,Winterthur,ch:1:sloid:6000,8506000,47.50033307,8.7238182,backbone,
s-bahn-zuerich:SN14,2,Oberwinterthur,ch:1:sloid:6016,8506016,47.5079247,8.76038862,backbone,
s-bahn-zuerich:SN14,3,Wiesendangen,ch:1:sloid:6017,8506017,47.52554325,8.77603727,backbone,
s-bahn-zuerich:SN14,4,Rickenbach-Attikon,ch:1:sloid:6018,8506018,47.53535709,8.78917064,backbone,
s-bahn-zuerich:SN14,5,Islikon,ch:1:sloid:6019,8506019,47.54783705,8.84619569,backbone,
s-bahn-zuerich:SN14,6,Frauenfeld,ch:1:sloid:6100,8506100,47.558162,8.89656423,backbone,
s-bahn-zuerich:SN14,7,Felben-Wellhausen,ch:1:sloid:6101,8506101,47.57710296,8.94317781,backbone,
s-bahn-zuerich:SN14,8,Hüttlingen-Mettendorf,ch:1:sloid:6102,8506102,47.58234461,8.97455596,backbone,
s-bahn-zuerich:SN14,9,Müllheim-Wigoltingen,ch:1:sloid:6103,8506103,47.58816737,9.01551914,backbone,
s-bahn-zuerich:SN14,10,Märstetten,ch:1:sloid:6104,8506104,47.5828233,9.0621956,backbone,
s-bahn-zuerich:SN14,11,Weinfelden,ch:1:sloid:6105,8506105,47.56622411,9.10636577,backbone,
s-bahn-zuerich:SN14,12,Kehlhof,ch:1:sloid:6193,8506193,47.57225472,9.16975089,backbone,
s-bahn-zuerich:SN14,13,Berg,ch:1:sloid:6194,8506194,47.58249003,9.17391907,backbone,
s-bahn-zuerich:SN14,14,Siegershausen,ch:1:sloid:6195,8506195,47.61091902,9.16825969,backbone,
s-bahn-zuerich:SN14,15,Lengwil,ch:1:sloid:6196,8506196,47.62559694,9.19028638,backbone,
s-bahn-zuerich:SN14,16,Kreuzlingen Bernrain,ch:1:sloid:6197,8506197,47.64211678,9.16320217,backbone,
s-bahn-zuerich:SN14,17,Tägerwilen Dorf,ch:1:sloid:6198,8506198,47.6537181,9.13955852,backbone,
s-bahn-zuerich:SN14,18,Kreuzlingen,ch:1:sloid:6131,8506131,47.65255022,9.16907716,backbone,
s-bahn-zuerich:SN14,19,Kreuzlingen Hafen,ch:1:sloid:6128,8506128,47.64916139,9.18198595,backbone,
s-bahn-zuerich:SN14,20,Bussnang,ch:1:sloid:6190,8506190,47.55608262,9.08415941,branch,8506105
s-bahn-zuerich:SN14,21,Oppikon,ch:1:sloid:6185,8506185,47.55206306,9.06210577,branch,8506105
s-bahn-zuerich:SN14,22,Märwil,ch:1:sloid:6184,8506184,47.53313124,9.06923839,branch,8506105
s-bahn-zuerich:SN14,23,Tobel-Affeltrangen,ch:1:sloid:6183,8506183,47.52130297,9.03371003,branch,8506105
s-bahn-zuerich:SN14,24,Tägerschen,ch:1:sloid:6168,8506168,47.5093628,9.02478975,branch,8506105
s-bahn-zuerich:SN14,25,Bettwiesen,ch:1:sloid:6182,8506182,47.49862161,9.02078327,branch,8506105
s-bahn-zuerich:SN14,26,Bronschhofen AMP,ch:1:sloid:6188,8506188,47.48126722,9.03092525,branch,8506105
s-bahn-zuerich:SN14,27,Bronschhofen,ch:1:sloid:6181,8506181,47.47544471,9.03468021,branch,8506105
s-bahn-zuerich:SN14,28,Wil SG,ch:1:sloid:6206,8506206,47.46241308,9.04099536,branch,8506105
s-bahn-zuerich:SN21,1,Winterthur,ch:1:sloid:6000,8506000,47.50033307,8.7238182,backbone,
s-bahn-zuerich:SN21,2,Winterthur Grüze,ch:1:sloid:6001,8506001,47.49875513,8.75105512,backbone,
s-bahn-zuerich:SN21,3,Winterthur Hegi,ch:1:sloid:16218,8516218,47.50148614,8.76894956,backbone,
s-bahn-zuerich:SN21,4,Räterschen,ch:1:sloid:6015,8506015,47.4986823,8.79501867,backbone,
s-bahn-zuerich:SN21,5,Schottikon,ch:1:sloid:6035,8506035,47.50011459,8.81171835,backbone,
s-bahn-zuerich:SN21,6,Elgg,ch:1:sloid:6014,8506014,47.49853057,8.8634164,backbone,
s-bahn-zuerich:SN21,7,Aadorf,ch:1:sloid:6013,8506013,47.48811497,8.9033016,backbone,
s-bahn-zuerich:SN21,8,Guntershausen,ch:1:sloid:6012,8506012,47.47412105,8.91702785,backbone,
s-bahn-zuerich:SN21,9,Eschlikon TG,ch:1:sloid:6011,8506011,47.46148994,8.958539,backbone,
s-bahn-zuerich:SN21,10,Sirnach,ch:1:sloid:6010,8506010,47.46199403,9.00047236,backbone,
s-bahn-zuerich:SN21,11,Wil SG,ch:1:sloid:6206,8506206,47.46241308,9.04099536,backbone,
s-bahn-zuerich:SN21,12,Uzwil,ch:1:sloid:6208,8506208,47.43644343,9.13098859,backbone,
s-bahn-zuerich:SN21,13,Flawil,ch:1:sloid:6209,8506209,47.41519041,9.18978332,backbone,
s-bahn-zuerich:SN21,14,Gossau SG,ch:1:sloid:6210,8506210,47.41183485,9.25305167,backbone,
s-bahn-zuerich:SN21,15,St. Gallen Winkeln,ch:1:sloid:6300,8506300,47.4039314,9.30086001,backbone,
s-bahn-zuerich:SN21,16,St. Gallen Bruggen,ch:1:sloid:6301,8506301,47.40720236,9.32965101,backbone,
s-bahn-zuerich:SN21,17,St. Gallen,ch:1:sloid:6302,8506302,47.42317725,9.36989554,backbone,
s-bahn-zuerich:SN22,1,Winterthur,ch:1:sloid:6000,8506000,47.50033307,8.7238182,backbone,
s-bahn-zuerich:SN22,2,Wil SG,ch:1:sloid:6206,8506206,47.46241308,9.04099536,backbone,
s-bahn-zuerich:SN22,3,Uzwil,ch:1:sloid:6208,8506208,47.43644343,9.13098859,backbone,
s-bahn-zuerich:SN22,4,Flawil,ch:1:sloid:6209,8506209,47.41519041,9.18978332,backbone,
s-bahn-zuerich:SN22,5,Gossau SG,ch:1:sloid:6210,8506210,47.41183485,9.25305167,backbone,
s-bahn-zuerich:SN22,6,St. Gallen Winkeln,ch:1:sloid:6300,8506300,47.4039314,9.30086001,backbone,
s-bahn-zuerich:SN22,7,St. Gallen Bruggen,ch:1:sloid:6301,8506301,47.40720236,9.32965101,backbone,
s-bahn-zuerich:SN22,8,St. Gallen,ch:1:sloid:6302,8506302,47.42317725,9.36989554,backbone,
s-bahn-zuerich:SN22,9,St. Gallen St. Fiden,ch:1:sloid:6303,8506303,47.43454152,9.39344038,backbone,
s-bahn-zuerich:SN22,10,Mörschwil,ch:1:sloid:6304,8506304,47.47477074,9.41438011,backbone,
s-bahn-zuerich:SN22,11,Goldach,ch:1:sloid:6305,8506305,47.47379924,9.46699444,backbone,
s-bahn-zuerich:SN22,12,Rorschach Stadt,ch:1:sloid:6322,8506322,47.47559044,9.48936249,backbone,
s-bahn-zuerich:SN22,13,Rorschach,ch:1:sloid:6311,8506311,47.47800087,9.5051369,backbone,
s-bahn-zuerich:SN22,14,Staad SG,ch:1:sloid:6312,8506312,47.48069046,9.53552691,backbone,
s-bahn-zuerich:SN22,15,Rheineck,ch:1:sloid:6313,8506313,47.4668889,9.59091703,backbone,
s-bahn-zuerich:SN22,16,St. Margrethen SG,ch:1:sloid:6314,8506314,47.45321734,9.63825825,backbone,
s-bahn-zuerich:SN22,17,Au SG,ch:1:sloid:6316,8506316,47.43611531,9.64125862,backbone,
s-bahn-zuerich:SN22,18,Heerbrugg,ch:1:sloid:6317,8506317,47.41039408,9.6272449,backbone,
s-bahn-zuerich:SN22,19,Rebstein-Marbach,ch:1:sloid:6318,8506318,47.39263959,9.58675783,backbone,
s-bahn-zuerich:SN22,20,Altstätten SG,ch:1:sloid:6319,8506319,47.37423427,9.55652054,backbone,
s-bahn-zuerich:SN3,1,Winterthur,ch:1:sloid:6000,8506000,47.50033307,8.7238182,backbone,
s-bahn-zuerich:SN3,2,Hettlingen,ch:1:sloid:6045,8506045,47.54544195,8.69482957,backbone,
s-bahn-zuerich:SN3,3,Henggart,ch:1:sloid:6046,8506046,47.56425416,8.68507386,backbone,
s-bahn-zuerich:SN3,4,Andelfingen,ch:1:sloid:6047,8506047,47.59376534,8.67800412,backbone,
s-bahn-zuerich:SN3,5,Marthalen,ch:1:sloid:6048,8506048,47.63137857,8.65606726,backbone,
s-bahn-zuerich:SN3,6,Dachsen,ch:1:sloid:6049,8506049,47.6670894,8.6138195,backbone,
s-bahn-zuerich:SN3,7,Schloss Laufen am Rheinfall,ch:1:sloid:6039,8506039,47.67656825,8.61426865,backbone,
s-bahn-zuerich:SN3,8,Neuhausen,ch:1:sloid:3423,8503423,47.68313045,8.62493166,backbone,
s-bahn-zuerich:SN3,9,Schaffhausen,ch:1:sloid:3424,8503424,47.69828386,8.63275598,backbone,
s-bahn-zuerich:SN3,10,Feuerthalen,ch:1:sloid:3425,8503425,47.69217102,8.6459702,backbone,
s-bahn-zuerich:SN3,11,Langwiesen,ch:1:sloid:3426,8503426,47.68345098,8.66231954,backbone,
s-bahn-zuerich:SN3,12,Schlatt TG,ch:1:sloid:3427,8503427,47.67950169,8.6875083,backbone,
s-bahn-zuerich:SN3,13,St. Katharinental,ch:1:sloid:6148,8506148,47.68756325,8.73203779,backbone,
s-bahn-zuerich:SN3,14,Diessenhofen,ch:1:sloid:3428,8503428,47.68547087,8.7522948,backbone,
s-bahn-zuerich:SN3,15,Schlattingen,ch:1:sloid:3429,8503429,47.66662358,8.77043178,backbone,
s-bahn-zuerich:SN3,16,Etzwilen,ch:1:sloid:6025,8506025,47.66114232,8.81861741,backbone,
s-bahn-zuerich:SN3,17,Stein am Rhein,ch:1:sloid:6139,8506139,47.65610824,8.85501715,backbone,
s-bahn-zuerich:SN30,1,Winterthur,ch:1:sloid:6000,8506000,47.50033307,8.7238182,backbone,
s-bahn-zuerich:SN30,2,Oberwinterthur,ch:1:sloid:6016,8506016,47.5079247,8.76038862,backbone,
s-bahn-zuerich:SN30,3,Wiesendangen,ch:1:sloid:6017,8506017,47.52554325,8.77603727,backbone,
s-bahn-zuerich:SN30,4,Rickenbach-Attikon,ch:1:sloid:6018,8506018,47.53535709,8.78917064,backbone,
s-bahn-zuerich:SN30,5,Islikon,ch:1:sloid:6019,8506019,47.54783705,8.84619569,backbone,
s-bahn-zuerich:SN30,6,Frauenfeld,ch:1:sloid:6100,8506100,47.558162,8.89656423,backbone,
s-bahn-zuerich:SN30,7,Felben-Wellhausen,ch:1:sloid:6101,8506101,47.57710296,8.94317781,backbone,
s-bahn-zuerich:SN30,8,Hüttlingen-Mettendorf,ch:1:sloid:6102,8506102,47.58234461,8.97455596,backbone,
s-bahn-zuerich:SN30,9,Müllheim-Wigoltingen,ch:1:sloid:6103,8506103,47.58816737,9.01551914,backbone,
s-bahn-zuerich:SN30,10,Märstetten,ch:1:sloid:6104,8506104,47.5828233,9.0621956,backbone,
s-bahn-zuerich:SN30,11,Weinfelden,ch:1:sloid:6105,8506105,47.56622411,9.10636577,backbone,
s-bahn-zuerich:SN30,12,Bürglen TG,ch:1:sloid:6106,8506106,47.54909822,9.14988016,backbone,
s-bahn-zuerich:SN30,13,Sulgen,ch:1:sloid:6217,8506217,47.5388018,9.18369275,backbone,
s-bahn-zuerich:SN30,14,Erlen,ch:1:sloid:6107,8506107,47.55146283,9.22620102,backbone,
s-bahn-zuerich:SN30,15,Oberaach,ch:1:sloid:6108,8506108,47.55331807,9.27106289,backbone,
s-bahn-zuerich:SN30,16,Amriswil,ch:1:sloid:6109,8506109,47.55045031,9.30222545,backbone,
s-bahn-zuerich:SN30,17,Romanshorn,ch:1:sloid:6121,8506121,47.56552099,9.37937276,backbone,
s-bahn-zuerich:SN4,1,Zürich HB,ch:1:sloid:3000,8503000,47.3781762,8.54021154,backbone,
s-bahn-zuerich:SN4,2,Zürich Selnau,ch:1:sloid:3090,8503090,47.37223886,8.53172246,backbone,
s-bahn-zuerich:SN4,3,Zürich Giesshübel,ch:1:sloid:3091,8503091,47.36261359,8.52201167,backbone,
s-bahn-zuerich:SN4,4,Zürich Saalsporthalle,ch:1:sloid:3087,8503087,47.35779422,8.52196676,backbone,
s-bahn-zuerich:SN4,5,Zürich Brunau,ch:1:sloid:3086,8503086,47.35164157,8.52623376,backbone,
s-bahn-zuerich:SN4,6,Zürich Manegg,ch:1:sloid:3093,8503093,47.33793398,8.51963114,backbone,
s-bahn-zuerich:SN4,7,Zürich Leimbach,ch:1:sloid:3094,8503094,47.33304538,8.51856214,backbone,
s-bahn-zuerich:SN4,8,Sood-Oberleimbach,ch:1:sloid:3095,8503095,47.31961919,8.5215176,backbone,
s-bahn-zuerich:SN4,9,Adliswil,ch:1:sloid:3096,8503096,47.31227444,8.52425746,backbone,
s-bahn-zuerich:SN4,10,Sihlau,ch:1:sloid:3099,8503099,47.30329004,8.52516476,backbone,
s-bahn-zuerich:SN4,11,Wildpark-Höfli,ch:1:sloid:3089,8503089,47.29654008,8.5356481,backbone,
s-bahn-zuerich:SN4,12,Langnau-Gattikon,ch:1:sloid:3097,8503097,47.28730928,8.54383175,backbone,
s-bahn-zuerich:SN40,1,Rapperswil SG,ch:1:sloid:3110,8503110,47.2248875,8.81674892,backbone,
s-bahn-zuerich:SN40,2,Hurden,ch:1:sloid:3299,8503299,47.21414314,8.80074992,backbone,
s-bahn-zuerich:SN40,3,Pfäffikon SZ,ch:1:sloid:3209,8503209,47.20299991,8.77813034,backbone,
s-bahn-zuerich:SN40,4,Freienbach SOB,ch:1:sloid:3289,8503289,47.20420222,8.75940047,backbone,
s-bahn-zuerich:SN40,5,Wilen bei Wollerau,ch:1:sloid:3295,8503295,47.19758611,8.73433747,backbone,
s-bahn-zuerich:SN40,6,Wollerau,ch:1:sloid:3288,8503288,47.19543753,8.72501296,backbone,
s-bahn-zuerich:SN40,7,Riedmatt SZ,ch:1:sloid:3294,8503294,47.19670716,8.71210417,backbone,
s-bahn-zuerich:SN40,8,Samstagern,ch:1:sloid:3286,8503286,47.19154911,8.68599015,backbone,
s-bahn-zuerich:SN40,9,Schindellegi-Feusisberg,ch:1:sloid:3285,8503285,47.17640779,8.70938228,backbone,
s-bahn-zuerich:SN40,10,Biberbrugg,ch:1:sloid:3284,8503284,47.15638166,8.72271327,backbone,
s-bahn-zuerich:SN40,11,Einsiedeln,ch:1:sloid:3283,8503283,47.12858053,8.74447945,backbone,
s-bahn-zuerich:SN41,1,Bülach,ch:1:sloid:3400,8503400,47.52394788,8.53620505,backbone,
s-bahn-zuerich:SN41,2,Embrach-Rorbas,ch:1:sloid:6041,8506041,47.52058712,8.58706767,backbone,
s-bahn-zuerich:SN41,3,Pfungen,ch:1:sloid:6042,8506042,47.51603701,8.64663495,backbone,
s-bahn-zuerich:SN41,4,Winterthur Wülflingen,ch:1:sloid:6043,8506043,47.50643802,8.68093263,backbone,
s-bahn-zuerich:SN41,5,Winterthur Töss,ch:1:sloid:6044,8506044,47.48980855,8.70931041,backbone,
s-bahn-zuerich:SN41,6,Winterthur,ch:1:sloid:6000,8506000,47.50033307,8.7238182,backbone,
s-bahn-zuerich:SN5,1,Zug,ch:1:sloid:2204,8502204,47.17370877,8.51504973,extension,8502226
s-bahn-zuerich:SN5,2,Steinhausen Rigiblick,ch:1:sloid:18459,8518459,47.18786186,8.47970102,extension,8502226
s-bahn-zuerich:SN5,3,Steinhausen,ch:1:sloid:2227,8502227,47.19458295,8.4784344,extension,8502226
s-bahn-zuerich:SN5,4,Knonau,ch:1:sloid:2226,8502226,47.22026299,8.46672935,backbone,
s-bahn-zuerich:SN5,5,Mettmenstetten,ch:1:sloid:2225,8502225,47.2440706,8.45737789,backbone,
s-bahn-zuerich:SN5,6,Affoltern am Albis,ch:1:sloid:2224,8502224,47.27607172,8.44659811,backbone,
s-bahn-zuerich:SN5,7,Hedingen,ch:1:sloid:2223,8502223,47.29878204,8.44596928,backbone,
s-bahn-zuerich:SN5,8,Bonstetten-Wettswil,ch:1:sloid:2222,8502222,47.32590344,8.4681936,backbone,
s-bahn-zuerich:SN5,9,Birmensdorf ZH,ch:1:sloid:2221,8502221,47.35742909,8.43755207,backbone,
s-bahn-zuerich:SN5,10,Urdorf Weihermatt,ch:1:sloid:2229,8502229,47.38096822,8.4303386,backbone,
s-bahn-zuerich:SN5,11,Urdorf,ch:1:sloid:2220,8502220,47.39088205,8.43473136,backbone,
s-bahn-zuerich:SN5,12,Zürich Altstetten,ch:1:sloid:3001,8503001,47.39148412,8.48896265,backbone,
s-bahn-zuerich:SN5,13,Zürich Hardbrücke,ch:1:sloid:3020,8503020,47.38519551,8.51712484,backbone,
s-bahn-zuerich:SN5,14,Zürich HB,ch:1:sloid:3000,8503000,47.3781762,8.54021154,backbone,
s-bahn-zuerich:SN5,15,Zürich Stadelhofen,ch:1:sloid:3003,8503003,47.36661115,8.54848502,backbone,
s-bahn-zuerich:SN5,16,Uster,ch:1:sloid:3125,8503125,47.35036957,8.71870679,backbone,
s-bahn-zuerich:SN5,17,Aathal,ch:1:sloid:3124,8503124,47.33596155,8.7656258,backbone,
s-bahn-zuerich:SN5,18,Wetzikon ZH,ch:1:sloid:3123,8503123,47.31802974,8.79228779,backbone,
s-bahn-zuerich:SN5,19,Bubikon,ch:1:sloid:3122,8503122,47.27084215,8.82271373,backbone,
s-bahn-zuerich:SN5,20,Rüti ZH,ch:1:sloid:3121,8503121,47.2604851,8.8540829,backbone,
s-bahn-zuerich:SN5,21,Jona,ch:1:sloid:3120,8503120,47.23097561,8.83461641,backbone,
s-bahn-zuerich:SN5,22,Rapperswil SG,ch:1:sloid:3110,8503110,47.2248875,8.81674892,backbone,
s-bahn-zuerich:SN5,23,Hurden,ch:1:sloid:3299,8503299,47.21414314,8.80074992,backbone,
s-bahn-zuerich:SN5,24,Pfäffikon SZ,ch:1:sloid:3209,8503209,47.20299991,8.77813034,backbone,
s-bahn-zuerich:SN5,25,Schlieren,ch:1:sloid:3509,8503509,47.39917661,8.44724489,branch,8503001
s-bahn-zuerich:SN6,1,Würenlos,ch:1:sloid:3529,8503529,47.44575753,8.35766489,backbone,
s-bahn-zuerich:SN6,2,Otelfingen,ch:1:sloid:3528,8503528,47.45493635,8.38753388,backbone,
s-bahn-zuerich:SN6,3,Buchs-Dällikon,ch:1:sloid:3527,8503527,47.45340565,8.43560273,backbone,
s-bahn-zuerich:SN6,4,Regensdorf-Watt,ch:1:sloid:3526,8503526,47.43656495,8.47208331,backbone,
s-bahn-zuerich:SN6,5,Zürich Affoltern,ch:1:sloid:3008,8503008,47.42091018,8.50858186,backbone,
s-bahn-zuerich:SN6,6,Zürich Seebach,ch:1:sloid:3007,8503007,47.41875242,8.5446582,backbone,
s-bahn-zuerich:SN6,7,Zürich Oerlikon,ch:1:sloid:3006,8503006,47.41153089,8.54413718,backbone,
s-bahn-zuerich:SN6,8,Zürich Hardbrücke,ch:1:sloid:3020,8503020,47.38519551,8.51712484,backbone,
s-bahn-zuerich:SN6,9,Zürich HB,ch:1:sloid:3000,8503000,47.3781762,8.54021154,backbone,
s-bahn-zuerich:SN6,10,Zürich Stadelhofen,ch:1:sloid:3003,8503003,47.36661115,8.54848502,backbone,
s-bahn-zuerich:SN6,11,Stettbach,ch:1:sloid:3147,8503147,47.39721255,8.59614065,backbone,
s-bahn-zuerich:SN6,12,Dietlikon,ch:1:sloid:3306,8503306,47.42019904,8.61927227,backbone,
s-bahn-zuerich:SN6,13,Effretikon,ch:1:sloid:3305,8503305,47.42581495,8.68668185,backbone,
s-bahn-zuerich:SN6,14,Kemptthal,ch:1:sloid:3304,8503304,47.45284073,8.7055824,backbone,
s-bahn-zuerich:SN6,15,Winterthur,ch:1:sloid:6000,8506000,47.50033307,8.7238182,backbone,
s-bahn-zuerich:SN6,16,Zürich Tiefenbrunnen,ch:1:sloid:3004,8503004,47.35012612,8.56139382,branch,8503003
s-bahn-zuerich:SN7,1,Rapperswil SG,ch:1:sloid:3110,8503110,47.2248875,8.81674892,extension,8503107
s-bahn-zuerich:SN7,2,Kempraten,ch:1:sloid:3112,8503112,47.23839874,8.81431448,extension,8503107
s-bahn-zuerich:SN7,3,Feldbach,ch:1:sloid:3109,8503109,47.23920382,8.78350227,extension,8503107
s-bahn-zuerich:SN7,4,Uerikon,ch:1:sloid:3108,8503108,47.23586145,8.75262717,extension,8503107
s-bahn-zuerich:SN7,5,Stäfa,ch:1:sloid:3107,8503107,47.24052728,8.72165326,backbone,
s-bahn-zuerich:SN7,6,Männedorf,ch:1:sloid:3106,8503106,47.25342481,8.69235022,backbone,
s-bahn-zuerich:SN7,7,Uetikon,ch:1:sloid:3105,8503105,47.259028,8.67878566,backbone,
s-bahn-zuerich:SN7,8,Meilen,ch:1:sloid:3104,8503104,47.26981202,8.64430832,backbone,
s-bahn-zuerich:SN7,9,Herrliberg-Feldmeilen,ch:1:sloid:3103,8503103,47.28182486,8.61273253,backbone,
s-bahn-zuerich:SN7,10,Winkel am Zürichsee,ch:1:sloid:3111,8503111,47.29721024,8.59898831,backbone,
s-bahn-zuerich:SN7,11,Erlenbach ZH,ch:1:sloid:3102,8503102,47.30579364,8.59152331,backbone,
s-bahn-zuerich:SN7,12,Küsnacht ZH,ch:1:sloid:3101,8503101,47.31915637,8.58063573,backbone,
s-bahn-zuerich:SN7,13,Küsnacht Goldbach,ch:1:sloid:3141,8503141,47.32685941,8.57596449,backbone,
s-bahn-zuerich:SN7,14,Zollikon,ch:1:sloid:3100,8503100,47.33733739,8.56973916,backbone,
s-bahn-zuerich:SN7,15,Zürich Tiefenbrunnen,ch:1:sloid:3004,8503004,47.35012612,8.56139382,backbone,
s-bahn-zuerich:SN7,16,Zürich Stadelhofen,ch:1:sloid:3003,8503003,47.36661115,8.54848502,backbone,
s-bahn-zuerich:SN7,17,Zürich HB,ch:1:sloid:3000,8503000,47.3781762,8.54021154,backbone,
s-bahn-zuerich:SN7,18,Zürich Hardbrücke,ch:1:sloid:3020,8503020,47.38519551,8.51712484,backbone,
s-bahn-zuerich:SN7,19,Zürich Oerlikon,ch:1:sloid:3006,8503006,47.41153089,8.54413718,backbone,
s-bahn-zuerich:SN7,20,Opfikon,ch:1:sloid:3340,8503340,47.42995357,8.56179806,backbone,
s-bahn-zuerich:SN7,21,Kloten Balsberg,ch:1:sloid:3309,8503309,47.44228848,8.57071833,backbone,
s-bahn-zuerich:SN7,22,Kloten,ch:1:sloid:3308,8503308,47.44860672,8.58380678,backbone,
s-bahn-zuerich:SN7,23,Bassersdorf,ch:1:sloid:3307,8503307,47.43857008,8.62622523,backbone,
s-bahn-zuerich:SN8,1,Lachen SZ,ch:1:sloid:3220,8503220,47.19006569,8.85271746,backbone,
s-bahn-zuerich:SN8,2,Altendorf,ch:1:sloid:3211,8503211,47.19396643,8.82290238,backbone,
s-bahn-zuerich:SN8,3,Pfäffikon SZ,ch:1:sloid:3209,8503209,47.20299991,8.77813034,backbone,
s-bahn-zuerich:SN8,4,Freienbach SBB,ch:1:sloid:3210,8503210,47.20730858,8.75622043,backbone,
s-bahn-zuerich:SN8,5,Bäch SZ,ch:1:sloid:3208,8503208,47.20097972,8.7271779,backbone,
s-bahn-zuerich:SN8,6,Richterswil,ch:1:sloid:3207,8503207,47.20837654,8.70747785,backbone,
s-bahn-zuerich:SN8,7,Wädenswil,ch:1:sloid:3206,8503206,47.22930419,8.67521934,backbone,
s-bahn-zuerich:SN8,8,Au ZH,ch:1:sloid:3205,8503205,47.24682094,8.64372441,backbone,
s-bahn-zuerich:SN8,9,Horgen,ch:1:sloid:3204,8503204,47.26148492,8.5969132,backbone,
s-bahn-zuerich:SN8,10,Oberrieden,ch:1:sloid:3203,8503203,47.2796736,8.57846181,backbone,
s-bahn-zuerich:SN8,11,Thalwil,ch:1:sloid:3202,8503202,47.29597958,8.56477148,backbone,
s-bahn-zuerich:SN8,12,Rüschlikon,ch:1:sloid:3201,8503201,47.30713372,8.55515951,backbone,
s-bahn-zuerich:SN8,13,Kilchberg ZH,ch:1:sloid:3200,8503200,47.32442987,8.5480179,backbone,
s-bahn-zuerich:SN8,14,Zürich Wollishofen,ch:1:sloid:3009,8503009,47.34744202,8.53359994,backbone,
s-bahn-zuerich:SN8,15,Zürich Enge,ch:1:sloid:3010,8503010,47.36409826,8.53082415,backbone,
s-bahn-zuerich:SN8,16,Zürich Wiedikon,ch:1:sloid:3011,8503011,47.37147839,8.52348491,backbone,
s-bahn-zuerich:SN8,17,Zürich HB,ch:1:sloid:3000,8503000,47.3781762,8.54021154,backbone,
s-bahn-zuerich:SN8,18,Zürich Oerlikon,ch:1:sloid:3006,8503006,47.41153089,8.54413718,backbone,
s-bahn-zuerich:SN8,19,Wallisellen,ch:1:sloid:3129,8503129,47.41272239,8.59192755,backbone,
s-bahn-zuerich:SN8,20,Dietlikon,ch:1:sloid:3306,8503306,47.42019904,8.61927227,backbone,
s-bahn-zuerich:SN8,21,Effretikon,ch:1:sloid:3305,8503305,47.42581495,8.68668185,backbone,
s-bahn-zuerich:SN8,22,Illnau,ch:1:sloid:3303,8503303,47.40881952,8.72273124,backbone,
s-bahn-zuerich:SN8,23,Fehraltorf,ch:1:sloid:3302,8503302,47.38512253,8.75029155,backbone,
s-bahn-zuerich:SN8,24,Pfäffikon ZH,ch:1:sloid:3301,8503301,47.36708573,8.78479584,backbone,
s-bahn-zuerich:SN8,25,Hurden,ch:1:sloid:3299,8503299,47.21414314,8.80074992,branch,8503209
s-bahn-zuerich:SN8,26,Rapperswil SG,ch:1:sloid:3110,8503110,47.2248875,8.81674892,branch,8503209
s-bahn-zuerich:SN9,1,Uster,ch:1:sloid:3125,8503125,47.35036957,8.71870679,backbone,
s-bahn-zuerich:SN9,2,Nänikon-Greifensee,ch:1:sloid:3126,8503126,47.3693612,8.68641235,backbone,
s-bahn-zuerich:SN9,3,Schwerzenbach ZH,ch:1:sloid:3127,8503127,47.38438657,8.65867238,backbone,
s-bahn-zuerich:SN9,4,Dübendorf,ch:1:sloid:3128,8503128,47.40008261,8.62342249,backbone,
s-bahn-zuerich:SN9,5,Stettbach,ch:1:sloid:3147,8503147,47.39721255,8.59614065,backbone,
s-bahn-zuerich:SN9,6,Zürich Stadelhofen,ch:1:sloid:3003,8503003,47.36661115,8.54848502,backbone,
s-bahn-zuerich:SN9,7,Zürich HB,ch:1:sloid:3000,8503000,47.3781762,8.54021154,backbone,
s-bahn-zuerich:SN9,8,Zürich Hardbrücke,ch:1:sloid:3020,8503020,47.38519551,8.51712484,backbone,
s-bahn-zuerich:SN9,9,Zürich Oerlikon,ch:1:sloid:3006,8503006,47.41153089,8.54413718,backbone,
s-bahn-zuerich:SN9,10,Glattbrugg,ch:1:sloid:3310,8503310,47.43082865,8.55885158,backbone,
s-bahn-zuerich:SN9,11,Rümlang,ch:1:sloid:3311,8503311,47.45406774,8.53276451,backbone,
s-bahn-zuerich:SN9,12,Oberglatt ZH,ch:1:sloid:3312,8503312,47.47020452,8.51062104,backbone,
s-bahn-zuerich:SN9,13,Niederglatt ZH,ch:1:sloid:3313,8503313,47.48747151,8.50331773,backbone,
s-bahn-zuerich:SN9,14,Bülach,ch:1:sloid:3400,8503400,47.52394788,8.53620505,backbone,
s-bahn-zuerich:SN9,15,Zürich Altstetten,ch:1:sloid:3001,8503001,47.39148412,8.48896265,branch,8503020
s-bahn-zuerich:SN:8503000-8503315,1,Zürich HB,ch:1:sloid:3000,8503000,47.3781762,8.54021154,backbone,
s-bahn-zuerich:SN:8503000-8503315,2,Zürich Hardbrücke,ch:1:sloid:3020,8503020,47.38519551,8.51712484,backbone,
s-bahn-zuerich:SN:8503000-8503315,3,Zürich Oerlikon,ch:1:sloid:3006,8503006,47.41153089,8.54413718,backbone,
s-bahn-zuerich:SN:8503000-8503315,4,Glattbrugg,ch:1:sloid:3310,8503310,47.43082865,8.55885158,backbone,
s-bahn-zuerich:SN:8503000-8503315,5,Rümlang,ch:1:sloid:3311,8503311,47.45406774,8.53276451,backbone,
s-bahn-zuerich:SN:8503000-8503315,6,Oberglatt ZH,ch:1:sloid:3312,8503312,47.47020452,8.51062104,backbone,
s-bahn-zuerich:SN:8503000-8503315,7,Niederhasli,ch:1:sloid:3314,8503314,47.47832872,8.48871113,backbone,
s-bahn-zuerich:SN:8503000-8503315,8,Dielsdorf,ch:1:sloid:3315,8503315,47.48242071,8.45944401,backbone,
s-bahn-zuerich:SN:8503000-8503508,1,Zürich Stadelhofen,ch:1:sloid:3003,8503003,47.36661115,8.54848502,backbone,
s-bahn-zuerich:SN:8503000-8503508,2,Zürich HB,ch:1:sloid:3000,8503000,47.3781762,8.54021154,backbone,
s-bahn-zuerich:SN:8503000-8503508,3,Zürich Hardbrücke,ch:1:sloid:3020,8503020,47.38519551,8.51712484,backbone,
s-bahn-zuerich:SN:8503000-8503508,4,Zürich Altstetten,ch:1:sloid:3001,8503001,47.39148412,8.48896265,backbone,
s-bahn-zuerich:SN:8503000-8503508,5,Schlieren,ch:1:sloid:3509,8503509,47.39917661,8.44724489,backbone,
s-bahn-zuerich:SN:8503000-8503508,6,Glanzenberg,ch:1:sloid:3512,8503512,47.39887866,8.42043916,backbone,
s-bahn-zuerich:SN:8503000-8503508,7,Dietikon,ch:1:sloid:3508,8503508,47.40578578,8.40498814,backbone,
s-bahn-zuerich:SN:8503006-8506000,1,Zürich Oerlikon,ch:1:sloid:3006,8503006,47.41153089,8.54413718,extension,8503020
s-bahn-zuerich:SN:8503006-8506000,2,Zürich Hardbrücke,ch:1:sloid:3020,8503020,47.38519551,8.51712484,backbone,
s-bahn-zuerich:SN:8503006-8506000,3,Zürich HB,ch:1:sloid:3000,8503000,47.3781762,8.54021154,backbone,
s-bahn-zuerich:SN:8503006-8506000,4,Zürich Stadelhofen,ch:1:sloid:3003,8503003,47.36661115,8.54848502,backbone,
s-bahn-zuerich:SN:8503006-8506000,5,Stettbach,ch:1:sloid:3147,8503147,47.39721255,8.59614065,backbone,
s-bahn-zuerich:SN:8503006-8506000,6,Dietlikon,ch:1:sloid:3306,8503306,47.42019904,8.61927227,backbone,
s-bahn-zuerich:SN:8503006-8506000,7,Effretikon,ch:1:sloid:3305,8503305,47.42581495,8.68668185,backbone,
s-bahn-zuerich:SN:8503006-8506000,8,Illnau,ch:1:sloid:3303,8503303,47.40881952,8.72273124,backbone,
s-bahn-zuerich:SN:8503006-8506000,9,Fehraltorf,ch:1:sloid:3302,8503302,47.38512253,8.75029155,backbone,
s-bahn-zuerich:SN:8503006-8506000,10,Pfäffikon ZH,ch:1:sloid:3301,8503301,47.36708573,8.78479584,backbone,
s-bahn-zuerich:SN:8503006-8506000,11,Winterthur,ch:1:sloid:6000,8506000,47.50033307,8.7238182,branch,8503305
saastal-bergbahnen-ag:FUN-2302,1,Felskinn,ch:1:sloid:1337,8501337,46.06888519,7.91611598,backbone,
saastal-bergbahnen-ag:FUN-2302,2,Mittelallalin,ch:1:sloid:1732,8501732,46.0576033,7.90511162,backbone,
schilthornbahn-sbm:FUN-2463,1,Mürren (Allmendhubelbahn),ch:1:sloid:7358,8507358,46.56053562,7.89293046,backbone,
schilthornbahn-sbm:FUN-2463,2,Allmendhubel (Standseilbahn),ch:1:sloid:7359,8507359,46.56384006,7.88907669,backbone,
sierre-montana-crans:FUN-2225,1,Sierre/Siders (funi),ch:1:sloid:1590,8501590,46.29278496,7.52991227,backbone,
sierre-montana-crans:FUN-2225,2,Venthône,ch:1:sloid:1592,8501592,46.30146183,7.51824316,backbone,
sierre-montana-crans:FUN-2225,3,Bluche,ch:1:sloid:1595,8501595,46.31111152,7.49916294,backbone,
sierre-montana-crans:FUN-2225,4,Crans-Montana gare,ch:1:sloid:1596,8501596,46.31290475,7.48921859,backbone,
societa-della-funicolare-locarno-madonna-del-sasso-sa:FUN-2620,1,Orselina Funicolare,ch:1:sloid:5366,8505366,46.17589835,8.79266509,backbone,
societa-della-funicolare-locarno-madonna-del-sasso-sa:FUN-2620,2,Orselina Madonna del Sasso,ch:1:sloid:30828,8530828,46.17574906,8.79396764,backbone,
societa-della-funicolare-locarno-madonna-del-sasso-sa:FUN-2620,3,Locarno-Muralto Belvedere,ch:1:sloid:30827,8530827,46.17332307,8.79638411,backbone,
societa-della-funicolare-locarno-madonna-del-sasso-sa:FUN-2620,4,Locarno Funicolare,ch:1:sloid:30670,8530670,46.17128266,8.79954618,backbone,
societa-funicolare-cassarate-monte-bre:FUN-2653,1,Cassarate,ch:1:sloid:5371,8505371,46.00642568,8.97019015,extension,8505375
societa-funicolare-cassarate-monte-bre:FUN-2653,2,Suvigliana,ch:1:sloid:5375,8505375,46.0071245,8.97276832,backbone,
societa-funicolare-cassarate-monte-bre:FUN-2653,3,Albonago,ch:1:sloid:5376,8505376,46.00853459,8.9751219,backbone,
societa-funicolare-cassarate-monte-bre:FUN-2653,4,Aldesago Villaggio,ch:1:sloid:10708,8510708,46.00998832,8.97826601,backbone,
societa-funicolare-cassarate-monte-bre:FUN-2653,5,Aldesago,ch:1:sloid:5377,8505377,46.01069333,8.97989196,backbone,
societa-funicolare-cassarate-monte-bre:FUN-2653,6,Brè Villaggio,ch:1:sloid:5378,8505378,46.01086803,8.98475184,backbone,
societa-funicolare-cassarate-monte-bre:FUN-2653,7,Monte Brè,ch:1:sloid:5379,8505379,46.00918347,8.98624305,backbone,
societe-cooperative-du-chemin-de-fer-musee-blonay-chamby:R:8501281-8501306,1,Vevey,ch:1:sloid:1200,8501200,46.4630044,6.84344668,extension,8501281
societe-cooperative-du-chemin-de-fer-musee-blonay-chamby:R:8501281-8501306,2,Blonay,ch:1:sloid:1281,8501281,46.46568983,6.89594423,backbone,
societe-cooperative-du-chemin-de-fer-musee-blonay-chamby:R:8501281-8501306,3,Chamby,ch:1:sloid:1376,8501376,46.44932145,6.91351527,backbone,
societe-cooperative-du-chemin-de-fer-musee-blonay-chamby:R:8501281-8501306,4,Chamby-Musée,ch:1:sloid:1306,8501306,46.45382093,6.91240136,backbone,
solothurn:RE55,1,Olten,ch:1:sloid:218,8500218,47.3519337,7.90769877,backbone,
solothurn:RE55,2,Oensingen,ch:1:sloid:212,8500212,47.28503636,7.70987177,backbone,
solothurn:RE55,3,Solothurn,ch:1:sloid:207,8500207,47.20419001,7.54268632,backbone,
solothurn:RE55,4,Grenchen Süd,ch:1:sloid:202,8500202,47.18877759,7.39818332,backbone,
solothurn:RE55,5,Biel/Bienne,ch:1:sloid:4300,8504300,47.13289524,7.24290952,backbone,
solothurn:RE:8500212-8500218,1,Olten,ch:1:sloid:218,8500218,47.3519337,7.90769877,backbone,
solothurn:RE:8500212-8500218,2,Oensingen,ch:1:sloid:212,8500212,47.28503636,7.70987177,backbone,
solothurn:RE:8500212-8500218,3,Solothurn,ch:1:sloid:207,8500207,47.20419001,7.54268632,backbone,
solothurn:RE:8500212-8500218,4,Grenchen Süd,ch:1:sloid:202,8500202,47.18877759,7.39818332,backbone,
solothurn:RE:8500212-8500218,5,Biel/Bienne,ch:1:sloid:4300,8504300,47.13289524,7.24290952,backbone,
solothurn:S11,1,Solothurn,ch:1:sloid:207,8500207,47.20419001,7.54268632,backbone,
solothurn:S11,2,Solothurn Baseltor,ch:1:sloid:280,8500280,47.20998759,7.5418958,backbone,
solothurn:S11,3,Solothurn Sternen,ch:1:sloid:272,8500272,47.21230034,7.5453633,backbone,
solothurn:S11,4,St. Katharinen,ch:1:sloid:273,8500273,47.21610792,7.54979199,backbone,
solothurn:S11,5,Feldbrunnen,ch:1:sloid:274,8500274,47.22065957,7.55585562,backbone,
solothurn:S11,6,Bei den Weihern,ch:1:sloid:275,8500275,47.22838916,7.56659049,backbone,
solothurn:S11,7,Riedholz,ch:1:sloid:283,8500283,47.23103051,7.57268106,backbone,
solothurn:S11,8,Flumenthal,ch:1:sloid:285,8500285,47.23916112,7.59668405,backbone,
solothurn:S11,9,Attiswil,ch:1:sloid:286,8500286,47.24640016,7.6138778,backbone,
solothurn:S11,10,Wiedlisbach,ch:1:sloid:287,8500287,47.25288214,7.64610037,backbone,
solothurn:S11,11,Oberbipp,ch:1:sloid:288,8500288,47.25973521,7.66101241,backbone,
solothurn:S11,12,Buchli,ch:1:sloid:289,8500289,47.26363083,7.67838582,backbone,
solothurn:S11,13,Niederbipp,ch:1:sloid:211,8500211,47.27040328,7.69481601,backbone,
solothurn:S11,14,Niederbipp Industrie,ch:1:sloid:18690,8518690,47.27863755,7.70317034,backbone,
solothurn:S11,15,Oensingen,ch:1:sloid:212,8500212,47.28503636,7.70987177,backbone,
solothurn:S11,16,Niederbipp Dorf,ch:1:sloid:8159,8508159,47.26581932,7.6951394,branch,8500211
solothurn:S11,17,Scharnageln,ch:1:sloid:8158,8508158,47.26310046,7.70078981,branch,8500211
solothurn:S11,18,Holzhäusern,ch:1:sloid:8157,8508157,47.25816226,7.71040178,branch,8500211
solothurn:S11,19,Bannwil,ch:1:sloid:8155,8508155,47.24438162,7.7403606,branch,8500211
solothurn:S11,20,Aarwangen Schloss,ch:1:sloid:8154,8508154,47.24518051,7.76361798,branch,8500211
solothurn:S11,21,Aarwangen,ch:1:sloid:8153,8508153,47.24087492,7.76961872,branch,8500211
solothurn:S11,22,Aarwangen Vorstadt,ch:1:sloid:8193,8508193,47.23748996,7.77130756,branch,8500211
solothurn:S11,23,Hard-Mumenthal,ch:1:sloid:8152,8508152,47.23381201,7.77488285,branch,8500211
solothurn:S11,24,Langenthal Gaswerk,ch:1:sloid:8151,8508151,47.22480209,7.78217717,branch,8500211
solothurn:S11,25,Langenthal,ch:1:sloid:8100,8508100,47.21730383,7.7847194,branch,8500211
solothurn:S12,1,Langenthal,ch:1:sloid:8100,8508100,47.21730383,7.7847194,backbone,
solothurn:S12,2,Langenthal Gaswerk,ch:1:sloid:8151,8508151,47.22480209,7.78217717,backbone,
solothurn:S12,3,Langenthal Industrie Nord,ch:1:sloid:94258,8594258,47.22855997,7.78647112,backbone,
solothurn:S12,4,Kaltenherberg,ch:1:sloid:8161,8508161,47.2371789,7.79958652,backbone,
solothurn:S12,5,Roggwil Schmitten,ch:1:sloid:8173,8508173,47.23761805,7.81591789,backbone,
solothurn:S12,6,Roggwil Dorf,ch:1:sloid:8162,8508162,47.23933799,7.82234085,backbone,
solothurn:S12,7,Roggwil Buchägerten,ch:1:sloid:8168,8508168,47.23566017,7.83194384,backbone,
solothurn:S12,8,St. Urban,ch:1:sloid:8163,8508163,47.2317503,7.83581558,backbone,
solothurn:S12,9,St. Urban Ziegelei,ch:1:sloid:8164,8508164,47.2271996,7.83614795,backbone,
solothurn:S19,1,Solothurn,ch:1:sloid:207,8500207,47.20419001,7.54268632,backbone,
solothurn:S19,2,Solothurn West,ch:1:sloid:206,8500206,47.20671661,7.53195145,backbone,
solothurn:S19,3,Solothurn Allmend,ch:1:sloid:18963,8518963,47.20888305,7.52142319,backbone,
solothurn:S19,4,Bellach,ch:1:sloid:205,8500205,47.20887694,7.5078227,backbone,
solothurn:S19,5,Selzach,ch:1:sloid:204,8500204,47.20062572,7.4566367,backbone,
solothurn:S19,6,Bettlach,ch:1:sloid:203,8500203,47.1949492,7.4283757,backbone,
solothurn:S19,7,Grenchen Süd,ch:1:sloid:202,8500202,47.18877759,7.39818332,backbone,
solothurn:S19,8,Lengnau BE,ch:1:sloid:201,8500201,47.1794303,7.36655364,backbone,
solothurn:S19,9,Pieterlen,ch:1:sloid:200,8500200,47.17144319,7.34019707,backbone,
solothurn:S19,10,Biel/Bienne Bözingenfeld/Champ,ch:1:sloid:18771,8518771,47.15837912,7.29465248,backbone,
solothurn:S19,11,Biel Mett,ch:1:sloid:4419,8504419,47.14472529,7.27249105,backbone,
solothurn:S19,12,Biel/Bienne,ch:1:sloid:4300,8504300,47.13289524,7.24290952,backbone,
solothurn:S20,1,Olten,ch:1:sloid:218,8500218,47.3519337,7.90769877,backbone,
solothurn:S20,2,Olten Hammer,ch:1:sloid:217,8500217,47.34855585,7.89772747,backbone,
solothurn:S20,3,Wangen bei Olten,ch:1:sloid:216,8500216,47.34140382,7.86836154,backbone,
solothurn:S20,4,Hägendorf,ch:1:sloid:215,8500215,47.33026909,7.84381957,backbone,
solothurn:S20,5,Egerkingen,ch:1:sloid:214,8500214,47.31486288,7.79896668,backbone,
solothurn:S20,6,Oberbuchsiten,ch:1:sloid:213,8500213,47.30524542,7.77172078,backbone,
solothurn:S20,7,Oensingen,ch:1:sloid:212,8500212,47.28503636,7.70987177,backbone,
solothurn:S20,8,Niederbipp,ch:1:sloid:211,8500211,47.27040328,7.69481601,backbone,
solothurn:S20,9,Wangen an der Aare,ch:1:sloid:210,8500210,47.23195769,7.65623337,backbone,
solothurn:S20,10,Deitingen,ch:1:sloid:209,8500209,47.21822516,7.61891735,backbone,
solothurn:S20,11,Luterbach-Attisholz,ch:1:sloid:208,8500208,47.21715129,7.58352373,backbone,
solothurn:S20,12,Solothurn,ch:1:sloid:207,8500207,47.20419001,7.54268632,backbone,
solothurn:S20,13,Solothurn West,ch:1:sloid:206,8500206,47.20671661,7.53195145,backbone,
solothurn:S20,14,Solothurn Allmend,ch:1:sloid:18963,8518963,47.20888305,7.52142319,backbone,
solothurn:S20,15,Bellach,ch:1:sloid:205,8500205,47.20887694,7.5078227,backbone,
solothurn:S20,16,Selzach,ch:1:sloid:204,8500204,47.20062572,7.4566367,backbone,
solothurn:S20,17,Bettlach,ch:1:sloid:203,8500203,47.1949492,7.4283757,backbone,
solothurn:S20,18,Grenchen Süd,ch:1:sloid:202,8500202,47.18877759,7.39818332,backbone,
solothurn:S20,19,Lengnau BE,ch:1:sloid:201,8500201,47.1794303,7.36655364,backbone,
solothurn:S20,20,Pieterlen,ch:1:sloid:200,8500200,47.17144319,7.34019707,backbone,
solothurn:S20,21,Biel/Bienne Bözingenfeld/Champ,ch:1:sloid:18771,8518771,47.15837912,7.29465248,backbone,
solothurn:S20,22,Biel Mett,ch:1:sloid:4419,8504419,47.14472529,7.27249105,backbone,
solothurn:S20,23,Biel/Bienne,ch:1:sloid:4300,8504300,47.13289524,7.24290952,backbone,
solothurn:S20,24,Langendorf,ch:1:sloid:261,8500261,47.21785907,7.5135809,branch,8500206
solothurn:S20,25,Lommiswil,ch:1:sloid:262,8500262,47.21856683,7.46951854,branch,8500206
solothurn:S20,26,Oberdorf SO,ch:1:sloid:264,8500264,47.23588585,7.4936922,branch,8500261
solothurn:S21,1,Moutier,ch:1:sloid:105,8500105,47.28067307,7.38104346,backbone,
solothurn:S21,2,Grandval,ch:1:sloid:268,8500268,47.28358603,7.42188088,backbone,
solothurn:S21,3,Crémines,ch:1:sloid:267,8500267,47.28560917,7.43548137,backbone,
solothurn:S21,4,Corcelles BE,ch:1:sloid:266,8500266,47.28566401,7.45046527,backbone,
solothurn:S21,5,Crémines-Zoo,ch:1:sloid:260,8500260,47.27242082,7.45678043,backbone,
solothurn:S21,6,Gänsbrunnen,ch:1:sloid:265,8500265,47.26565473,7.46491916,backbone,
solothurn:S21,7,Oberdorf SO,ch:1:sloid:264,8500264,47.23588585,7.4936922,backbone,
solothurn:S21,8,Im Holz,ch:1:sloid:263,8500263,47.23092071,7.47479165,backbone,
solothurn:S21,9,Lommiswil,ch:1:sloid:262,8500262,47.21856683,7.46951854,backbone,
solothurn:S21,10,Langendorf,ch:1:sloid:261,8500261,47.21785907,7.5135809,backbone,
solothurn:S21,11,Solothurn West,ch:1:sloid:206,8500206,47.20671661,7.53195145,backbone,
solothurn:S21,12,Solothurn,ch:1:sloid:207,8500207,47.20419001,7.54268632,backbone,
solothurn:S22,1,Oensingen,ch:1:sloid:212,8500212,47.28503636,7.70987177,backbone,
solothurn:S22,2,Klus,ch:1:sloid:292,8500292,47.3042647,7.69379193,backbone,
solothurn:S22,3,Thalbrücke,ch:1:sloid:293,8500293,47.30842504,7.68827627,backbone,
solothurn:S22,4,Balsthal,ch:1:sloid:294,8500294,47.31319411,7.69467228,backbone,
solothurn:S:8500207-8500264,1,Solothurn,ch:1:sloid:207,8500207,47.20419001,7.54268632,backbone,
solothurn:S:8500207-8500264,2,Solothurn West,ch:1:sloid:206,8500206,47.20671661,7.53195145,backbone,
solothurn:S:8500207-8500264,3,Langendorf,ch:1:sloid:261,8500261,47.21785907,7.5135809,backbone,
solothurn:S:8500207-8500264,4,Lommiswil,ch:1:sloid:262,8500262,47.21856683,7.46951854,backbone,
solothurn:S:8500207-8500264,5,Im Holz,ch:1:sloid:263,8500263,47.23092071,7.47479165,backbone,
solothurn:S:8500207-8500264,6,Oberdorf SO,ch:1:sloid:264,8500264,47.23588585,7.4936922,backbone,
solothurn:S:8500207-8508087,1,Solothurn,ch:1:sloid:207,8500207,47.20419001,7.54268632,backbone,
solothurn:S:8500207-8508087,2,Biberist Ost,ch:1:sloid:8089,8508089,47.18060261,7.56619523,backbone,
solothurn:S:8500207-8508087,3,Gerlafingen,ch:1:sloid:8088,8508088,47.1705638,7.56528793,backbone,
solothurn:S:8500207-8508087,4,Wiler,ch:1:sloid:8087,8508087,47.15229489,7.55593647,backbone,
solothurn:S:8500218-8504300,1,Olten,ch:1:sloid:218,8500218,47.3519337,7.90769877,backbone,
solothurn:S:8500218-8504300,2,Olten Hammer,ch:1:sloid:217,8500217,47.34855585,7.89772747,backbone,
solothurn:S:8500218-8504300,3,Wangen bei Olten,ch:1:sloid:216,8500216,47.34140382,7.86836154,backbone,
solothurn:S:8500218-8504300,4,Hägendorf,ch:1:sloid:215,8500215,47.33026909,7.84381957,backbone,
solothurn:S:8500218-8504300,5,Egerkingen,ch:1:sloid:214,8500214,47.31486288,7.79896668,backbone,
solothurn:S:8500218-8504300,6,Oberbuchsiten,ch:1:sloid:213,8500213,47.30524542,7.77172078,backbone,
solothurn:S:8500218-8504300,7,Oensingen,ch:1:sloid:212,8500212,47.28503636,7.70987177,backbone,
solothurn:S:8500218-8504300,8,Niederbipp,ch:1:sloid:211,8500211,47.27040328,7.69481601,backbone,
solothurn:S:8500218-8504300,9,Wangen an der Aare,ch:1:sloid:210,8500210,47.23195769,7.65623337,backbone,
solothurn:S:8500218-8504300,10,Deitingen,ch:1:sloid:209,8500209,47.21822516,7.61891735,backbone,
solothurn:S:8500218-8504300,11,Luterbach-Attisholz,ch:1:sloid:208,8500208,47.21715129,7.58352373,backbone,
solothurn:S:8500218-8504300,12,Solothurn,ch:1:sloid:207,8500207,47.20419001,7.54268632,backbone,
solothurn:S:8500218-8504300,13,Solothurn West,ch:1:sloid:206,8500206,47.20671661,7.53195145,backbone,
solothurn:S:8500218-8504300,14,Solothurn Allmend,ch:1:sloid:18963,8518963,47.20888305,7.52142319,backbone,
solothurn:S:8500218-8504300,15,Bellach,ch:1:sloid:205,8500205,47.20887694,7.5078227,backbone,
solothurn:S:8500218-8504300,16,Selzach,ch:1:sloid:204,8500204,47.20062572,7.4566367,backbone,
solothurn:S:8500218-8504300,17,Bettlach,ch:1:sloid:203,8500203,47.1949492,7.4283757,backbone,
solothurn:S:8500218-8504300,18,Grenchen Süd,ch:1:sloid:202,8500202,47.18877759,7.39818332,backbone,
solothurn:S:8500218-8504300,19,Lengnau BE,ch:1:sloid:201,8500201,47.1794303,7.36655364,backbone,
solothurn:S:8500218-8504300,20,Pieterlen,ch:1:sloid:200,8500200,47.17144319,7.34019707,backbone,
solothurn:S:8500218-8504300,21,Biel/Bienne Bözingenfeld/Champ,ch:1:sloid:18771,8518771,47.15837912,7.29465248,backbone,
solothurn:S:8500218-8504300,22,Biel Mett,ch:1:sloid:4419,8504419,47.14472529,7.27249105,backbone,
solothurn:S:8500218-8504300,23,Biel/Bienne,ch:1:sloid:4300,8504300,47.13289524,7.24290952,backbone,
sportbahnen-davos:FUN:8509088-8509089,1,Davos Platz Schatzalpbahn,ch:1:sloid:9088,8509088,46.79727044,9.82127202,backbone,
sportbahnen-davos:FUN:8509088-8509089,2,Schatzalp,ch:1:sloid:9089,8509089,46.80116921,9.81554077,backbone,
standseilbahn-schwyz-stoos-ag:FUN-2577,1,Schwyz Stoosbahn (Talstation),ch:1:sloid:5090,8505090,46.99134824,8.6734317,backbone,
standseilbahn-schwyz-stoos-ag:FUN-2577,2,Stoos SZ,ch:1:sloid:5091,8505091,46.97800091,8.6676735,backbone,
stanserhornbahn:FUN:8508360-8508361,1,Stans (Talstation Stanserhorn),ch:1:sloid:8360,8508360,46.95836606,8.36336919,backbone,
stanserhornbahn:FUN:8508360-8508361,2,Kälti,ch:1:sloid:8361,8508361,46.94760461,8.35107126,backbone,
tilo:RE80,1,Chiasso,ch:1:sloid:5307,8505307,45.83216991,9.03144627,backbone,
tilo:RE80,2,Balerna,ch:1:sloid:5306,8505306,45.8467455,9.0050358,backbone,
tilo:RE80,3,Mendrisio,ch:1:sloid:5305,8505305,45.86911151,8.97860737,backbone,
tilo:RE80,4,Mendrisio S. Martino,ch:1:sloid:18475,8518475,45.87721736,8.98308996,backbone,
tilo:RE80,5,Capolago-Riva S. Vitale,ch:1:sloid:5304,8505304,45.90283432,8.97890381,backbone,
tilo:RE80,6,Maroggia-Melano,ch:1:sloid:5303,8505303,45.93243197,8.97393613,backbone,
tilo:RE80,7,Melide,ch:1:sloid:5302,8505302,45.95571278,8.94836109,backbone,
tilo:RE80,8,Paradiso,ch:1:sloid:5301,8505301,45.98937051,8.94688785,backbone,
tilo:RE80,9,Lugano,ch:1:sloid:5300,8505300,46.00550223,8.94699565,backbone,
tilo:RE80,10,S. Antonino,ch:1:sloid:5415,8505415,46.15905105,8.9695254,backbone,
tilo:RE80,11,Cadenazzo,ch:1:sloid:5404,8505404,46.15262308,8.94169559,backbone,
tilo:RE80,12,Riazzino,ch:1:sloid:5412,8505412,46.17533852,8.8863953,backbone,
tilo:RE80,13,Gordola,ch:1:sloid:5402,8505402,46.17903954,8.86576998,backbone,
tilo:RE80,14,Tenero,ch:1:sloid:5401,8505401,46.17746586,8.85022913,backbone,
tilo:RE80,15,Minusio,ch:1:sloid:5417,8505417,46.17400733,8.81956963,backbone,
tilo:RE80,16,Locarno,ch:1:sloid:5400,8505400,46.17242106,8.80136078,backbone,
tilo:RE80,17,Lamone-Cadempino,ch:1:sloid:5219,8505219,46.03972209,8.93212853,branch,8505300
tilo:RE80,18,Taverne-Torricella,ch:1:sloid:5218,8505218,46.05668694,8.9303319,branch,8505300
tilo:RE80,19,Mezzovico,ch:1:sloid:5217,8505217,46.09427657,8.92858917,branch,8505300
tilo:RE80,20,Rivera-Bironico,ch:1:sloid:5216,8505216,46.12397744,8.92528337,branch,8505300
tilo:RE80,21,Giubiasco,ch:1:sloid:5214,8505214,46.17381449,9.0035985,branch,8505300
tilo:RE80,22,Bellinzona,ch:1:sloid:5213,8505213,46.19543302,9.02951489,branch,8505300
tilo:RE80,23,Stabio,ch:1:sloid:17519,8517519,45.84971147,8.94394138,branch,8505305
tilo:RE84,1,Locarno,ch:1:sloid:5400,8505400,46.17242106,8.80136078,backbone,
tilo:RE84,2,Minusio,ch:1:sloid:5417,8505417,46.17400733,8.81956963,backbone,
tilo:RE84,3,Tenero,ch:1:sloid:5401,8505401,46.17746586,8.85022913,backbone,
tilo:RE84,4,Gordola,ch:1:sloid:5402,8505402,46.17903954,8.86576998,backbone,
tilo:RE84,5,Riazzino,ch:1:sloid:5412,8505412,46.17533852,8.8863953,backbone,
tilo:RE84,6,Cadenazzo,ch:1:sloid:5404,8505404,46.15262308,8.94169559,backbone,
tilo:RE84,7,S. Antonino,ch:1:sloid:5415,8505415,46.15905105,8.9695254,backbone,
tilo:RE84,8,Lugano,ch:1:sloid:5300,8505300,46.00550223,8.94699565,backbone,
tilo:RE84,9,Paradiso,ch:1:sloid:5301,8505301,45.98937051,8.94688785,backbone,
tilo:RE84,10,Mendrisio,ch:1:sloid:5305,8505305,45.86911151,8.97860737,backbone,
tilo:RE84,11,Stabio,ch:1:sloid:17519,8517519,45.84971147,8.94394138,backbone,
tilo:RE:8505213-8505300,1,Bellinzona,ch:1:sloid:5213,8505213,46.19543302,9.02951489,extension,8505214
tilo:RE:8505213-8505300,2,Giubiasco,ch:1:sloid:5214,8505214,46.17381449,9.0035985,backbone,
tilo:RE:8505213-8505300,3,Rivera-Bironico,ch:1:sloid:5216,8505216,46.12397744,8.92528337,backbone,
tilo:RE:8505213-8505300,4,Mezzovico,ch:1:sloid:5217,8505217,46.09427657,8.92858917,backbone,
tilo:RE:8505213-8505300,5,Taverne-Torricella,ch:1:sloid:5218,8505218,46.05668694,8.9303319,backbone,
tilo:RE:8505213-8505300,6,Lamone-Cadempino,ch:1:sloid:5219,8505219,46.03972209,8.93212853,backbone,
tilo:RE:8505213-8505300,7,Lugano,ch:1:sloid:5300,8505300,46.00550223,8.94699565,backbone,
tilo:RE:8505213-8505300,8,Paradiso,ch:1:sloid:5301,8505301,45.98937051,8.94688785,backbone,
tilo:RE:8505213-8505300,9,Mendrisio,ch:1:sloid:5305,8505305,45.86911151,8.97860737,backbone,
tilo:RE:8505213-8505404,1,Bellinzona,ch:1:sloid:5213,8505213,46.19543302,9.02951489,backbone,
tilo:RE:8505213-8505404,2,Cadenazzo,ch:1:sloid:5404,8505404,46.15262308,8.94169559,backbone,
tilo:RE:8505307-8505400,1,Chiasso,ch:1:sloid:5307,8505307,45.83216991,9.03144627,backbone,
tilo:RE:8505307-8505400,2,Balerna,ch:1:sloid:5306,8505306,45.8467455,9.0050358,backbone,
tilo:RE:8505307-8505400,3,Mendrisio,ch:1:sloid:5305,8505305,45.86911151,8.97860737,backbone,
tilo:RE:8505307-8505400,4,Mendrisio S. Martino,ch:1:sloid:18475,8518475,45.87721736,8.98308996,backbone,
tilo:RE:8505307-8505400,5,Capolago-Riva S. Vitale,ch:1:sloid:5304,8505304,45.90283432,8.97890381,backbone,
tilo:RE:8505307-8505400,6,Maroggia-Melano,ch:1:sloid:5303,8505303,45.93243197,8.97393613,backbone,
tilo:RE:8505307-8505400,7,Melide,ch:1:sloid:5302,8505302,45.95571278,8.94836109,backbone,
tilo:RE:8505307-8505400,8,Paradiso,ch:1:sloid:5301,8505301,45.98937051,8.94688785,backbone,
tilo:RE:8505307-8505400,9,Lugano,ch:1:sloid:5300,8505300,46.00550223,8.94699565,backbone,
tilo:RE:8505307-8505400,10,S. Antonino,ch:1:sloid:5415,8505415,46.15905105,8.9695254,backbone,
tilo:RE:8505307-8505400,11,Cadenazzo,ch:1:sloid:5404,8505404,46.15262308,8.94169559,backbone,
tilo:RE:8505307-8505400,12,Riazzino,ch:1:sloid:5412,8505412,46.17533852,8.8863953,backbone,
tilo:RE:8505307-8505400,13,Gordola,ch:1:sloid:5402,8505402,46.17903954,8.86576998,backbone,
tilo:RE:8505307-8505400,14,Tenero,ch:1:sloid:5401,8505401,46.17746586,8.85022913,backbone,
tilo:RE:8505307-8505400,15,Minusio,ch:1:sloid:5417,8505417,46.17400733,8.81956963,backbone,
tilo:RE:8505307-8505400,16,Locarno,ch:1:sloid:5400,8505400,46.17242106,8.80136078,backbone,
tilo:RE:8505400-8517519,1,Locarno,ch:1:sloid:5400,8505400,46.17242106,8.80136078,backbone,
tilo:RE:8505400-8517519,2,Minusio,ch:1:sloid:5417,8505417,46.17400733,8.81956963,backbone,
tilo:RE:8505400-8517519,3,Tenero,ch:1:sloid:5401,8505401,46.17746586,8.85022913,backbone,
tilo:RE:8505400-8517519,4,Gordola,ch:1:sloid:5402,8505402,46.17903954,8.86576998,backbone,
tilo:RE:8505400-8517519,5,Riazzino,ch:1:sloid:5412,8505412,46.17533852,8.8863953,backbone,
tilo:RE:8505400-8517519,6,Cadenazzo,ch:1:sloid:5404,8505404,46.15262308,8.94169559,backbone,
tilo:RE:8505400-8517519,7,S. Antonino,ch:1:sloid:5415,8505415,46.15905105,8.9695254,backbone,
tilo:RE:8505400-8517519,8,Lugano,ch:1:sloid:5300,8505300,46.00550223,8.94699565,backbone,
tilo:RE:8505400-8517519,9,Paradiso,ch:1:sloid:5301,8505301,45.98937051,8.94688785,backbone,
tilo:RE:8505400-8517519,10,Mendrisio,ch:1:sloid:5305,8505305,45.86911151,8.97860737,backbone,
tilo:RE:8505400-8517519,11,Stabio,ch:1:sloid:17519,8517519,45.84971147,8.94394138,backbone,
tilo:S10,1,Airolo,ch:1:sloid:5201,8505201,46.52752344,8.60861825,backbone,
tilo:S10,2,Ambrì-Piotta,ch:1:sloid:5202,8505202,46.51076562,8.68992477,backbone,
tilo:S10,3,Faido,ch:1:sloid:5204,8505204,46.48307392,8.79070676,backbone,
tilo:S10,4,Lavorgo,ch:1:sloid:5205,8505205,46.44090328,8.83974579,detour,8505204
tilo:S10,5,Bodio TI,ch:1:sloid:5207,8505207,46.38025402,8.90657146,backbone,
tilo:S10,6,Biasca,ch:1:sloid:5209,8505209,46.35198128,8.97417867,backbone,
tilo:S10,7,Castione-Arbedo,ch:1:sloid:5212,8505212,46.22292277,9.04146249,backbone,
tilo:S10,8,Bellinzona,ch:1:sloid:5213,8505213,46.19543302,9.02951489,backbone,
tilo:S10,9,Giubiasco,ch:1:sloid:5214,8505214,46.17381449,9.0035985,backbone,
tilo:S10,10,Rivera-Bironico,ch:1:sloid:5216,8505216,46.12397744,8.92528337,backbone,
tilo:S10,11,Mezzovico,ch:1:sloid:5217,8505217,46.09427657,8.92858917,backbone,
tilo:S10,12,Taverne-Torricella,ch:1:sloid:5218,8505218,46.05668694,8.9303319,backbone,
tilo:S10,13,Lamone-Cadempino,ch:1:sloid:5219,8505219,46.03972209,8.93212853,backbone,
tilo:S10,14,Lugano,ch:1:sloid:5300,8505300,46.00550223,8.94699565,backbone,
tilo:S10,15,Paradiso,ch:1:sloid:5301,8505301,45.98937051,8.94688785,backbone,
tilo:S10,16,Melide,ch:1:sloid:5302,8505302,45.95571278,8.94836109,backbone,
tilo:S10,17,Maroggia-Melano,ch:1:sloid:5303,8505303,45.93243197,8.97393613,backbone,
tilo:S10,18,Capolago-Riva S. Vitale,ch:1:sloid:5304,8505304,45.90283432,8.97890381,backbone,
tilo:S10,19,Mendrisio S. Martino,ch:1:sloid:18475,8518475,45.87721736,8.98308996,backbone,
tilo:S10,20,Mendrisio,ch:1:sloid:5305,8505305,45.86911151,8.97860737,backbone,
tilo:S10,21,Balerna,ch:1:sloid:5306,8505306,45.8467455,9.0050358,backbone,
tilo:S10,22,Chiasso,ch:1:sloid:5307,8505307,45.83216991,9.03144627,backbone,
tilo:S20,1,Airolo,ch:1:sloid:5201,8505201,46.52752344,8.60861825,backbone,
tilo:S20,2,Ambrì-Piotta,ch:1:sloid:5202,8505202,46.51076562,8.68992477,backbone,
tilo:S20,3,Faido,ch:1:sloid:5204,8505204,46.48307392,8.79070676,backbone,
tilo:S20,4,Lavorgo,ch:1:sloid:5205,8505205,46.44090328,8.83974579,backbone,
tilo:S20,5,Bodio TI,ch:1:sloid:5207,8505207,46.38025402,8.90657146,backbone,
tilo:S20,6,Biasca,ch:1:sloid:5209,8505209,46.35198128,8.97417867,backbone,
tilo:S20,7,Castione-Arbedo,ch:1:sloid:5212,8505212,46.22292277,9.04146249,backbone,
tilo:S20,8,Bellinzona,ch:1:sloid:5213,8505213,46.19543302,9.02951489,backbone,
tilo:S20,9,Giubiasco,ch:1:sloid:5214,8505214,46.17381449,9.0035985,backbone,
tilo:S20,10,S. Antonino,ch:1:sloid:5415,8505415,46.15905105,8.9695254,backbone,
tilo:S20,11,Cadenazzo,ch:1:sloid:5404,8505404,46.15262308,8.94169559,backbone,
tilo:S20,12,Riazzino,ch:1:sloid:5412,8505412,46.17533852,8.8863953,backbone,
tilo:S20,13,Gordola,ch:1:sloid:5402,8505402,46.17903954,8.86576998,backbone,
tilo:S20,14,Tenero,ch:1:sloid:5401,8505401,46.17746586,8.85022913,backbone,
tilo:S20,15,Minusio,ch:1:sloid:5417,8505417,46.17400733,8.81956963,backbone,
tilo:S20,16,Locarno,ch:1:sloid:5400,8505400,46.17242106,8.80136078,backbone,
tilo:S30,1,Bellinzona,ch:1:sloid:5213,8505213,46.19543302,9.02951489,backbone,
tilo:S30,2,Giubiasco,ch:1:sloid:5214,8505214,46.17381449,9.0035985,backbone,
tilo:S30,3,S. Antonino,ch:1:sloid:5415,8505415,46.15905105,8.9695254,backbone,
tilo:S30,4,Cadenazzo,ch:1:sloid:5404,8505404,46.15262308,8.94169559,backbone,
tilo:S30,5,Quartino,ch:1:sloid:5405,8505405,46.15129757,8.88732955,backbone,
tilo:S30,6,Magadino-Vira,ch:1:sloid:5406,8505406,46.14531681,8.8501932,backbone,
tilo:S30,7,S. Nazzaro,ch:1:sloid:5407,8505407,46.13515861,8.8070561,backbone,
tilo:S30,8,Gerra (Gambarogno),ch:1:sloid:5410,8505410,46.12204105,8.78496652,backbone,
tilo:S30,9,Ranzo-S. Abbondio,ch:1:sloid:5408,8505408,46.1169974,8.77654033,backbone,
tilo:S30,10,Pino-Tronzano,ch:1:sloid:5862,8505862,46.09892988,8.73695157,backbone,
tilo:S30,11,Maccagno,ch:1:sloid:5861,8505861,46.0454088,8.73558613,backbone,
tilo:S30,12,Colmegna,ch:1:sloid:5874,8505874,46.02476053,8.75188157,backbone,
tilo:S40,1,Stabio,ch:1:sloid:17519,8517519,45.84971147,8.94394138,extension,8505305
tilo:S40,2,Mendrisio,ch:1:sloid:5305,8505305,45.86911151,8.97860737,backbone,
tilo:S40,3,Balerna,ch:1:sloid:5306,8505306,45.8467455,9.0050358,backbone,
tilo:S40,4,Chiasso,ch:1:sloid:5307,8505307,45.83216991,9.03144627,backbone,
tilo:S50,1,Mendrisio,ch:1:sloid:5305,8505305,45.86911151,8.97860737,backbone,
tilo:S50,2,Stabio,ch:1:sloid:17519,8517519,45.84971147,8.94394138,backbone,
tilo:S60,1,Lugano FLP,ch:1:sloid:5391,8505391,46.0044914,8.94759752,backbone,
tilo:S60,2,Sorengo,ch:1:sloid:5399,8505399,46.00039176,8.93483246,backbone,
tilo:S60,3,Sorengo Laghetto,ch:1:sloid:30790,8530790,45.99680978,8.93334126,backbone,
tilo:S60,4,Cappella-Agnuzzo,ch:1:sloid:5393,8505393,45.99325877,8.92444794,backbone,
tilo:S60,5,Bioggio Molinazzo,ch:1:sloid:30789,8530789,46.01235913,8.91400951,backbone,
tilo:S60,6,Bioggio,ch:1:sloid:5394,8505394,46.01210957,8.90888912,backbone,
tilo:S60,7,Serocca,ch:1:sloid:5390,8505390,46.00852211,8.90456822,backbone,
tilo:S60,8,Agno,ch:1:sloid:5395,8505395,45.99592985,8.90092106,backbone,
tilo:S60,9,Magliaso Paese,ch:1:sloid:5392,8505392,45.98340963,8.89058145,backbone,
tilo:S60,10,Magliaso,ch:1:sloid:5396,8505396,45.98164309,8.88412256,backbone,
tilo:S60,11,Caslano,ch:1:sloid:5397,8505397,45.97774152,8.87628925,backbone,
tilo:S60,12,Ponte Tresa,ch:1:sloid:5398,8505398,45.9699875,8.86047891,backbone,
tilo:S90,1,Biasca,ch:1:sloid:5209,8505209,46.35198128,8.97417867,extension,8505213
tilo:S90,2,Castione-Arbedo,ch:1:sloid:5212,8505212,46.22292277,9.04146249,extension,8505213
tilo:S90,3,Bellinzona,ch:1:sloid:5213,8505213,46.19543302,9.02951489,backbone,
tilo:S90,4,Giubiasco,ch:1:sloid:5214,8505214,46.17381449,9.0035985,backbone,
tilo:S90,5,Rivera-Bironico,ch:1:sloid:5216,8505216,46.12397744,8.92528337,backbone,
tilo:S90,6,Mezzovico,ch:1:sloid:5217,8505217,46.09427657,8.92858917,backbone,
tilo:S90,7,Taverne-Torricella,ch:1:sloid:5218,8505218,46.05668694,8.9303319,backbone,
tilo:S90,8,Lamone-Cadempino,ch:1:sloid:5219,8505219,46.03972209,8.93212853,backbone,
tilo:S90,9,Lugano,ch:1:sloid:5300,8505300,46.00550223,8.94699565,backbone,
tilo:S90,10,Paradiso,ch:1:sloid:5301,8505301,45.98937051,8.94688785,backbone,
tilo:S90,11,Melide,ch:1:sloid:5302,8505302,45.95571278,8.94836109,backbone,
tilo:S90,12,Maroggia-Melano,ch:1:sloid:5303,8505303,45.93243197,8.97393613,backbone,
tilo:S90,13,Capolago-Riva S. Vitale,ch:1:sloid:5304,8505304,45.90283432,8.97890381,backbone,
tilo:S90,14,Mendrisio S. Martino,ch:1:sloid:18475,8518475,45.87721736,8.98308996,backbone,
tilo:S90,15,Mendrisio,ch:1:sloid:5305,8505305,45.86911151,8.97860737,backbone,
tilo:S:8505305-8505307,1,Mendrisio,ch:1:sloid:5305,8505305,45.86911151,8.97860737,backbone,
tilo:S:8505305-8505307,2,Balerna,ch:1:sloid:5306,8505306,45.8467455,9.0050358,backbone,
tilo:S:8505305-8505307,3,Chiasso,ch:1:sloid:5307,8505307,45.83216991,9.03144627,backbone,
tilo:S:8505307-8505400,1,Chiasso,ch:1:sloid:5307,8505307,45.83216991,9.03144627,backbone,
tilo:S:8505307-8505400,2,Balerna,ch:1:sloid:5306,8505306,45.8467455,9.0050358,backbone,
tilo:S:8505307-8505400,3,Mendrisio,ch:1:sloid:5305,8505305,45.86911151,8.97860737,backbone,
tilo:S:8505307-8505400,4,Mendrisio S. Martino,ch:1:sloid:18475,8518475,45.87721736,8.98308996,backbone,
tilo:S:8505307-8505400,5,Capolago-Riva S. Vitale,ch:1:sloid:5304,8505304,45.90283432,8.97890381,backbone,
tilo:S:8505307-8505400,6,Maroggia-Melano,ch:1:sloid:5303,8505303,45.93243197,8.97393613,backbone,
tilo:S:8505307-8505400,7,Melide,ch:1:sloid:5302,8505302,45.95571278,8.94836109,backbone,
tilo:S:8505307-8505400,8,Paradiso,ch:1:sloid:5301,8505301,45.98937051,8.94688785,backbone,
tilo:S:8505307-8505400,9,Lugano,ch:1:sloid:5300,8505300,46.00550223,8.94699565,backbone,
tilo:S:8505307-8505400,10,S. Antonino,ch:1:sloid:5415,8505415,46.15905105,8.9695254,backbone,
tilo:S:8505307-8505400,11,Cadenazzo,ch:1:sloid:5404,8505404,46.15262308,8.94169559,backbone,
tilo:S:8505307-8505400,12,Riazzino,ch:1:sloid:5412,8505412,46.17533852,8.8863953,backbone,
tilo:S:8505307-8505400,13,Gordola,ch:1:sloid:5402,8505402,46.17903954,8.86576998,backbone,
tilo:S:8505307-8505400,14,Tenero,ch:1:sloid:5401,8505401,46.17746586,8.85022913,backbone,
tilo:S:8505307-8505400,15,Minusio,ch:1:sloid:5417,8505417,46.17400733,8.81956963,backbone,
tilo:S:8505307-8505400,16,Locarno,ch:1:sloid:5400,8505400,46.17242106,8.80136078,backbone,
toggenburg-bergbahnen-unterwasser:FUN-2767,1,Unterwasser Chäserrugg Bahn,ch:1:sloid:6250,8506250,47.19477218,9.30925027,backbone,
toggenburg-bergbahnen-unterwasser:FUN-2767,2,Iltios,ch:1:sloid:6251,8506251,47.18543815,9.31232251,backbone,
transports-de-la-region-morges-biere-cossonay:FUN-2003,1,Cossonay-Ville,ch:1:sloid:30003,8530003,46.61204341,6.50990222,backbone,
transports-de-la-region-morges-biere-cossonay:FUN-2003,2,Cossonay-Penthalaz (funi),ch:1:sloid:93755,8593755,46.60590308,6.52286491,backbone,
transports-de-la-region-morges-biere-cossonay:R56,1,Morges,ch:1:sloid:1037,8501037,46.51109947,6.4939661,backbone,
transports-de-la-region-morges-biere-cossonay:R56,2,La Gottaz,ch:1:sloid:1054,8501054,46.50654908,6.48446193,backbone,
transports-de-la-region-morges-biere-cossonay:R56,3,Prélionne,ch:1:sloid:1090,8501090,46.50946731,6.4802668,backbone,
transports-de-la-region-morges-biere-cossonay:R56,4,Chigny,ch:1:sloid:1081,8501081,46.51602038,6.47225382,backbone,
transports-de-la-region-morges-biere-cossonay:R56,5,Vufflens-le-Château,ch:1:sloid:1091,8501091,46.52481015,6.47317909,backbone,
transports-de-la-region-morges-biere-cossonay:R56,6,Le Marais,ch:1:sloid:1080,8501080,46.52746782,6.46258795,backbone,
transports-de-la-region-morges-biere-cossonay:R56,7,Bussy-Chardonney,ch:1:sloid:1092,8501092,46.52678178,6.44650811,backbone,
transports-de-la-region-morges-biere-cossonay:R56,8,Yens,ch:1:sloid:1093,8501093,46.51995803,6.42732009,backbone,
transports-de-la-region-morges-biere-cossonay:R56,9,Chardonney-Château,ch:1:sloid:1082,8501082,46.53469849,6.43255727,backbone,
transports-de-la-region-morges-biere-cossonay:R56,10,Reverolle,ch:1:sloid:1083,8501083,46.5404329,6.43096725,backbone,
transports-de-la-region-morges-biere-cossonay:R56,11,Apples,ch:1:sloid:1094,8501094,46.55088057,6.4235831,backbone,
transports-de-la-region-morges-biere-cossonay:R56,12,Ballens-Froideville,ch:1:sloid:1085,8501085,46.54965735,6.39022866,backbone,
transports-de-la-region-morges-biere-cossonay:R56,13,Ballens,ch:1:sloid:1095,8501095,46.55225821,6.37446322,backbone,
transports-de-la-region-morges-biere-cossonay:R56,14,Bière,ch:1:sloid:1096,8501096,46.53744218,6.33691364,backbone,
transports-de-la-region-morges-biere-cossonay:R57,1,Apples,ch:1:sloid:1094,8501094,46.55088057,6.4235831,backbone,
transports-de-la-region-morges-biere-cossonay:R57,2,Le Manège,ch:1:sloid:1084,8501084,46.55912114,6.432171,backbone,
transports-de-la-region-morges-biere-cossonay:R57,3,Pampigny-Sévery,ch:1:sloid:1097,8501097,46.5769817,6.432171,backbone,
transports-de-la-region-morges-biere-cossonay:R57,4,Mauraz,ch:1:sloid:1087,8501087,46.58492195,6.4297186,backbone,
transports-de-la-region-morges-biere-cossonay:R57,5,Tuilerie,ch:1:sloid:1088,8501088,46.59279931,6.41422266,backbone,
transports-de-la-region-morges-biere-cossonay:R57,6,Montricher,ch:1:sloid:1098,8501098,46.59633017,6.39304937,backbone,
transports-de-la-region-morges-biere-cossonay:R57,7,Villars-Bozon,ch:1:sloid:1089,8501089,46.61045748,6.40235591,backbone,
transports-de-la-region-morges-biere-cossonay:R57,8,LIsle,ch:1:sloid:1099,8501099,46.61726986,6.41117737,backbone,
transports-de-martigny-et-regions-mc:R85,1,Martigny,ch:1:sloid:1500,8501500,46.10583124,7.0791197,backbone,
transports-de-martigny-et-regions-mc:R85,2,Les Fumeaux,ch:1:sloid:30303,8530303,46.11007876,7.06461191,backbone,
transports-de-martigny-et-regions-mc:R85,3,Vernayaz MC,ch:1:sloid:1561,8501561,46.13041499,7.04460642,backbone,
transports-de-martigny-et-regions-mc:R85,4,Salvan,ch:1:sloid:1562,8501562,46.12161143,7.0210526,backbone,
transports-de-martigny-et-regions-mc:R85,5,Les Marécottes,ch:1:sloid:1563,8501563,46.11231449,7.01169215,backbone,
transports-de-martigny-et-regions-mc:R85,6,La Médettaz,ch:1:sloid:30334,8530334,46.10883318,7.00783838,backbone,
transports-de-martigny-et-regions-mc:R85,7,Le Trétien,ch:1:sloid:1564,8501564,46.10231838,6.99772335,backbone,
transports-de-martigny-et-regions-mc:R85,8,Finhaut,ch:1:sloid:1565,8501565,46.08240171,6.97612785,backbone,
transports-de-martigny-et-regions-mc:R85,9,Le Châtelard VS,ch:1:sloid:1566,8501566,46.0618857,6.95841307,backbone,
transports-de-martigny-et-regions-mc:R85,10,Le Châtelard-Frontière,ch:1:sloid:1568,8501568,46.05325199,6.94987908,backbone,
transports-publics-du-chablais:R70,1,Aigle,ch:1:sloid:1400,8501400,46.31685709,6.96368618,backbone,
transports-publics-du-chablais:R70,2,Aigle-Place-du-Marché,ch:1:sloid:1554,8501554,46.31724176,6.9703427,backbone,
transports-publics-du-chablais:R70,3,Aigle-Dépôt,ch:1:sloid:1484,8501484,46.31829029,6.97537327,backbone,
transports-publics-du-chablais:R70,4,Fontanney,ch:1:sloid:1485,8501485,46.31832131,6.98229928,backbone,
transports-publics-du-chablais:R70,5,Pont-de-Drapel,ch:1:sloid:1179,8501179,46.31985993,6.98652136,backbone,
transports-publics-du-chablais:R70,6,Rennaz (Leysin),ch:1:sloid:1480,8501480,46.32736012,7.00086745,backbone,
transports-publics-du-chablais:R70,7,La Roulaz,ch:1:sloid:1199,8501199,46.33131761,7.00147831,backbone,
transports-publics-du-chablais:R70,8,Leysin-Village,ch:1:sloid:1481,8501481,46.33926276,7.00605073,backbone,
transports-publics-du-chablais:R70,9,Versmont,ch:1:sloid:1725,8501725,46.34142096,7.00694905,backbone,
transports-publics-du-chablais:R70,10,Leysin-Feydey,ch:1:sloid:1482,8501482,46.34444106,7.0083594,backbone,
transports-publics-du-chablais:R70,11,Leysin-Grand-Hôtel,ch:1:sloid:1483,8501483,46.34555108,7.00642802,backbone,
transports-publics-du-chablais:R71,1,Aigle,ch:1:sloid:1400,8501400,46.31685709,6.96368618,backbone,
transports-publics-du-chablais:R71,2,Aigle-Place-du-Marché,ch:1:sloid:1554,8501554,46.31724176,6.9703427,backbone,
transports-publics-du-chablais:R71,3,Aigle-Château,ch:1:sloid:1468,8501468,46.3168695,6.97892161,backbone,
transports-publics-du-chablais:R71,4,Aigle-Parc Aventure,ch:1:sloid:17484,8517484,46.31529977,6.98621593,backbone,
transports-publics-du-chablais:R71,5,Verschiez,ch:1:sloid:1470,8501470,46.30817646,6.98366472,backbone,
transports-publics-du-chablais:R71,6,Plambuit,ch:1:sloid:1471,8501471,46.32734771,7.02397212,backbone,
transports-publics-du-chablais:R71,7,Exergillod,ch:1:sloid:1472,8501472,46.33711068,7.03847991,backbone,
transports-publics-du-chablais:R71,8,Le Sépey,ch:1:sloid:1474,8501474,46.3612377,7.05279008,backbone,
transports-publics-du-chablais:R71,9,Les Planches (Aigle),ch:1:sloid:1473,8501473,46.3553418,7.05526943,backbone,
transports-publics-du-chablais:R71,10,Les Echenards,ch:1:sloid:1475,8501475,46.355348,7.08505756,backbone,
transports-publics-du-chablais:R71,11,Sur-le-Buis,ch:1:sloid:17485,8517485,46.35330195,7.10063435,backbone,
transports-publics-du-chablais:R71,12,Les Aviolats,ch:1:sloid:1476,8501476,46.35296713,7.11315686,backbone,
transports-publics-du-chablais:R71,13,Les Nicolets,ch:1:sloid:93775,8593775,46.35446138,7.11954389,backbone,
transports-publics-du-chablais:R71,14,Plan Morier,ch:1:sloid:93776,8593776,46.35356856,7.12920077,backbone,
transports-publics-du-chablais:R71,15,Vers-lEglise,ch:1:sloid:1477,8501477,46.35363056,7.13414151,backbone,
transports-publics-du-chablais:R71,16,Les Bovets,ch:1:sloid:93773,8593773,46.3554596,7.14164244,backbone,
transports-publics-du-chablais:R71,17,La Faverge,ch:1:sloid:93774,8593774,46.35493259,7.14712216,backbone,
transports-publics-du-chablais:R71,18,Les Diablerets,ch:1:sloid:1479,8501479,46.35116282,7.15501836,backbone,
transports-publics-du-chablais:R72,1,Aigle,ch:1:sloid:1400,8501400,46.31685709,6.96368618,backbone,
transports-publics-du-chablais:R72,2,Ollon VD,ch:1:sloid:1461,8501461,46.29670772,6.99320482,backbone,
transports-publics-du-chablais:R72,3,Les Arnoux,ch:1:sloid:30355,8530355,46.29164284,6.99674419,backbone,
transports-publics-du-chablais:R72,4,Villy,ch:1:sloid:1458,8501458,46.28685684,6.99430975,backbone,
transports-publics-du-chablais:R72,5,St-Triphon-Gare,ch:1:sloid:1452,8501452,46.27831426,6.9736485,backbone,
transports-publics-du-chablais:R72,6,Pont du Rhône,ch:1:sloid:30366,8530366,46.27611631,6.96166497,backbone,
transports-publics-du-chablais:R72,7,Corbier,ch:1:sloid:1726,8501726,46.27239699,6.95220571,backbone,
transports-publics-du-chablais:R72,8,Collombey-Village,ch:1:sloid:1462,8501462,46.26938533,6.94598039,backbone,
transports-publics-du-chablais:R72,9,Monthey-Ville,ch:1:sloid:1463,8501463,46.25401399,6.94758837,backbone,
transports-publics-du-chablais:R72,10,Monthey-En Place,ch:1:sloid:1229,8501229,46.25925005,6.94598039,backbone,
transports-publics-du-chablais:R72,11,Monthey-Hôpital,ch:1:sloid:1457,8501457,46.25187719,6.94075219,backbone,
transports-publics-du-chablais:R72,12,Chemex,ch:1:sloid:12191,8512191,46.24590116,6.93180497,backbone,
transports-publics-du-chablais:R72,13,Croix-du-Nant,ch:1:sloid:1460,8501460,46.23966973,6.92744815,backbone,
transports-publics-du-chablais:R72,14,Les Neys,ch:1:sloid:30378,8530378,46.2360225,6.92478015,backbone,
transports-publics-du-chablais:R72,15,Route de Morgins,ch:1:sloid:30430,8530430,46.23215132,6.92142045,backbone,
transports-publics-du-chablais:R72,16,Troistorrents,ch:1:sloid:1464,8501464,46.2282923,6.91580598,backbone,
transports-publics-du-chablais:R72,17,Pont de Fayot,ch:1:sloid:93467,8593467,46.21901959,6.90373262,backbone,
transports-publics-du-chablais:R72,18,Fayot,ch:1:sloid:1454,8501454,46.21205782,6.89951054,backbone,
transports-publics-du-chablais:R72,19,Val-dIlliez,ch:1:sloid:1465,8501465,46.20360927,6.89322233,backbone,
transports-publics-du-chablais:R72,20,En Charnet,ch:1:sloid:30463,8530463,46.19701862,6.88700599,backbone,
transports-publics-du-chablais:R72,21,La Cour,ch:1:sloid:1453,8501453,46.19423912,6.8866826,backbone,
transports-publics-du-chablais:R72,22,Champéry-Village,ch:1:sloid:1466,8501466,46.18147773,6.8748428,backbone,
transports-publics-du-chablais:R72,23,Champéry,ch:1:sloid:1448,8501448,46.17495285,6.87149209,backbone,
transports-publics-du-chablais:R74,1,Bex,ch:1:sloid:1402,8501402,46.25146721,7.00066982,backbone,
transports-publics-du-chablais:R74,2,La Ruaz,ch:1:sloid:30523,8530523,46.25308226,7.0077216,backbone,
transports-publics-du-chablais:R74,3,Bex-Place-du-Marché,ch:1:sloid:1487,8501487,46.25090815,7.01443201,backbone,
transports-publics-du-chablais:R74,4,Bex Pont-Neuf,ch:1:sloid:30064,8530064,46.25052301,7.02081904,backbone,
transports-publics-du-chablais:R74,5,Grand-Moulin,ch:1:sloid:30066,8530066,46.2526226,7.02321754,backbone,
transports-publics-du-chablais:R74,6,Les Salines,ch:1:sloid:30067,8530067,46.25484012,7.02763725,backbone,
transports-publics-du-chablais:R74,7,Foyer Dents-du-Midi,ch:1:sloid:30246,8530246,46.25639295,7.02983812,backbone,
transports-publics-du-chablais:R74,8,Bévieux,ch:1:sloid:1488,8501488,46.25898919,7.03088017,backbone,
transports-publics-du-chablais:R74,9,Fontannaz-Seulaz,ch:1:sloid:1490,8501490,46.2676031,7.05585333,backbone,
transports-publics-du-chablais:R74,10,Les Posses,ch:1:sloid:1491,8501491,46.27116751,7.05088565,backbone,
transports-publics-du-chablais:R74,11,Gryon-Chalméry,ch:1:sloid:93772,8593772,46.27363886,7.05190973,backbone,
transports-publics-du-chablais:R74,12,Gryon,ch:1:sloid:1492,8501492,46.27358298,7.0597071,backbone,
transports-publics-du-chablais:R74,13,Gryon Bois-Gentil,ch:1:sloid:88193,8588193,46.27773063,7.0675494,backbone,
transports-publics-du-chablais:R74,14,Gryon Barboleuse,ch:1:sloid:1493,8501493,46.28274713,7.07048689,backbone,
transports-publics-du-chablais:R74,15,La Clairière,ch:1:sloid:1727,8501727,46.28834049,7.06799855,backbone,
transports-publics-du-chablais:R74,16,Arveyes,ch:1:sloid:1494,8501494,46.29125178,7.06268951,backbone,
transports-publics-du-chablais:R74,17,Villars-sur-Ollon,ch:1:sloid:1495,8501495,46.29626084,7.05623062,backbone,
transports-publics-du-chablais:R74,18,Roches Grises,ch:1:sloid:1447,8501447,46.29375947,7.06109949,extension,8501495
transports-publics-du-chablais:R74,19,Col-de-Soud,ch:1:sloid:1497,8501497,46.30493716,7.06954366,extension,8501495
transports-publics-du-chablais:R74,20,Villars-sur-Ollon Golf,ch:1:sloid:1446,8501446,46.30911967,7.0754905,extension,8501495
transports-publics-du-chablais:R74,21,Bouquetins,ch:1:sloid:1498,8501498,46.31639796,7.07233742,extension,8501495
transports-publics-du-chablais:R74,22,Col-de-Bretaye,ch:1:sloid:1499,8501499,46.32193205,7.07361302,extension,8501495
transports-publics-fribourgeois:FUN-2030,1,Fribourg-Neuveville/Motta,ch:1:sloid:30013,8530013,46.8036473,7.15808161,backbone,
transports-publics-fribourgeois:FUN-2030,2,Fribourg-St-Pierre,ch:1:sloid:30016,8530016,46.80406543,7.15688685,backbone,
transports-publics-neuchatelois-sa-cmn:R15,1,Neuchâtel Place Pury Littorail,ch:1:sloid:4398,8504398,46.98941192,6.92818476,backbone,
transports-publics-neuchatelois-sa-cmn:R15,2,Neuchâtel Evole,ch:1:sloid:30708,8530708,46.9896509,6.92336979,backbone,
transports-publics-neuchatelois-sa-cmn:R15,3,Neuchâtel Champ-Bougin,ch:1:sloid:30709,8530709,46.98456469,6.91223967,backbone,
transports-publics-neuchatelois-sa-cmn:R15,4,Neuchâtel Port-de-Serrières,ch:1:sloid:4509,8504509,46.9808876,6.90482857,backbone,
transports-publics-neuchatelois-sa-cmn:R15,5,Neuchâtel Serrières Ruau,ch:1:sloid:30710,8530710,46.97973539,6.89503693,backbone,
transports-publics-neuchatelois-sa-cmn:R15,6,Auvernier Littorail,ch:1:sloid:4510,8504510,46.97423756,6.8788942,backbone,
transports-publics-neuchatelois-sa-cmn:R15,7,Colombier NE Allées Littorail,ch:1:sloid:30711,8530711,46.96807098,6.86950681,backbone,
transports-publics-neuchatelois-sa-cmn:R15,8,Colombier NE Littorail,ch:1:sloid:4325,8504325,46.96587021,6.86541947,backbone,
transports-publics-neuchatelois-sa-cmn:R15,9,Colombier NE Les Chézards,ch:1:sloid:30712,8530712,46.96076334,6.86380251,backbone,
transports-publics-neuchatelois-sa-cmn:R15,10,Areuse Littorail,ch:1:sloid:95245,8595245,46.95449709,6.85305866,backbone,
transports-publics-neuchatelois-sa-cmn:R15,11,Boudry Tuilière,ch:1:sloid:30713,8530713,46.95146794,6.84282685,backbone,
transports-publics-neuchatelois-sa-cmn:R15,12,Boudry Littorail,ch:1:sloid:4511,8504511,46.94948725,6.83914375,backbone,
transports-publics-neuchatelois-sa-cmn:R22,1,La Chaux-de-Fonds,ch:1:sloid:4314,8504314,47.09837387,6.82598343,backbone,
transports-publics-neuchatelois-sa-cmn:R22,2,La Chaux-de-Fonds-Grenier,ch:1:sloid:4381,8504381,47.09974977,6.833682,backbone,
transports-publics-neuchatelois-sa-cmn:R22,3,Le Reymond,ch:1:sloid:4382,8504382,47.08707789,6.8440755,backbone,
transports-publics-neuchatelois-sa-cmn:R22,4,La Corbatière,ch:1:sloid:4383,8504383,47.06955122,6.83492167,backbone,
transports-publics-neuchatelois-sa-cmn:R22,5,La Sagne-Eglise,ch:1:sloid:4384,8504384,47.05089872,6.81851843,backbone,
transports-publics-neuchatelois-sa-cmn:R22,6,La Sagne,ch:1:sloid:4385,8504385,47.03988652,6.80207926,backbone,
transports-publics-neuchatelois-sa-cmn:R22,7,Les Coeudres-Est,ch:1:sloid:30011,8530011,47.02879857,6.7895298,backbone,
transports-publics-neuchatelois-sa-cmn:R22,8,Les Coeudres,ch:1:sloid:4386,8504386,47.02285262,6.78016037,backbone,
transports-publics-neuchatelois-sa-cmn:R22,9,Petit-Martel-Est,ch:1:sloid:30012,8530012,47.01458475,6.76680242,backbone,
transports-publics-neuchatelois-sa-cmn:R22,10,Petit-Martel,ch:1:sloid:4387,8504387,47.01009507,6.75518721,backbone,
transports-publics-neuchatelois-sa-cmn:R22,11,Le Stand,ch:1:sloid:30225,8530225,47.00501079,6.74525184,backbone,
transports-publics-neuchatelois-sa-cmn:R22,12,Les Ponts-de-Martel,ch:1:sloid:4388,8504388,46.99908057,6.73527156,backbone,
transports-publics-neuchatelois-sa-cmn:R24,1,Le Locle,ch:1:sloid:4316,8504316,47.05786357,6.74615015,backbone,
transports-publics-neuchatelois-sa-cmn:R24,2,Le Locle Le Chalet,ch:1:sloid:30260,8530260,47.05583786,6.73883787,backbone,
transports-publics-neuchatelois-sa-cmn:R24,3,Les Frêtes,ch:1:sloid:4391,8504391,47.05857959,6.72578535,backbone,
transports-publics-neuchatelois-sa-cmn:R24,4,Les Brenets,ch:1:sloid:4392,8504392,47.06720778,6.70738785,backbone,
transports-publics-neuchatelois-sa-rvt:R21,1,Neuchâtel,ch:1:sloid:4221,8504221,46.99672791,6.93570366,backbone,
transports-publics-neuchatelois-sa-rvt:R21,2,Neuchâtel-Serrières,ch:1:sloid:4220,8504220,46.98396411,6.90336431,backbone,
transports-publics-neuchatelois-sa-rvt:R21,3,Auvernier,ch:1:sloid:4219,8504219,46.97964346,6.87770843,backbone,
transports-publics-neuchatelois-sa-rvt:R21,4,Bôle,ch:1:sloid:4218,8504218,46.96942573,6.8383712,backbone,
transports-publics-neuchatelois-sa-rvt:R21,5,Champ-du-Moulin,ch:1:sloid:4217,8504217,46.95991112,6.77498607,backbone,
transports-publics-neuchatelois-sa-rvt:R21,6,Noiraigue,ch:1:sloid:4216,8504216,46.95492018,6.72179683,backbone,
transports-publics-neuchatelois-sa-rvt:R21,7,Travers,ch:1:sloid:4215,8504215,46.94241013,6.67655767,backbone,
transports-publics-neuchatelois-sa-rvt:R21,8,La Presta Mines dasphalte,ch:1:sloid:4284,8504284,46.9310995,6.6543603,backbone,
transports-publics-neuchatelois-sa-rvt:R21,9,Couvet,ch:1:sloid:4285,8504285,46.92295855,6.63529805,backbone,
transports-publics-neuchatelois-sa-rvt:R21,10,Môtiers NE,ch:1:sloid:4286,8504286,46.91182178,6.61022607,backbone,
transports-publics-neuchatelois-sa-rvt:R21,11,Fleurier,ch:1:sloid:4287,8504287,46.90476422,6.58131828,backbone,
transports-publics-neuchatelois-sa-rvt:R21,12,Buttes,ch:1:sloid:4288,8504288,46.88834414,6.55319203,backbone,
transports-publics-neuchatelois-sa-rvt:R21,13,Colombier NE,ch:1:sloid:4209,8504209,46.96765413,6.84887251,branch,8504219
transports-publics-neuchatelois-sa-rvt:R:8504209-8504221,1,Colombier NE,ch:1:sloid:4209,8504209,46.96765413,6.84887251,backbone,
transports-publics-neuchatelois-sa-rvt:R:8504209-8504221,2,Auvernier,ch:1:sloid:4219,8504219,46.97964346,6.87770843,backbone,
transports-publics-neuchatelois-sa-rvt:R:8504209-8504221,3,Neuchâtel-Serrières,ch:1:sloid:4220,8504220,46.98396411,6.90336431,backbone,
transports-publics-neuchatelois-sa-rvt:R:8504209-8504221,4,Neuchâtel,ch:1:sloid:4221,8504221,46.99672791,6.93570366,backbone,
transports-publics-neuchatelois-sa:FUN-111,1,"Neuchâtel, La Coudre (FUNI)",ch:1:sloid:4268,8504268,47.00859434,6.96094632,backbone,
transports-publics-neuchatelois-sa:FUN-111,2,Chaumont (FUNI),ch:1:sloid:4269,8504269,47.02658805,6.95746984,backbone,
transports-publics-neuchatelois-sa:FUN-112,1,"Neuchâtel, Ecluse (FUNI)",ch:1:sloid:30006,8530006,46.99354797,6.92724153,backbone,
transports-publics-neuchatelois-sa:FUN-112,2,"Neuchâtel, Boine (FUNI)",ch:1:sloid:30007,8530007,46.99468149,6.92722357,backbone,
transports-publics-neuchatelois-sa:FUN-112,3,"Neuchâtel, Côte (FUNI)",ch:1:sloid:30008,8530008,46.99585176,6.9272056,backbone,
transports-publics-neuchatelois-sa:FUN-112,4,"Neuchâtel, Plan (FUNI)",ch:1:sloid:30023,8530023,46.99702812,6.9272056,backbone,
transports-vallee-de-joux-yverdon-ste-croix:R12,1,Yverdon-les-Bains,ch:1:sloid:4200,8504200,46.78154335,6.64094845,backbone,
transports-vallee-de-joux-yverdon-ste-croix:R12,2,Yverdon William Barbey,ch:1:sloid:30263,8530263,46.7889923,6.63167784,backbone,
transports-vallee-de-joux-yverdon-ste-croix:R12,3,La Brinaz,ch:1:sloid:4291,8504291,46.79444765,6.62021533,backbone,
transports-vallee-de-joux-yverdon-ste-croix:R12,4,Valeyres-sous-Montagny,ch:1:sloid:4292,8504292,46.79682151,6.61133998,backbone,
transports-vallee-de-joux-yverdon-ste-croix:R12,5,Essert-sous-Champvent,ch:1:sloid:4293,8504293,46.79535785,6.58015946,backbone,
transports-vallee-de-joux-yverdon-ste-croix:R12,6,Vuiteboeuf,ch:1:sloid:4294,8504294,46.80376413,6.55374,backbone,
transports-vallee-de-joux-yverdon-ste-croix:R12,7,Baulmes,ch:1:sloid:4295,8504295,46.78874628,6.52428425,backbone,
transports-vallee-de-joux-yverdon-ste-croix:R12,8,Six-Fontaines,ch:1:sloid:4296,8504296,46.77422257,6.49877209,backbone,
transports-vallee-de-joux-yverdon-ste-croix:R12,9,Ste-Croix,ch:1:sloid:4298,8504298,46.81943555,6.50070347,backbone,
transports-vallee-de-joux-yverdon-ste-croix:R22,1,Yverdon-les-Bains,ch:1:sloid:4200,8504200,46.78154335,6.64094845,backbone,
transports-vallee-de-joux-yverdon-ste-croix:R22,2,Vuiteboeuf,ch:1:sloid:4294,8504294,46.80376413,6.55374,backbone,
transports-vallee-de-joux-yverdon-ste-croix:R22,3,Baulmes,ch:1:sloid:4295,8504295,46.78874628,6.52428425,backbone,
transports-vallee-de-joux-yverdon-ste-croix:R22,4,Six-Fontaines,ch:1:sloid:4296,8504296,46.77422257,6.49877209,backbone,
transports-vallee-de-joux-yverdon-ste-croix:R22,5,Ste-Croix,ch:1:sloid:4298,8504298,46.81943555,6.50070347,backbone,
trasporti-pubblici-luganesi-sa:FUN-2650,1,Lugano Città (funicolare),ch:1:sloid:30461,8530461,46.00447892,8.94968161,backbone,
trasporti-pubblici-luganesi-sa:FUN-2650,2,Lugano Stazione (funicolare),ch:1:sloid:30462,8530462,46.00516529,8.94688785,backbone,
treib-seelisberg-bahn:FUN:8508498-8508499,1,Treib (Talstation),ch:1:sloid:8498,8508498,46.98714462,8.58567528,backbone,
treib-seelisberg-bahn:FUN:8508498-8508499,2,Seelisberg (Bergstation),ch:1:sloid:8499,8508499,46.97880993,8.58693292,backbone,
valais:R81,1,Martigny,ch:1:sloid:1500,8501500,46.10583124,7.0791197,backbone,
valais:R81,2,Martigny-Expo,ch:1:sloid:94466,8594466,46.09729161,7.07557135,backbone,
valais:R81,3,Martigny-Bourg,ch:1:sloid:1572,8501572,46.0930431,7.0697323,backbone,
valais:R81,4,Martigny-Croix,ch:1:sloid:1573,8501573,46.08670711,7.05850336,backbone,
valais:R81,5,Bovernier,ch:1:sloid:1575,8501575,46.07869419,7.082156,backbone,
valais:R81,6,Sembrancher,ch:1:sloid:1576,8501576,46.07693069,7.14582859,backbone,
valais:R81,7,Etiez,ch:1:sloid:1580,8501580,46.08295003,7.16057893,backbone,
valais:R81,8,Le Châble VS,ch:1:sloid:1579,8501579,46.07934225,7.21486412,backbone,
valais:R81,9,Monthey,ch:1:sloid:1421,8501421,46.25565381,6.95522405,branch,
valais:R81,10,Collombey,ch:1:sloid:1422,8501422,46.27119235,6.94875618,branch,
valais:R81,11,Vionnaz,ch:1:sloid:1423,8501423,46.31503297,6.91620124,branch,
valais:R81,12,Vouvry,ch:1:sloid:1424,8501424,46.33649046,6.89845053,branch,
valais:R81,13,Les Evouettes,ch:1:sloid:1425,8501425,46.36286811,6.87946913,branch,
valais:R81,14,Bouveret,ch:1:sloid:1426,8501426,46.38581882,6.8532473,branch,
valais:R81,15,St-Gingolph (Suisse),ch:1:sloid:1428,8501428,46.39219472,6.80593304,branch,
valais:R82,1,Martigny,ch:1:sloid:1500,8501500,46.10583124,7.0791197,backbone,
valais:R82,2,Martigny-Expo,ch:1:sloid:94466,8594466,46.09729161,7.07557135,backbone,
valais:R82,3,Martigny-Bourg,ch:1:sloid:1572,8501572,46.0930431,7.0697323,backbone,
valais:R82,4,Martigny-Croix,ch:1:sloid:1573,8501573,46.08670711,7.05850336,backbone,
valais:R82,5,Bovernier,ch:1:sloid:1575,8501575,46.07869419,7.082156,backbone,
valais:R82,6,Sembrancher,ch:1:sloid:1576,8501576,46.07693069,7.14582859,backbone,
valais:R82,7,La Douay,ch:1:sloid:1577,8501577,46.05249765,7.14873913,backbone,
valais:R82,8,Orsières,ch:1:sloid:1578,8501578,46.02803508,7.14361873,backbone,
valais:R82,9,Etiez,ch:1:sloid:1580,8501580,46.08295003,7.16057893,branch,8501576
valais:R82,10,Le Châble VS,ch:1:sloid:1579,8501579,46.07934225,7.21486412,branch,8501576
valais:R90,1,St-Maurice,ch:1:sloid:1403,8501403,46.21637174,7.00204425,backbone,
valais:R90,2,Massongex,ch:1:sloid:1420,8501420,46.24120436,6.98565898,backbone,
valais:R90,3,Monthey,ch:1:sloid:1421,8501421,46.25565381,6.95522405,backbone,
valais:R90,4,Collombey,ch:1:sloid:1422,8501422,46.27119235,6.94875618,backbone,
valais:R90,5,Vionnaz,ch:1:sloid:1423,8501423,46.31503297,6.91620124,backbone,
valais:R90,6,Vouvry,ch:1:sloid:1424,8501424,46.33649046,6.89845053,backbone,
valais:R90,7,Les Evouettes,ch:1:sloid:1425,8501425,46.36286811,6.87946913,backbone,
valais:R90,8,Bouveret,ch:1:sloid:1426,8501426,46.38581882,6.8532473,backbone,
valais:R90,9,St-Gingolph (Suisse),ch:1:sloid:1428,8501428,46.39219472,6.80593304,backbone,
valais:R91,1,St-Gingolph (Suisse),ch:1:sloid:1428,8501428,46.39219472,6.80593304,backbone,
valais:R91,2,Bouveret,ch:1:sloid:1426,8501426,46.38581882,6.8532473,backbone,
valais:R91,3,Les Evouettes,ch:1:sloid:1425,8501425,46.36286811,6.87946913,backbone,
valais:R91,4,Vouvry,ch:1:sloid:1424,8501424,46.33649046,6.89845053,backbone,
valais:R91,5,Vionnaz,ch:1:sloid:1423,8501423,46.31503297,6.91620124,backbone,
valais:R91,6,Collombey,ch:1:sloid:1422,8501422,46.27119235,6.94875618,backbone,
valais:R91,7,Monthey,ch:1:sloid:1421,8501421,46.25565381,6.95522405,backbone,
valais:R91,8,Massongex,ch:1:sloid:1420,8501420,46.24120436,6.98565898,backbone,
valais:R91,9,St-Maurice,ch:1:sloid:1403,8501403,46.21637174,7.00204425,backbone,
valais:R91,10,Evionnaz,ch:1:sloid:1404,8501404,46.16925461,7.02551722,backbone,
valais:R91,11,Vernayaz,ch:1:sloid:1405,8501405,46.13854489,7.03836313,backbone,
valais:R91,12,Martigny,ch:1:sloid:1500,8501500,46.10583124,7.0791197,backbone,
valais:R91,13,Charrat-Fully,ch:1:sloid:1501,8501501,46.1268103,7.12647888,backbone,
valais:R91,14,Saxon,ch:1:sloid:1502,8501502,46.14938081,7.17343382,backbone,
valais:R91,15,Riddes,ch:1:sloid:1503,8501503,46.17250816,7.21785551,backbone,
valais:R91,16,Chamoson-St-Pierre-de-Clages,ch:1:sloid:1504,8501504,46.18883517,7.24109493,backbone,
valais:R91,17,Ardon,ch:1:sloid:1505,8501505,46.20859525,7.27094594,backbone,
valais:R91,18,Châteauneuf-Conthey,ch:1:sloid:1510,8501510,46.21611067,7.30509989,backbone,
valais:R91,19,Sion,ch:1:sloid:1506,8501506,46.22755278,7.35919644,backbone,
valais:R91,20,St-Léonard,ch:1:sloid:1507,8501507,46.25149206,7.41957221,backbone,
valais:R91,21,Sierre/Siders,ch:1:sloid:1509,8501509,46.2921208,7.53282281,backbone,
valais:R91,22,Salgesch,ch:1:sloid:1600,8501600,46.30919413,7.57819672,backbone,
valais:R91,23,Leuk,ch:1:sloid:1601,8501601,46.3115769,7.64493256,backbone,
valais:R91,24,Turtmann,ch:1:sloid:1602,8501602,46.30933065,7.69960403,backbone,
valais:R91,25,Gampel-Steg,ch:1:sloid:1603,8501603,46.30651339,7.74758305,backbone,
valais:R91,26,Raron,ch:1:sloid:1604,8501604,46.30627137,7.80150892,backbone,
valais:R91,27,Visp,ch:1:sloid:1605,8501605,46.29402637,7.88146796,backbone,
valais:R91,28,Brig,ch:1:sloid:1609,8501609,46.31942565,7.98809798,backbone,
valais:R:8501426-8501500,1,Bouveret,ch:1:sloid:1426,8501426,46.38581882,6.8532473,backbone,
valais:R:8501426-8501500,2,Les Evouettes,ch:1:sloid:1425,8501425,46.36286811,6.87946913,backbone,
valais:R:8501426-8501500,3,Vouvry,ch:1:sloid:1424,8501424,46.33649046,6.89845053,backbone,
valais:R:8501426-8501500,4,Vionnaz,ch:1:sloid:1423,8501423,46.31503297,6.91620124,backbone,
valais:R:8501426-8501500,5,Collombey,ch:1:sloid:1422,8501422,46.27119235,6.94875618,backbone,
valais:R:8501426-8501500,6,Monthey,ch:1:sloid:1421,8501421,46.25565381,6.95522405,backbone,
valais:R:8501426-8501500,7,Massongex,ch:1:sloid:1420,8501420,46.24120436,6.98565898,backbone,
valais:R:8501426-8501500,8,St-Maurice,ch:1:sloid:1403,8501403,46.21637174,7.00204425,backbone,
valais:R:8501426-8501500,9,Evionnaz,ch:1:sloid:1404,8501404,46.16925461,7.02551722,backbone,
valais:R:8501426-8501500,10,Vernayaz,ch:1:sloid:1405,8501405,46.13854489,7.03836313,backbone,
valais:R:8501426-8501500,11,Martigny,ch:1:sloid:1500,8501500,46.10583124,7.0791197,backbone,
valais:R:8501500-8501509,1,Martigny,ch:1:sloid:1500,8501500,46.10583124,7.0791197,backbone,
valais:R:8501500-8501509,2,Charrat-Fully,ch:1:sloid:1501,8501501,46.1268103,7.12647888,backbone,
valais:R:8501500-8501509,3,Saxon,ch:1:sloid:1502,8501502,46.14938081,7.17343382,backbone,
valais:R:8501500-8501509,4,Riddes,ch:1:sloid:1503,8501503,46.17250816,7.21785551,backbone,
valais:R:8501500-8501509,5,Chamoson-St-Pierre-de-Clages,ch:1:sloid:1504,8501504,46.18883517,7.24109493,backbone,
valais:R:8501500-8501509,6,Ardon,ch:1:sloid:1505,8501505,46.20859525,7.27094594,backbone,
valais:R:8501500-8501509,7,Châteauneuf-Conthey,ch:1:sloid:1510,8501510,46.21611067,7.30509989,backbone,
valais:R:8501500-8501509,8,Sion,ch:1:sloid:1506,8501506,46.22755278,7.35919644,backbone,
valais:R:8501500-8501509,9,St-Léonard,ch:1:sloid:1507,8501507,46.25149206,7.41957221,backbone,
valais:R:8501500-8501509,10,Sierre/Siders,ch:1:sloid:1509,8501509,46.2921208,7.53282281,backbone,
valais:R:8501500-8594466,1,Martigny,ch:1:sloid:1500,8501500,46.10583124,7.0791197,backbone,
valais:R:8501500-8594466,2,Martigny-Expo,ch:1:sloid:94466,8594466,46.09729161,7.07557135,backbone,
valais:R:8501576-8501578,1,Martigny,ch:1:sloid:1500,8501500,46.10583124,7.0791197,backbone,
valais:R:8501576-8501578,2,Martigny-Bourg,ch:1:sloid:1572,8501572,46.0930431,7.0697323,backbone,
valais:R:8501576-8501578,3,Martigny-Croix,ch:1:sloid:1573,8501573,46.08670711,7.05850336,backbone,
valais:R:8501576-8501578,4,Bovernier,ch:1:sloid:1575,8501575,46.07869419,7.082156,backbone,
valais:R:8501576-8501578,5,Sembrancher,ch:1:sloid:1576,8501576,46.07693069,7.14582859,backbone,
valais:R:8501576-8501578,6,La Douay,ch:1:sloid:1577,8501577,46.05249765,7.14873913,backbone,
valais:R:8501576-8501578,7,Orsières,ch:1:sloid:1578,8501578,46.02803508,7.14361873,backbone,
valais:R:8501605-8501609,1,Visp,ch:1:sloid:1605,8501605,46.29402637,7.88146796,backbone,
valais:R:8501605-8501609,2,Brig,ch:1:sloid:1609,8501609,46.31942565,7.98809798,backbone,
valais:RE2,1,Visp,ch:1:sloid:1605,8501605,46.29402637,7.88146796,backbone,
valais:RE2,2,Brig,ch:1:sloid:1609,8501609,46.31942565,7.98809798,backbone,
valais:RE2,3,Iselle di Trasquera,ch:1:sloid:1952,8501952,46.20700998,8.20701742,backbone,
valais:RE:8501609-8501950,1,Brig,ch:1:sloid:1609,8501609,46.31942565,7.98809798,backbone,
valais:RE:8501609-8501950,2,Iselle di Trasquera,ch:1:sloid:1952,8501952,46.20700998,8.20701742,backbone,
valais:RE:8501609-8501950,3,Varzo,ch:1:sloid:1951,8501951,46.20630748,8.24514192,backbone,
valais:RE:8501609-8501950,4,Preglia,ch:1:sloid:1950,8501950,46.14542884,8.29304907,backbone,
valais:RE:8501609-8507473,1,Brig,ch:1:sloid:1609,8501609,46.31942565,7.98809798,backbone,
valais:RE:8501609-8507473,2,Lalden,ch:1:sloid:7470,8507470,46.30107084,7.90959421,backbone,
valais:RE:8501609-8507473,3,Eggerberg,ch:1:sloid:7471,8507471,46.30654442,7.88103677,backbone,
valais:RE:8501609-8507473,4,Ausserberg,ch:1:sloid:7472,8507472,46.31234631,7.84416991,backbone,
valais:RE:8501609-8507473,5,Hohtenn,ch:1:sloid:7473,8507473,46.32245937,7.7640851,backbone,
verein-dampfbahn-bern:R:8508187-8508272,1,Huttwil,ch:1:sloid:8187,8508187,47.11449111,7.84260684,backbone,
verein-dampfbahn-bern:R:8508187-8508272,2,Huttwil Sportzentrum,ch:1:sloid:8194,8508194,47.11091468,7.8299406,backbone,
verein-dampfbahn-bern:R:8508187-8508272,3,Dürrenroth,ch:1:sloid:8278,8508278,47.09130422,7.79201372,backbone,
verein-dampfbahn-bern:R:8508187-8508272,4,Mussachen,ch:1:sloid:8287,8508287,47.09013605,7.77303232,backbone,
verein-dampfbahn-bern:R:8508187-8508272,5,Häusernmoos,ch:1:sloid:8276,8508276,47.07858138,7.74968511,backbone,
verein-dampfbahn-bern:R:8508187-8508272,6,Affoltern-Weier,ch:1:sloid:8275,8508275,47.06191476,7.74985579,backbone,
verein-dampfbahn-bern:R:8508187-8508272,7,Griesbach,ch:1:sloid:8286,8508286,47.04432473,7.74208536,backbone,
verein-dampfbahn-bern:R:8508187-8508272,8,Gammenthal,ch:1:sloid:8285,8508285,47.03505611,7.73788124,backbone,
verein-dampfbahn-bern:R:8508187-8508272,9,Sumiswald-Grünen,ch:1:sloid:8272,8508272,47.02544296,7.73715361,backbone,
verein-dampfbahn-bern:R:8508187-8508272,10,Ei im Emmental,ch:1:sloid:18400,8518400,47.02762291,7.75589247,backbone,
verein-dampfbahn-bern:R:8508187-8508272,11,Oberei bei Wasen i.E.,ch:1:sloid:6521,8506521,47.04341875,7.77702084,backbone,
verein-dampfbahn-bern:R:8508187-8508272,12,Wasen i.E.,ch:1:sloid:8273,8508273,47.04341875,7.79136694,backbone,
verkehrsbetriebe-biel:FUN-22,1,Biel/Bienne Magglingenb.(Funi),ch:1:sloid:4353,8504353,47.13632354,7.23564215,backbone,
verkehrsbetriebe-biel:FUN-22,2,Biel/Bienne Hohfluh,ch:1:sloid:4354,8504354,47.13734404,7.22788969,backbone,
verkehrsbetriebe-biel:FUN-22,3,Magglingen/Macolin,ch:1:sloid:4355,8504355,47.13911001,7.21445988,backbone,
verkehrsbetriebe-biel:FUN-23,1,Biel/Bienne Leubringenb.(Funi),ch:1:sloid:4350,8504350,47.14274565,7.24533497,backbone,
verkehrsbetriebe-biel:FUN-23,2,Biel/Bienne Beaumont,ch:1:sloid:4351,8504351,47.14620386,7.24223579,backbone,
verkehrsbetriebe-biel:FUN-23,3,Evilard/Leubringen,ch:1:sloid:4352,8504352,47.14960686,7.23916355,backbone,
verkehrsbetriebe-luzern-ag:FUN-2510,1,Luzern Gütsch (Talstation),ch:1:sloid:30357,8530357,47.05200655,8.29709149,backbone,
verkehrsbetriebe-luzern-ag:FUN-2510,2,"Luzern, Château Gütsch",ch:1:sloid:30358,8530358,47.05122924,8.29508825,backbone,
verkehrsbetriebe-zuerich:FUN-23,1,"Zürich, Rigiblick",ch:1:sloid:30473,8530473,47.38733032,8.55341678,backbone,
verkehrsbetriebe-zuerich:FUN-23,2,"Zürich, Germaniastrasse",ch:1:sloid:91156,8591156,47.38729991,8.55252744,backbone,
verkehrsbetriebe-zuerich:FUN-23,3,"Zürich, Hadlaubstrasse",ch:1:sloid:91171,8591171,47.3867951,8.55133268,backbone,
verkehrsbetriebe-zuerich:FUN-23,4,"Zürich, Goldauerstrasse",ch:1:sloid:91164,8591164,47.38620515,8.55015589,backbone,
verkehrsbetriebe-zuerich:FUN-23,5,"Zürich, Seilbahn Rigiblick",ch:1:sloid:91362,8591362,47.38591321,8.54836824,backbone,
verticalp-vallee-du-trient-sa:FUN:8501552-8530686,1,Les Montuires,ch:1:sloid:1552,8501552,46.06694063,6.94633073,backbone,
verticalp-vallee-du-trient-sa:FUN:8501552-8530686,2,Le Châtelard VS Funiculaire,ch:1:sloid:30686,8530686,46.06175481,6.95827833,backbone,
verticalp-vallee-du-trient-sa:FUN:8530823-8530832,1,Lac dEmosson Minifunic,ch:1:sloid:30823,8530823,46.06790045,6.9354701,backbone,
verticalp-vallee-du-trient-sa:FUN:8530823-8530832,2,Pied du barrage,ch:1:sloid:30832,8530832,46.06587483,6.93529044,backbone,
verticalp-vallee-du-trient-sa:R:8501552-8530832,1,Les Montuires,ch:1:sloid:1552,8501552,46.06694063,6.94633073,backbone,
verticalp-vallee-du-trient-sa:R:8501552-8530832,2,Pied du barrage,ch:1:sloid:30832,8530832,46.06587483,6.93529044,backbone,
wengernalpbahn:CC-63,1,Kleine Scheidegg,ch:1:sloid:7374,8507374,46.5847923,7.96012445,backbone,
wengernalpbahn:CC-63,2,Wengernalp,ch:1:sloid:7373,8507373,46.57556147,7.93894217,backbone,
wengernalpbahn:CC-63,3,Allmend,ch:1:sloid:7550,8507550,46.59403391,7.93197125,backbone,
wengernalpbahn:CC-63,4,Wengen,ch:1:sloid:7372,8507372,46.60490328,7.92100282,backbone,
wengernalpbahn:CC-63,5,Wengwald,ch:1:sloid:7555,8507555,46.60918624,7.91362765,backbone,
wengernalpbahn:CC-63,6,Lauterbrunnen,ch:1:sloid:7384,8507384,46.59842883,7.90809402,backbone,
wengernalpbahn:CC-64,1,Kleine Scheidegg,ch:1:sloid:7374,8507374,46.5847923,7.96012445,backbone,
wengernalpbahn:CC-64,2,Alpiglen,ch:1:sloid:7375,8507375,46.60010769,8.00190509,backbone,
wengernalpbahn:CC-64,3,Brandegg,ch:1:sloid:7552,8507552,46.60918007,8.0111757,backbone,
wengernalpbahn:CC-64,4,Grindelwald Grund,ch:1:sloid:7376,8507376,46.62265005,8.02332991,backbone,
wengernalpbahn:CC-64,5,Grindelwald,ch:1:sloid:7380,8507380,46.62435901,8.03331019,backbone,
zermatt-bergbahnen-ag:FUN-2290,1,Zermatt (Talstation Sunnegga),ch:1:sloid:30212,8530212,46.02242768,7.75226327,backbone,
zermatt-bergbahnen-ag:FUN-2290,2,Sunnegga,ch:1:sloid:30213,8530213,46.01730006,7.76999602,backbone,
zugerbergbahn:FUN-2566,1,Schönegg,ch:1:sloid:2291,8502291,47.151293,8.52118522,backbone,
zugerbergbahn:FUN-2566,2,Zugerberg,ch:1:sloid:2292,8502292,47.14408986,8.53282739,backbone,
